# Blender 5.2.2 LTS
# www.blender.org
mtllib QuasarBoard.mtl
o QuasarBoard
v 0.050000 1.650000 6.000000
v 0.049129 1.742301 6.000000
v 0.046425 1.794768 6.000000
v 0.041514 1.831046 6.000000
v 0.033148 1.852751 6.000000
v 0.000000 1.860000 6.000000
v -0.033148 1.852751 6.000000
v -0.041514 1.831046 6.000000
v -0.046425 1.794768 6.000000
v -0.049129 1.742301 6.000000
v -0.050000 1.650000 6.000000
v -0.049129 1.557699 6.000000
v -0.046425 1.505232 6.000000
v -0.041514 1.468954 6.000000
v -0.033148 1.447249 6.000000
v -0.000000 1.440000 6.000000
v 0.033148 1.447249 6.000000
v 0.041514 1.468954 6.000000
v 0.046425 1.505232 6.000000
v 0.049129 1.557699 6.000000
v 0.600213 1.380542 5.750000
v 0.589763 1.472843 5.750000
v 0.557302 1.525310 5.750000
v 0.498347 1.561588 5.750000
v 0.397923 1.583293 5.750000
v 0.000001 1.590542 5.750000
v -0.397923 1.583293 5.750000
v -0.498347 1.561588 5.750000
v -0.557302 1.525310 5.750000
v -0.589763 1.472843 5.750000
v -0.600213 1.380542 5.750000
v -0.589763 1.288241 5.750000
v -0.557302 1.235774 5.750000
v -0.498347 1.199496 5.750000
v -0.397923 1.177791 5.750000
v -0.000002 1.170542 5.750000
v 0.397923 1.177791 5.750000
v 0.498347 1.199496 5.750000
v 0.557302 1.235774 5.750000
v 0.589763 1.288241 5.750000
v 0.814934 1.142344 5.500000
v 0.800746 1.234645 5.500000
v 0.756672 1.287112 5.500000
v 0.676626 1.323390 5.500000
v 0.540277 1.345095 5.500000
v 0.000002 1.352344 5.500000
v -0.540277 1.345095 5.500000
v -0.676626 1.323390 5.500000
v -0.756672 1.287112 5.500000
v -0.800746 1.234645 5.500000
v -0.814934 1.142344 5.500000
v -0.800746 1.050043 5.500000
v -0.756672 0.997576 5.500000
v -0.676626 0.961298 5.500000
v -0.540277 0.939592 5.500000
v -0.000003 0.932344 5.500000
v 0.540277 0.939592 5.500000
v 0.676626 0.961298 5.500000
v 0.756672 0.997576 5.500000
v 0.800746 1.050043 5.500000
v 0.970708 0.935405 5.250000
v 0.953808 1.027706 5.250000
v 0.901309 1.080173 5.250000
v 0.805963 1.116451 5.250000
v 0.643550 1.138156 5.250000
v 0.000002 1.145405 5.250000
v -0.643550 1.138156 5.250000
v -0.805963 1.116451 5.250000
v -0.901309 1.080173 5.250000
v -0.953808 1.027706 5.250000
v -0.970708 0.935405 5.250000
v -0.953808 0.843104 5.250000
v -0.901309 0.790637 5.250000
v -0.805963 0.754359 5.250000
v -0.643550 0.732654 5.250000
v -0.000003 0.725405 5.250000
v 0.643550 0.732654 5.250000
v 0.805963 0.754359 5.250000
v 0.901309 0.790637 5.250000
v 0.953808 0.843104 5.250000
v 1.094519 0.759726 5.000000
v 1.075463 0.852027 5.000000
v 1.016268 0.904494 5.000000
v 0.908761 0.940772 5.000000
v 0.725633 0.962477 5.000000
v 0.000002 0.969726 5.000000
v -0.725633 0.962477 5.000000
v -0.908761 0.940772 5.000000
v -1.016268 0.904494 5.000000
v -1.075463 0.852027 5.000000
v -1.094519 0.759726 5.000000
v -1.075463 0.667425 5.000000
v -1.016268 0.614958 5.000000
v -0.908761 0.578680 5.000000
v -0.725633 0.556975 5.000000
v -0.000003 0.549726 5.000000
v 0.725633 0.556975 5.000000
v 0.908761 0.578680 5.000000
v 1.016268 0.614958 5.000000
v 1.075463 0.667425 5.000000
v 1.197007 0.615307 4.750000
v 1.176167 0.707608 4.750000
v 1.111430 0.760075 4.750000
v 0.993856 0.796353 4.750000
v 0.793580 0.818058 4.750000
v 0.000003 0.825307 4.750000
v -0.793580 0.818058 4.750000
v -0.993856 0.796353 4.750000
v -1.111430 0.760075 4.750000
v -1.176167 0.707608 4.750000
v -1.197007 0.615307 4.750000
v -1.176167 0.523006 4.750000
v -1.111430 0.470539 4.750000
v -0.993856 0.434260 4.750000
v -0.793580 0.412555 4.750000
v -0.000004 0.405307 4.750000
v 0.793580 0.412555 4.750000
v 0.993856 0.434260 4.750000
v 1.111430 0.470539 4.750000
v 1.176167 0.523006 4.750000
v 1.283731 0.502147 4.500000
v 1.261381 0.594448 4.500000
v 1.191953 0.646915 4.500000
v 1.065861 0.683193 4.500000
v 0.851075 0.704898 4.500000
v 0.000003 0.712147 4.500000
v -0.851075 0.704898 4.500000
v -1.065861 0.683193 4.500000
v -1.191953 0.646915 4.500000
v -1.261381 0.594448 4.500000
v -1.283731 0.502147 4.500000
v -1.261381 0.409846 4.500000
v -1.191953 0.357379 4.500000
v -1.065861 0.321101 4.500000
v -0.851075 0.299395 4.500000
v -0.000004 0.292147 4.500000
v 0.851075 0.299395 4.500000
v 1.065861 0.321101 4.500000
v 1.191953 0.357379 4.500000
v 1.261381 0.409846 4.500000
v 1.358050 0.420247 4.250000
v 1.334406 0.512548 4.250000
v 1.260959 0.565015 4.250000
v 1.127567 0.601293 4.250000
v 0.900346 0.622998 4.250000
v 0.000003 0.630247 4.250000
v -0.900346 0.622998 4.250000
v -1.127567 0.601293 4.250000
v -1.260959 0.565015 4.250000
v -1.334406 0.512548 4.250000
v -1.358050 0.420247 4.250000
v -1.334406 0.327946 4.250000
v -1.260959 0.275479 4.250000
v -1.127567 0.239200 4.250000
v -0.900346 0.217495 4.250000
v -0.000004 0.210247 4.250000
v 0.900346 0.217495 4.250000
v 1.127567 0.239200 4.250000
v 1.260959 0.275479 4.250000
v 1.334406 0.327946 4.250000
v 1.422198 0.369606 4.000000
v 1.397437 0.461907 4.000000
v 1.320521 0.514374 4.000000
v 1.180828 0.550652 4.000000
v 0.942875 0.572357 4.000000
v 0.000003 0.579606 4.000000
v -0.942875 0.572357 4.000000
v -1.180828 0.550652 4.000000
v -1.320521 0.514374 4.000000
v -1.397437 0.461907 4.000000
v -1.422198 0.369606 4.000000
v -1.397437 0.277305 4.000000
v -1.320521 0.224838 4.000000
v -1.180828 0.188560 4.000000
v -0.942875 0.166855 4.000000
v -0.000004 0.159606 4.000000
v 0.942875 0.166855 4.000000
v 1.180828 0.188560 4.000000
v 1.320521 0.224838 4.000000
v 1.397437 0.277305 4.000000
v 1.477760 0.350225 3.750000
v 1.452031 0.442526 3.750000
v 1.372110 0.494993 3.750000
v 1.226960 0.531271 3.750000
v 0.979710 0.552976 3.750000
v 0.000003 0.560225 3.750000
v -0.979710 0.552976 3.750000
v -1.226960 0.531271 3.750000
v -1.372110 0.494993 3.750000
v -1.452031 0.442526 3.750000
v -1.477760 0.350225 3.750000
v -1.452031 0.257924 3.750000
v -1.372110 0.205457 3.750000
v -1.226960 0.169179 3.750000
v -0.979710 0.147474 3.750000
v -0.000005 0.140225 3.750000
v 0.979710 0.147474 3.750000
v 1.226960 0.169179 3.750000
v 1.372110 0.205457 3.750000
v 1.452031 0.257924 3.750000
v 1.525915 0.350000 3.500000
v 1.499349 0.442301 3.500000
v 1.416823 0.494768 3.500000
v 1.266943 0.531046 3.500000
v 1.011636 0.552751 3.500000
v 0.000003 0.560000 3.500000
v -1.011636 0.552751 3.500000
v -1.266943 0.531046 3.500000
v -1.416823 0.494768 3.500000
v -1.499349 0.442301 3.500000
v -1.525915 0.350000 3.500000
v -1.499349 0.257699 3.500000
v -1.416823 0.205232 3.500000
v -1.266943 0.168954 3.500000
v -1.011636 0.147249 3.500000
v -0.000005 0.140000 3.500000
v 1.011636 0.147249 3.500000
v 1.266943 0.168954 3.500000
v 1.416823 0.205232 3.500000
v 1.499349 0.257699 3.500000
v 1.567580 0.350000 3.250000
v 1.540288 0.442301 3.250000
v 1.455509 0.494768 3.250000
v 1.301536 0.531046 3.250000
v 1.039258 0.552751 3.250000
v 0.000003 0.560000 3.250000
v -1.039258 0.552751 3.250000
v -1.301536 0.531046 3.250000
v -1.455509 0.494768 3.250000
v -1.540288 0.442301 3.250000
v -1.567580 0.350000 3.250000
v -1.540288 0.257699 3.250000
v -1.455509 0.205232 3.250000
v -1.301536 0.168954 3.250000
v -1.039258 0.147249 3.250000
v -0.000005 0.140000 3.250000
v 1.039258 0.147249 3.250000
v 1.301536 0.168954 3.250000
v 1.455509 0.205232 3.250000
v 1.540288 0.257699 3.250000
v 1.603489 0.350000 3.000000
v 1.575572 0.442301 3.000000
v 1.488851 0.494768 3.000000
v 1.331351 0.531046 3.000000
v 1.063065 0.552751 3.000000
v 0.000003 0.560000 3.000000
v -1.063065 0.552751 3.000000
v -1.331351 0.531046 3.000000
v -1.488851 0.494768 3.000000
v -1.575572 0.442301 3.000000
v -1.603489 0.350000 3.000000
v -1.575572 0.257699 3.000000
v -1.488851 0.205232 3.000000
v -1.331351 0.168954 3.000000
v -1.063065 0.147249 3.000000
v -0.000005 0.140000 3.000000
v 1.063065 0.147249 3.000000
v 1.331351 0.168954 3.000000
v 1.488851 0.205232 3.000000
v 1.575572 0.257699 3.000000
v 1.634247 0.350000 2.750000
v 1.605794 0.442301 2.750000
v 1.517409 0.494768 2.750000
v 1.356888 0.531046 2.750000
v 1.083456 0.552751 2.750000
v 0.000003 0.560000 2.750000
v -1.083456 0.552751 2.750000
v -1.356888 0.531046 2.750000
v -1.517409 0.494768 2.750000
v -1.605794 0.442301 2.750000
v -1.634247 0.350000 2.750000
v -1.605794 0.257699 2.750000
v -1.517409 0.205232 2.750000
v -1.356888 0.168954 2.750000
v -1.083456 0.147249 2.750000
v -0.000005 0.140000 2.750000
v 1.083456 0.147249 2.750000
v 1.356888 0.168954 2.750000
v 1.517409 0.205232 2.750000
v 1.605794 0.257699 2.750000
v 1.660366 0.350000 2.500000
v 1.631459 0.442301 2.500000
v 1.541662 0.494768 2.500000
v 1.378575 0.531046 2.500000
v 1.100773 0.552751 2.500000
v 0.000004 0.560000 2.500000
v -1.100773 0.552751 2.500000
v -1.378575 0.531046 2.500000
v -1.541662 0.494768 2.500000
v -1.631459 0.442301 2.500000
v -1.660366 0.350000 2.500000
v -1.631459 0.257699 2.500000
v -1.541662 0.205232 2.500000
v -1.378575 0.168954 2.500000
v -1.100773 0.147249 2.500000
v -0.000005 0.140000 2.500000
v 1.100773 0.147249 2.500000
v 1.378575 0.168954 2.500000
v 1.541662 0.205232 2.500000
v 1.631459 0.257699 2.500000
v 1.682293 0.350000 2.250000
v 1.653003 0.442301 2.250000
v 1.562020 0.494768 2.250000
v 1.396780 0.531046 2.250000
v 1.115309 0.552751 2.250000
v 0.000004 0.560000 2.250000
v -1.115309 0.552751 2.250000
v -1.396780 0.531046 2.250000
v -1.562020 0.494768 2.250000
v -1.653003 0.442301 2.250000
v -1.682293 0.350000 2.250000
v -1.653003 0.257699 2.250000
v -1.562020 0.205232 2.250000
v -1.396780 0.168954 2.250000
v -1.115309 0.147249 2.250000
v -0.000005 0.140000 2.250000
v 1.115309 0.147249 2.250000
v 1.396780 0.168954 2.250000
v 1.562020 0.205232 2.250000
v 1.653003 0.257699 2.250000
v 1.700423 0.350000 2.000000
v 1.670818 0.442301 2.000000
v 1.578854 0.494768 2.000000
v 1.411833 0.531046 2.000000
v 1.127329 0.552751 2.000000
v 0.000004 0.560000 2.000000
v -1.127329 0.552751 2.000000
v -1.411833 0.531046 2.000000
v -1.578854 0.494768 2.000000
v -1.670818 0.442301 2.000000
v -1.700423 0.350000 2.000000
v -1.670818 0.257699 2.000000
v -1.578854 0.205232 2.000000
v -1.411833 0.168954 2.000000
v -1.127329 0.147249 2.000000
v -0.000005 0.140000 2.000000
v 1.127329 0.147249 2.000000
v 1.411833 0.168954 2.000000
v 1.578854 0.205232 2.000000
v 1.670818 0.257699 2.000000
v 1.715118 0.350000 1.750000
v 1.685257 0.442301 1.750000
v 1.592499 0.494768 1.750000
v 1.424034 0.531046 1.750000
v 1.137072 0.552751 1.750000
v 0.000004 0.560000 1.750000
v -1.137072 0.552751 1.750000
v -1.424034 0.531046 1.750000
v -1.592499 0.494768 1.750000
v -1.685257 0.442301 1.750000
v -1.715118 0.350000 1.750000
v -1.685257 0.257699 1.750000
v -1.592499 0.205232 1.750000
v -1.424034 0.168954 1.750000
v -1.137072 0.147249 1.750000
v -0.000005 0.140000 1.750000
v 1.137072 0.147249 1.750000
v 1.424034 0.168954 1.750000
v 1.592499 0.205232 1.750000
v 1.685257 0.257699 1.750000
v 1.726717 0.350000 1.500000
v 1.696654 0.442301 1.500000
v 1.603268 0.494768 1.500000
v 1.433665 0.531046 1.500000
v 1.144761 0.552751 1.500000
v 0.000004 0.560000 1.500000
v -1.144761 0.552751 1.500000
v -1.433665 0.531046 1.500000
v -1.603268 0.494768 1.500000
v -1.696654 0.442301 1.500000
v -1.726717 0.350000 1.500000
v -1.696654 0.257699 1.500000
v -1.603268 0.205232 1.500000
v -1.433665 0.168954 1.500000
v -1.144761 0.147249 1.500000
v -0.000005 0.140000 1.500000
v 1.144761 0.147249 1.500000
v 1.433665 0.168954 1.500000
v 1.603268 0.205232 1.500000
v 1.696654 0.257699 1.500000
v 1.735544 0.350000 1.250000
v 1.705328 0.442301 1.250000
v 1.611465 0.494768 1.250000
v 1.440994 0.531046 1.250000
v 1.150614 0.552751 1.250000
v 0.000004 0.560000 1.250000
v -1.150614 0.552751 1.250000
v -1.440994 0.531046 1.250000
v -1.611465 0.494768 1.250000
v -1.705328 0.442301 1.250000
v -1.735544 0.350000 1.250000
v -1.705328 0.257699 1.250000
v -1.611465 0.205232 1.250000
v -1.440994 0.168954 1.250000
v -1.150614 0.147249 1.250000
v -0.000005 0.140000 1.250000
v 1.150614 0.147249 1.250000
v 1.440994 0.168954 1.250000
v 1.611465 0.205232 1.250000
v 1.705328 0.257699 1.250000
v 1.741923 0.350000 1.000000
v 1.711595 0.442301 1.000000
v 1.617388 0.494768 1.000000
v 1.446290 0.531046 1.000000
v 1.154842 0.552751 1.000000
v 0.000004 0.560000 1.000000
v -1.154842 0.552751 1.000000
v -1.446290 0.531046 1.000000
v -1.617388 0.494768 1.000000
v -1.711595 0.442301 1.000000
v -1.741923 0.350000 1.000000
v -1.711595 0.257699 1.000000
v -1.617388 0.205232 1.000000
v -1.446290 0.168954 1.000000
v -1.154842 0.147249 1.000000
v -0.000005 0.140000 1.000000
v 1.154842 0.147249 1.000000
v 1.446290 0.168954 1.000000
v 1.617388 0.205232 1.000000
v 1.711595 0.257699 1.000000
v 1.746182 0.350000 0.750000
v 1.715780 0.442301 0.750000
v 1.621342 0.494768 0.750000
v 1.449826 0.531046 0.750000
v 1.157666 0.552751 0.750000
v 0.000004 0.560000 0.750000
v -1.157666 0.552751 0.750000
v -1.449826 0.531046 0.750000
v -1.621342 0.494768 0.750000
v -1.715780 0.442301 0.750000
v -1.746182 0.350000 0.750000
v -1.715780 0.257699 0.750000
v -1.621342 0.205232 0.750000
v -1.449826 0.168954 0.750000
v -1.157666 0.147249 0.750000
v -0.000005 0.140000 0.750000
v 1.157666 0.147249 0.750000
v 1.449826 0.168954 0.750000
v 1.621342 0.205232 0.750000
v 1.715780 0.257699 0.750000
v 1.748670 0.350000 0.500000
v 1.718226 0.442301 0.500000
v 1.623653 0.494768 0.500000
v 1.451893 0.531046 0.500000
v 1.159316 0.552751 0.500000
v 0.000004 0.560000 0.500000
v -1.159316 0.552751 0.500000
v -1.451893 0.531046 0.500000
v -1.623653 0.494768 0.500000
v -1.718226 0.442301 0.500000
v -1.748670 0.350000 0.500000
v -1.718226 0.257699 0.500000
v -1.623653 0.205232 0.500000
v -1.451893 0.168954 0.500000
v -1.159316 0.147249 0.500000
v -0.000005 0.140000 0.500000
v 1.159316 0.147249 0.500000
v 1.451893 0.168954 0.500000
v 1.623653 0.205232 0.500000
v 1.718226 0.257699 0.500000
v 1.749781 0.350000 0.250000
v 1.719317 0.442301 0.250000
v 1.624684 0.494768 0.250000
v 1.452815 0.531046 0.250000
v 1.160052 0.552751 0.250000
v 0.000004 0.560000 0.250000
v -1.160052 0.552751 0.250000
v -1.452815 0.531046 0.250000
v -1.624684 0.494768 0.250000
v -1.719317 0.442301 0.250000
v -1.749781 0.350000 0.250000
v -1.719317 0.257699 0.250000
v -1.624684 0.205232 0.250000
v -1.452815 0.168954 0.250000
v -1.160052 0.147249 0.250000
v -0.000005 0.140000 0.250000
v 1.160052 0.147249 0.250000
v 1.452815 0.168954 0.250000
v 1.624684 0.205232 0.250000
v 1.719317 0.257699 0.250000
v 1.814000 0.350000 0.000000
v 1.782418 0.442301 0.000000
v 1.684312 0.494768 0.000000
v 1.506135 0.531046 0.000000
v 1.202627 0.552751 0.000000
v 0.000004 0.560000 0.000000
v -1.202627 0.552751 0.000000
v -1.506135 0.531046 0.000000
v -1.684312 0.494768 0.000000
v -1.782418 0.442301 0.000000
v -1.814000 0.350000 0.000000
v -1.782418 0.257699 0.000000
v -1.684312 0.205232 0.000000
v -1.506135 0.168954 0.000000
v -1.202627 0.147249 0.000000
v -0.000006 0.140000 0.000000
v 1.202627 0.147249 0.000000
v 1.506135 0.168954 0.000000
v 1.684312 0.205232 0.000000
v 1.782418 0.257699 0.000000
v 1.814000 0.350000 -0.250000
v 1.782418 0.442301 -0.250000
v 1.684312 0.494768 -0.250000
v 1.506135 0.531046 -0.250000
v 1.202627 0.552751 -0.250000
v 0.000004 0.560000 -0.250000
v -1.202627 0.552751 -0.250000
v -1.506135 0.531046 -0.250000
v -1.684312 0.494768 -0.250000
v -1.782418 0.442301 -0.250000
v -1.814000 0.350000 -0.250000
v -1.782418 0.257699 -0.250000
v -1.684312 0.205232 -0.250000
v -1.506135 0.168954 -0.250000
v -1.202627 0.147249 -0.250000
v -0.000006 0.140000 -0.250000
v 1.202627 0.147249 -0.250000
v 1.506135 0.168954 -0.250000
v 1.684312 0.205232 -0.250000
v 1.782418 0.257699 -0.250000
v 1.814000 0.350000 -0.500000
v 1.782418 0.442301 -0.500000
v 1.684311 0.494768 -0.500000
v 1.506135 0.531046 -0.500000
v 1.202627 0.552751 -0.500000
v 0.000004 0.560000 -0.500000
v -1.202627 0.552751 -0.500000
v -1.506135 0.531046 -0.500000
v -1.684311 0.494768 -0.500000
v -1.782418 0.442301 -0.500000
v -1.814000 0.350000 -0.500000
v -1.782418 0.257699 -0.500000
v -1.684311 0.205232 -0.500000
v -1.506135 0.168954 -0.500000
v -1.202627 0.147249 -0.500000
v -0.000006 0.140000 -0.500000
v 1.202627 0.147249 -0.500000
v 1.506135 0.168954 -0.500000
v 1.684311 0.205232 -0.500000
v 1.782418 0.257699 -0.500000
v 1.813997 0.350000 -0.750000
v 1.782415 0.442301 -0.750000
v 1.684309 0.494768 -0.750000
v 1.506132 0.531046 -0.750000
v 1.202626 0.552751 -0.750000
v 0.000004 0.560000 -0.750000
v -1.202626 0.552751 -0.750000
v -1.506132 0.531046 -0.750000
v -1.684309 0.494768 -0.750000
v -1.782415 0.442301 -0.750000
v -1.813997 0.350000 -0.750000
v -1.782415 0.257699 -0.750000
v -1.684309 0.205232 -0.750000
v -1.506132 0.168954 -0.750000
v -1.202626 0.147249 -0.750000
v -0.000006 0.140000 -0.750000
v 1.202626 0.147249 -0.750000
v 1.506132 0.168954 -0.750000
v 1.684309 0.205232 -0.750000
v 1.782415 0.257699 -0.750000
v 1.813983 0.350000 -1.000000
v 1.782401 0.442301 -1.000000
v 1.684296 0.494768 -1.000000
v 1.506121 0.531046 -1.000000
v 1.202616 0.552751 -1.000000
v 0.000004 0.560000 -1.000000
v -1.202616 0.552751 -1.000000
v -1.506121 0.531046 -1.000000
v -1.684296 0.494768 -1.000000
v -1.782401 0.442301 -1.000000
v -1.813983 0.350000 -1.000000
v -1.782401 0.257699 -1.000000
v -1.684296 0.205232 -1.000000
v -1.506121 0.168954 -1.000000
v -1.202616 0.147249 -1.000000
v -0.000006 0.140000 -1.000000
v 1.202616 0.147249 -1.000000
v 1.506121 0.168954 -1.000000
v 1.684296 0.205232 -1.000000
v 1.782401 0.257699 -1.000000
v 1.813936 0.350000 -1.250000
v 1.782355 0.442301 -1.250000
v 1.684252 0.494768 -1.250000
v 1.506082 0.531046 -1.250000
v 1.202585 0.552751 -1.250000
v 0.000004 0.560000 -1.250000
v -1.202585 0.552751 -1.250000
v -1.506082 0.531046 -1.250000
v -1.684252 0.494768 -1.250000
v -1.782355 0.442301 -1.250000
v -1.813936 0.350000 -1.250000
v -1.782355 0.257699 -1.250000
v -1.684252 0.205232 -1.250000
v -1.506082 0.168954 -1.250000
v -1.202585 0.147249 -1.250000
v -0.000006 0.140000 -1.250000
v 1.202585 0.147249 -1.250000
v 1.506082 0.168954 -1.250000
v 1.684252 0.205232 -1.250000
v 1.782355 0.257699 -1.250000
v 1.813809 0.350000 -1.500000
v 1.782230 0.442301 -1.500000
v 1.684134 0.494768 -1.500000
v 1.505976 0.531046 -1.500000
v 1.202501 0.552751 -1.500000
v 0.000004 0.560000 -1.500000
v -1.202501 0.552751 -1.500000
v -1.505976 0.531046 -1.500000
v -1.684134 0.494768 -1.500000
v -1.782230 0.442301 -1.500000
v -1.813809 0.350000 -1.500000
v -1.782230 0.257699 -1.500000
v -1.684134 0.205232 -1.500000
v -1.505976 0.168954 -1.500000
v -1.202501 0.147249 -1.500000
v -0.000006 0.140000 -1.500000
v 1.202501 0.147249 -1.500000
v 1.505976 0.168954 -1.500000
v 1.684134 0.205232 -1.500000
v 1.782230 0.257699 -1.500000
v 1.813519 0.350000 -1.750000
v 1.781945 0.442301 -1.750000
v 1.683865 0.494768 -1.750000
v 1.505735 0.531046 -1.750000
v 1.202308 0.552751 -1.750000
v 0.000004 0.560000 -1.750000
v -1.202308 0.552751 -1.750000
v -1.505735 0.531046 -1.750000
v -1.683865 0.494768 -1.750000
v -1.781945 0.442301 -1.750000
v -1.813519 0.350000 -1.750000
v -1.781945 0.257699 -1.750000
v -1.683865 0.205232 -1.750000
v -1.505735 0.168954 -1.750000
v -1.202308 0.147249 -1.750000
v -0.000006 0.140000 -1.750000
v 1.202308 0.147249 -1.750000
v 1.505735 0.168954 -1.750000
v 1.683865 0.205232 -1.750000
v 1.781945 0.257699 -1.750000
v 1.812927 0.350000 -2.000000
v 1.781363 0.442301 -2.000000
v 1.683315 0.494768 -2.000000
v 1.505244 0.531046 -2.000000
v 1.201916 0.552751 -2.000000
v 0.000004 0.560000 -2.000000
v -1.201916 0.552751 -2.000000
v -1.505244 0.531046 -2.000000
v -1.683315 0.494768 -2.000000
v -1.781363 0.442301 -2.000000
v -1.812927 0.350000 -2.000000
v -1.781363 0.257699 -2.000000
v -1.683315 0.205232 -2.000000
v -1.505244 0.168954 -2.000000
v -1.201916 0.147249 -2.000000
v -0.000006 0.140000 -2.000000
v 1.201916 0.147249 -2.000000
v 1.505244 0.168954 -2.000000
v 1.683315 0.205232 -2.000000
v 1.781363 0.257699 -2.000000
v 1.811824 0.350000 -2.250000
v 1.780279 0.442301 -2.250000
v 1.682291 0.494768 -2.250000
v 1.504328 0.531046 -2.250000
v 1.201185 0.552751 -2.250000
v 0.000004 0.560000 -2.250000
v -1.201185 0.552751 -2.250000
v -1.504328 0.531046 -2.250000
v -1.682291 0.494768 -2.250000
v -1.780279 0.442301 -2.250000
v -1.811824 0.350000 -2.250000
v -1.780279 0.257699 -2.250000
v -1.682291 0.205232 -2.250000
v -1.504328 0.168954 -2.250000
v -1.201185 0.147249 -2.250000
v -0.000006 0.140000 -2.250000
v 1.201185 0.147249 -2.250000
v 1.504328 0.168954 -2.250000
v 1.682291 0.205232 -2.250000
v 1.780279 0.257699 -2.250000
v 1.809903 0.350000 -2.500000
v 1.778392 0.442301 -2.500000
v 1.680507 0.494768 -2.500000
v 1.502733 0.531046 -2.500000
v 1.199911 0.552751 -2.500000
v 0.000004 0.560000 -2.500000
v -1.199911 0.552751 -2.500000
v -1.502733 0.531046 -2.500000
v -1.680507 0.494768 -2.500000
v -1.778392 0.442301 -2.500000
v -1.809903 0.350000 -2.500000
v -1.778392 0.257699 -2.500000
v -1.680507 0.205232 -2.500000
v -1.502733 0.168954 -2.500000
v -1.199911 0.147249 -2.500000
v -0.000006 0.140000 -2.500000
v 1.199911 0.147249 -2.500000
v 1.502733 0.168954 -2.500000
v 1.680507 0.205232 -2.500000
v 1.778392 0.257699 -2.500000
v 1.806734 0.350000 -2.750000
v 1.775278 0.442301 -2.750000
v 1.677565 0.494768 -2.750000
v 1.500102 0.531046 -2.750000
v 1.197810 0.552751 -2.750000
v 0.000004 0.560000 -2.750000
v -1.197810 0.552751 -2.750000
v -1.500102 0.531046 -2.750000
v -1.677565 0.494768 -2.750000
v -1.775278 0.442301 -2.750000
v -1.806734 0.350000 -2.750000
v -1.775278 0.257699 -2.750000
v -1.677565 0.205232 -2.750000
v -1.500102 0.168954 -2.750000
v -1.197810 0.147249 -2.750000
v -0.000006 0.140000 -2.750000
v 1.197810 0.147249 -2.750000
v 1.500102 0.168954 -2.750000
v 1.677565 0.205232 -2.750000
v 1.775278 0.257699 -2.750000
v 1.801733 0.350000 -3.000000
v 1.770364 0.442301 -3.000000
v 1.672922 0.494768 -3.000000
v 1.495950 0.531046 -3.000000
v 1.194495 0.552751 -3.000000
v 0.000004 0.560000 -3.000000
v -1.194495 0.552751 -3.000000
v -1.495950 0.531046 -3.000000
v -1.672922 0.494768 -3.000000
v -1.770364 0.442301 -3.000000
v -1.801733 0.350000 -3.000000
v -1.770364 0.257699 -3.000000
v -1.672922 0.205232 -3.000000
v -1.495950 0.168954 -3.000000
v -1.194495 0.147249 -3.000000
v -0.000006 0.140000 -3.000000
v 1.194495 0.147249 -3.000000
v 1.495950 0.168954 -3.000000
v 1.672922 0.205232 -3.000000
v 1.770364 0.257699 -3.000000
v 1.794122 0.350000 -3.250000
v 1.762886 0.442301 -3.250000
v 1.665855 0.494768 -3.250000
v 1.489631 0.531046 -3.250000
v 1.189449 0.552751 -3.250000
v 0.000004 0.560000 -3.250000
v -1.189449 0.552751 -3.250000
v -1.489631 0.531046 -3.250000
v -1.665855 0.494768 -3.250000
v -1.762886 0.442301 -3.250000
v -1.794122 0.350000 -3.250000
v -1.762886 0.257699 -3.250000
v -1.665855 0.205232 -3.250000
v -1.489631 0.168954 -3.250000
v -1.189449 0.147249 -3.250000
v -0.000006 0.140000 -3.250000
v 1.189449 0.147249 -3.250000
v 1.489631 0.168954 -3.250000
v 1.665855 0.205232 -3.250000
v 1.762886 0.257699 -3.250000
v 1.782879 0.350000 -3.500000
v 1.751839 0.442301 -3.500000
v 1.655416 0.494768 -3.500000
v 1.480296 0.531046 -3.500000
v 1.181995 0.552751 -3.500000
v 0.000004 0.560000 -3.500000
v -1.181995 0.552751 -3.500000
v -1.480296 0.531046 -3.500000
v -1.655416 0.494768 -3.500000
v -1.751839 0.442301 -3.500000
v -1.782879 0.350000 -3.500000
v -1.751839 0.257699 -3.500000
v -1.655416 0.205232 -3.500000
v -1.480296 0.168954 -3.500000
v -1.181995 0.147249 -3.500000
v -0.000006 0.140000 -3.500000
v 1.181995 0.147249 -3.500000
v 1.480296 0.168954 -3.500000
v 1.655416 0.205232 -3.500000
v 1.751839 0.257699 -3.500000
v 1.766673 0.350000 -3.750000
v 1.735915 0.442301 -3.750000
v 1.640368 0.494768 -3.750000
v 1.466840 0.531046 -3.750000
v 1.171251 0.552751 -3.750000
v 0.000004 0.560000 -3.750000
v -1.171251 0.552751 -3.750000
v -1.466840 0.531046 -3.750000
v -1.640368 0.494768 -3.750000
v -1.735915 0.442301 -3.750000
v -1.766673 0.350000 -3.750000
v -1.735915 0.257699 -3.750000
v -1.640368 0.205232 -3.750000
v -1.466840 0.168954 -3.750000
v -1.171251 0.147249 -3.750000
v -0.000005 0.140000 -3.750000
v 1.171251 0.147249 -3.750000
v 1.466840 0.168954 -3.750000
v 1.640368 0.205232 -3.750000
v 1.735915 0.257699 -3.750000
v 1.743770 0.350000 -4.000000
v 1.713411 0.442301 -4.000000
v 1.619103 0.494768 -4.000000
v 1.447824 0.531046 -4.000000
v 1.156067 0.552751 -4.000000
v 0.000004 0.560000 -4.000000
v -1.156067 0.552751 -4.000000
v -1.447824 0.531046 -4.000000
v -1.619103 0.494768 -4.000000
v -1.713411 0.442301 -4.000000
v -1.743770 0.350000 -4.000000
v -1.713411 0.257699 -4.000000
v -1.619103 0.205232 -4.000000
v -1.447824 0.168954 -4.000000
v -1.156067 0.147249 -4.000000
v -0.000005 0.140000 -4.000000
v 1.156067 0.147249 -4.000000
v 1.447824 0.168954 -4.000000
v 1.619103 0.205232 -4.000000
v 1.713411 0.257699 -4.000000
v 1.711895 0.350000 -4.250000
v 1.682091 0.442301 -4.250000
v 1.589507 0.494768 -4.250000
v 1.421359 0.531046 -4.250000
v 1.134935 0.552751 -4.250000
v 0.000004 0.560000 -4.250000
v -1.134935 0.552751 -4.250000
v -1.421359 0.531046 -4.250000
v -1.589507 0.494768 -4.250000
v -1.682091 0.442301 -4.250000
v -1.711895 0.350000 -4.250000
v -1.682091 0.257699 -4.250000
v -1.589507 0.205232 -4.250000
v -1.421359 0.168954 -4.250000
v -1.134935 0.147249 -4.250000
v -0.000005 0.140000 -4.250000
v 1.134935 0.147249 -4.250000
v 1.421359 0.168954 -4.250000
v 1.589507 0.205232 -4.250000
v 1.682091 0.257699 -4.250000
v 1.668007 0.350000 -4.500000
v 1.638966 0.442301 -4.500000
v 1.548756 0.494768 -4.500000
v 1.384919 0.531046 -4.500000
v 1.105838 0.552751 -4.500000
v 0.000004 0.560000 -4.500000
v -1.105838 0.552751 -4.500000
v -1.384919 0.531046 -4.500000
v -1.548756 0.494768 -4.500000
v -1.638966 0.442301 -4.500000
v -1.668007 0.350000 -4.500000
v -1.638966 0.257699 -4.500000
v -1.548756 0.205232 -4.500000
v -1.384919 0.168954 -4.500000
v -1.105838 0.147249 -4.500000
v -0.000005 0.140000 -4.500000
v 1.105838 0.147249 -4.500000
v 1.384919 0.168954 -4.500000
v 1.548756 0.205232 -4.500000
v 1.638966 0.257699 -4.500000
v 1.607908 0.362500 -4.750000
v 1.579914 0.454801 -4.750000
v 1.492954 0.507268 -4.750000
v 1.335020 0.543546 -4.750000
v 1.065995 0.565251 -4.750000
v 0.000003 0.572500 -4.750000
v -1.065995 0.565251 -4.750000
v -1.335020 0.543546 -4.750000
v -1.492954 0.507268 -4.750000
v -1.579914 0.454801 -4.750000
v -1.607908 0.362500 -4.750000
v -1.579914 0.270199 -4.750000
v -1.492954 0.217732 -4.750000
v -1.335020 0.181454 -4.750000
v -1.065995 0.159749 -4.750000
v -0.000005 0.152500 -4.750000
v 1.065995 0.159749 -4.750000
v 1.335020 0.181454 -4.750000
v 1.492954 0.217732 -4.750000
v 1.579914 0.270199 -4.750000
v 1.525501 0.400000 -5.000000
v 1.498942 0.492301 -5.000000
v 1.416439 0.544768 -5.000000
v 1.266599 0.581046 -5.000000
v 1.011361 0.602751 -5.000000
v 0.000003 0.610000 -5.000000
v -1.011361 0.602751 -5.000000
v -1.266599 0.581046 -5.000000
v -1.416439 0.544768 -5.000000
v -1.498942 0.492301 -5.000000
v -1.525501 0.400000 -5.000000
v -1.498942 0.307699 -5.000000
v -1.416439 0.255232 -5.000000
v -1.266599 0.218954 -5.000000
v -1.011361 0.197249 -5.000000
v -0.000005 0.190000 -5.000000
v 1.011361 0.197249 -5.000000
v 1.266599 0.218954 -5.000000
v 1.416439 0.255232 -5.000000
v 1.498942 0.307699 -5.000000
v 1.411163 0.462500 -5.250000
v 1.386594 0.554801 -5.250000
v 1.310275 0.607268 -5.250000
v 1.171666 0.643546 -5.250000
v 0.935559 0.665251 -5.250000
v 0.000003 0.672500 -5.250000
v -0.935559 0.665251 -5.250000
v -1.171666 0.643546 -5.250000
v -1.310275 0.607268 -5.250000
v -1.386594 0.554801 -5.250000
v -1.411163 0.462500 -5.250000
v -1.386594 0.370199 -5.250000
v -1.310275 0.317732 -5.250000
v -1.171666 0.281454 -5.250000
v -0.935559 0.259749 -5.250000
v -0.000004 0.252500 -5.250000
v 0.935559 0.259749 -5.250000
v 1.171666 0.281454 -5.250000
v 1.310275 0.317732 -5.250000
v 1.386594 0.370199 -5.250000
v 1.247420 0.550000 -5.500000
v 1.225702 0.642301 -5.500000
v 1.158238 0.694768 -5.500000
v 1.035712 0.731046 -5.500000
v 0.827002 0.752751 -5.500000
v 0.000003 0.760000 -5.500000
v -0.827002 0.752751 -5.500000
v -1.035712 0.731046 -5.500000
v -1.158238 0.694768 -5.500000
v -1.225702 0.642301 -5.500000
v -1.247420 0.550000 -5.500000
v -1.225702 0.457699 -5.500000
v -1.158238 0.405232 -5.500000
v -1.035712 0.368954 -5.500000
v -0.827002 0.347249 -5.500000
v -0.000004 0.340000 -5.500000
v 0.827002 0.347249 -5.500000
v 1.035712 0.368954 -5.500000
v 1.158238 0.405232 -5.500000
v 1.225702 0.457699 -5.500000
v 0.992465 0.662500 -5.750000
v 0.975186 0.754801 -5.750000
v 0.921510 0.807268 -5.750000
v 0.824027 0.843546 -5.750000
v 0.657974 0.865251 -5.750000
v 0.000002 0.872500 -5.750000
v -0.657974 0.865251 -5.750000
v -0.824027 0.843546 -5.750000
v -0.921510 0.807268 -5.750000
v -0.975186 0.754801 -5.750000
v -0.992465 0.662500 -5.750000
v -0.975186 0.570199 -5.750000
v -0.921510 0.517732 -5.750000
v -0.824027 0.481454 -5.750000
v -0.657974 0.459749 -5.750000
v -0.000003 0.452500 -5.750000
v 0.657974 0.459749 -5.750000
v 0.824027 0.481454 -5.750000
v 0.921510 0.517732 -5.750000
v 0.975186 0.570199 -5.750000
v 0.250000 0.800000 -6.000000
v 0.245647 0.892301 -6.000000
v 0.232127 0.944768 -6.000000
v 0.207571 0.981046 -6.000000
v 0.165742 1.002751 -6.000000
v 0.000001 1.010000 -6.000000
v -0.165742 1.002751 -6.000000
v -0.207571 0.981046 -6.000000
v -0.232127 0.944768 -6.000000
v -0.245647 0.892301 -6.000000
v -0.250000 0.800000 -6.000000
v -0.245647 0.707699 -6.000000
v -0.232127 0.655232 -6.000000
v -0.207571 0.618954 -6.000000
v -0.165742 0.597249 -6.000000
v -0.000001 0.590000 -6.000000
v 0.165742 0.597249 -6.000000
v 0.207571 0.618954 -6.000000
v 0.232127 0.655232 -6.000000
v 0.245647 0.707699 -6.000000
v 0.040000 1.880000 6.000000
v 0.038907 1.895315 6.000000
v 0.035431 1.903538 6.000000
v 0.028579 1.908383 6.000000
v 0.000000 1.910000 6.000000
v -0.028579 1.908383 6.000000
v -0.035431 1.903538 6.000000
v -0.038907 1.895315 6.000000
v -0.040000 1.880000 6.000000
v -0.038907 1.864685 6.000000
v -0.035431 1.856462 6.000000
v -0.028579 1.851617 6.000000
v -0.000000 1.850000 6.000000
v 0.028579 1.851617 6.000000
v 0.035431 1.856462 6.000000
v 0.038907 1.864685 6.000000
v 0.270685 1.560402 5.700000
v 0.263288 1.575716 5.700000
v 0.239764 1.583939 5.700000
v 0.193401 1.588784 5.700000
v 0.000001 1.590402 5.700000
v -0.193401 1.588784 5.700000
v -0.239764 1.583939 5.700000
v -0.263288 1.575716 5.700000
v -0.270685 1.560402 5.700000
v -0.263288 1.545087 5.700000
v -0.239764 1.536864 5.700000
v -0.193401 1.532019 5.700000
v -0.000001 1.530402 5.700000
v 0.193401 1.532019 5.700000
v 0.239764 1.536864 5.700000
v 0.263288 1.545087 5.700000
v 0.502167 1.285817 5.400000
v 0.488443 1.301132 5.400000
v 0.444804 1.309355 5.400000
v 0.358792 1.314200 5.400000
v 0.000001 1.315817 5.400000
v -0.358792 1.314200 5.400000
v -0.444804 1.309355 5.400000
v -0.488443 1.301132 5.400000
v -0.502167 1.285817 5.400000
v -0.488443 1.270502 5.400000
v -0.444804 1.262280 5.400000
v -0.358792 1.257435 5.400000
v -0.000002 1.255817 5.400000
v 0.358792 1.257435 5.400000
v 0.444804 1.262280 5.400000
v 0.488443 1.270502 5.400000
v 0.667983 1.056247 5.100000
v 0.649726 1.071561 5.100000
v 0.591677 1.079784 5.100000
v 0.477264 1.084629 5.100000
v 0.000001 1.086246 5.100000
v -0.477264 1.084629 5.100000
v -0.591677 1.079784 5.100000
v -0.649726 1.071561 5.100000
v -0.667983 1.056247 5.100000
v -0.649726 1.040932 5.100000
v -0.591677 1.032709 5.100000
v -0.477264 1.027864 5.100000
v -0.000002 1.026247 5.100000
v 0.477264 1.027864 5.100000
v 0.591677 1.032709 5.100000
v 0.649726 1.040932 5.100000
v 0.797907 0.871690 4.800000
v 0.776100 0.887004 4.800000
v 0.706760 0.895227 4.800000
v 0.570094 0.900072 4.800000
v 0.000002 0.901690 4.800000
v -0.570094 0.900072 4.800000
v -0.706760 0.895227 4.800000
v -0.776100 0.887004 4.800000
v -0.797907 0.871690 4.800000
v -0.776100 0.856375 4.800000
v -0.706760 0.848152 4.800000
v -0.570094 0.843307 4.800000
v -0.000002 0.841690 4.800000
v 0.570094 0.843307 4.800000
v 0.706760 0.848152 4.800000
v 0.776100 0.856375 4.800000
v 0.903731 0.732147 4.500000
v 0.879031 0.747462 4.500000
v 0.800495 0.755684 4.500000
v 0.645703 0.760529 4.500000
v 0.000002 0.762147 4.500000
v -0.645703 0.760529 4.500000
v -0.800495 0.755684 4.500000
v -0.879031 0.747462 4.500000
v -0.903731 0.732147 4.500000
v -0.879031 0.716832 4.500000
v -0.800495 0.708609 4.500000
v -0.645703 0.703764 4.500000
v -0.000003 0.702147 4.500000
v 0.645703 0.703764 4.500000
v 0.800495 0.708609 4.500000
v 0.879031 0.716832 4.500000
v 0.991635 0.637618 4.200000
v 0.964534 0.652932 4.200000
v 0.878358 0.661155 4.200000
v 0.708510 0.666000 4.200000
v 0.000002 0.667618 4.200000
v -0.708510 0.666000 4.200000
v -0.878358 0.661155 4.200000
v -0.964534 0.652932 4.200000
v -0.991635 0.637618 4.200000
v -0.964534 0.622303 4.200000
v -0.878358 0.614080 4.200000
v -0.708510 0.609235 4.200000
v -0.000003 0.607618 4.200000
v 0.708510 0.609235 4.200000
v 0.878358 0.614080 4.200000
v 0.964534 0.622303 4.200000
v 1.065380 0.588103 3.900000
v 1.036263 0.603417 3.900000
v 0.943679 0.611640 3.900000
v 0.761199 0.616485 3.900000
v 0.000002 0.618102 3.900000
v -0.761199 0.616485 3.900000
v -0.943679 0.611640 3.900000
v -1.036263 0.603417 3.900000
v -1.065380 0.588103 3.900000
v -1.036263 0.572788 3.900000
v -0.943679 0.564565 3.900000
v -0.761199 0.559720 3.900000
v -0.000003 0.558102 3.900000
v 0.761199 0.559720 3.900000
v 0.943679 0.564565 3.900000
v 1.036263 0.572788 3.900000
v 1.127478 0.580000 3.600000
v 1.096664 0.595315 3.600000
v 0.998684 0.603537 3.600000
v 0.805568 0.608383 3.600000
v 0.000002 0.610000 3.600000
v -0.805568 0.608383 3.600000
v -0.998684 0.603537 3.600000
v -1.096664 0.595315 3.600000
v -1.127478 0.580000 3.600000
v -1.096664 0.564685 3.600000
v -0.998684 0.556462 3.600000
v -0.805568 0.551617 3.600000
v -0.000004 0.550000 3.600000
v 0.805568 0.551617 3.600000
v 0.998684 0.556462 3.600000
v 1.096664 0.564685 3.600000
v 1.179729 0.580000 3.300000
v 1.147487 0.595315 3.300000
v 1.044966 0.603537 3.300000
v 0.842900 0.608383 3.300000
v 0.000002 0.610000 3.300000
v -0.842900 0.608383 3.300000
v -1.044966 0.603537 3.300000
v -1.147487 0.595315 3.300000
v -1.179729 0.580000 3.300000
v -1.147487 0.564685 3.300000
v -1.044966 0.556462 3.300000
v -0.842900 0.551617 3.300000
v -0.000004 0.550000 3.300000
v 0.842900 0.551617 3.300000
v 1.044966 0.556462 3.300000
v 1.147487 0.564685 3.300000
v 1.223489 0.580000 3.000000
v 1.190050 0.595315 3.000000
v 1.083727 0.603537 3.000000
v 0.874166 0.608383 3.000000
v 0.000003 0.610000 3.000000
v -0.874166 0.608383 3.000000
v -1.083727 0.603537 3.000000
v -1.190050 0.595315 3.000000
v -1.223489 0.580000 3.000000
v -1.190050 0.564685 3.000000
v -1.083727 0.556462 3.000000
v -0.874166 0.551617 3.000000
v -0.000004 0.550000 3.000000
v 0.874166 0.551617 3.000000
v 1.083727 0.556462 3.000000
v 1.190050 0.564685 3.000000
v 1.259826 0.580000 2.700000
v 1.225395 0.595315 2.700000
v 1.115913 0.603537 2.700000
v 0.900129 0.608383 2.700000
v 0.000003 0.610000 2.700000
v -0.900129 0.608383 2.700000
v -1.115913 0.603537 2.700000
v -1.225395 0.595315 2.700000
v -1.259826 0.580000 2.700000
v -1.225395 0.564685 2.700000
v -1.115913 0.556462 2.700000
v -0.900129 0.551617 2.700000
v -0.000004 0.550000 2.700000
v 0.900129 0.551617 2.700000
v 1.115913 0.556462 2.700000
v 1.225395 0.564685 2.700000
v 1.289617 0.580000 2.400000
v 1.254371 0.595315 2.400000
v 1.142301 0.603537 2.400000
v 0.921413 0.608383 2.400000
v 0.000003 0.610000 2.400000
v -0.921413 0.608383 2.400000
v -1.142301 0.603537 2.400000
v -1.254371 0.595315 2.400000
v -1.289617 0.580000 2.400000
v -1.254371 0.564685 2.400000
v -1.142301 0.556462 2.400000
v -0.921413 0.551617 2.400000
v -0.000004 0.550000 2.400000
v 0.921413 0.551617 2.400000
v 1.142301 0.556462 2.400000
v 1.254371 0.564685 2.400000
v 1.313602 0.580000 2.100000
v 1.277701 0.595315 2.100000
v 1.163546 0.603537 2.100000
v 0.938551 0.608383 2.100000
v 0.000003 0.610000 2.100000
v -0.938551 0.608383 2.100000
v -1.163546 0.603537 2.100000
v -1.277701 0.595315 2.100000
v -1.313602 0.580000 2.100000
v -1.277701 0.564685 2.100000
v -1.163546 0.556462 2.100000
v -0.938551 0.551617 2.100000
v -0.000004 0.550000 2.100000
v 0.938551 0.551617 2.100000
v 1.163546 0.556462 2.100000
v 1.277701 0.564685 2.100000
v 1.332437 0.580000 1.800000
v 1.296021 0.595315 1.800000
v 1.180230 0.603537 1.800000
v 0.952008 0.608383 1.800000
v 0.000003 0.610000 1.800000
v -0.952008 0.608383 1.800000
v -1.180230 0.603537 1.800000
v -1.296021 0.595315 1.800000
v -1.332437 0.580000 1.800000
v -1.296021 0.564685 1.800000
v -1.180230 0.556462 1.800000
v -0.952008 0.551617 1.800000
v -0.000004 0.550000 1.800000
v 0.952008 0.551617 1.800000
v 1.180230 0.556462 1.800000
v 1.296021 0.564685 1.800000
v 1.346717 0.580000 1.500000
v 1.309910 0.595315 1.500000
v 1.192878 0.603537 1.500000
v 0.962210 0.608383 1.500000
v 0.000003 0.610000 1.500000
v -0.962210 0.608383 1.500000
v -1.192878 0.603537 1.500000
v -1.309910 0.595315 1.500000
v -1.346717 0.580000 1.500000
v -1.309910 0.564685 1.500000
v -1.192878 0.556462 1.500000
v -0.962210 0.551617 1.500000
v -0.000004 0.550000 1.500000
v 0.962210 0.551617 1.500000
v 1.192878 0.556462 1.500000
v 1.309910 0.564685 1.500000
v 1.357005 0.580000 1.200000
v 1.319918 0.595315 1.200000
v 1.201991 0.603537 1.200000
v 0.969562 0.608383 1.200000
v 0.000003 0.610000 1.200000
v -0.969562 0.608383 1.200000
v -1.201991 0.603537 1.200000
v -1.319918 0.595315 1.200000
v -1.357005 0.580000 1.200000
v -1.319918 0.564685 1.200000
v -1.201991 0.556462 1.200000
v -0.969562 0.551617 1.200000
v -0.000004 0.550000 1.200000
v 0.969562 0.551617 1.200000
v 1.201991 0.556462 1.200000
v 1.319918 0.564685 1.200000
v 1.363862 0.580000 0.900000
v 1.326587 0.595315 0.900000
v 1.208064 0.603537 0.900000
v 0.974461 0.608383 0.900000
v 0.000003 0.610000 0.900000
v -0.974461 0.608383 0.900000
v -1.208064 0.603537 0.900000
v -1.326587 0.595315 0.900000
v -1.363862 0.580000 0.900000
v -1.326587 0.564685 0.900000
v -1.208064 0.556462 0.900000
v -0.974461 0.551617 0.900000
v -0.000004 0.550000 0.900000
v 0.974461 0.551617 0.900000
v 1.208064 0.556462 0.900000
v 1.326587 0.564685 0.900000
v 1.367864 0.580000 0.600000
v 1.330479 0.595315 0.600000
v 1.211609 0.603537 0.600000
v 0.977320 0.608383 0.600000
v 0.000003 0.610000 0.600000
v -0.977320 0.608383 0.600000
v -1.211609 0.603537 0.600000
v -1.330479 0.595315 0.600000
v -1.367864 0.580000 0.600000
v -1.330479 0.564685 0.600000
v -1.211609 0.556462 0.600000
v -0.977320 0.551617 0.600000
v -0.000004 0.550000 0.600000
v 0.977320 0.551617 0.600000
v 1.211609 0.556462 0.600000
v 1.330479 0.564685 0.600000
v 1.369648 0.580000 0.300000
v 1.332215 0.595315 0.300000
v 1.213189 0.603537 0.300000
v 0.978595 0.608383 0.300000
v 0.000003 0.610000 0.300000
v -0.978595 0.608383 0.300000
v -1.213189 0.603537 0.300000
v -1.332215 0.595315 0.300000
v -1.369648 0.580000 0.300000
v -1.332215 0.564685 0.300000
v -1.213189 0.556462 0.300000
v -0.978595 0.551617 0.300000
v -0.000004 0.550000 0.300000
v 0.978595 0.551617 0.300000
v 1.213189 0.556462 0.300000
v 1.332215 0.564685 0.300000
v 1.434000 0.580000 0.000000
v 1.394808 0.595315 0.000000
v 1.270191 0.603537 0.000000
v 1.024573 0.608383 0.000000
v 0.000003 0.610000 0.000000
v -1.024573 0.608383 0.000000
v -1.270191 0.603537 0.000000
v -1.394808 0.595315 0.000000
v -1.434000 0.580000 0.000000
v -1.394808 0.564685 0.000000
v -1.270191 0.556462 0.000000
v -1.024573 0.551617 0.000000
v -0.000004 0.550000 0.000000
v 1.024573 0.551617 0.000000
v 1.270191 0.556462 0.000000
v 1.394808 0.564685 0.000000
v 1.434000 0.580000 -0.300000
v 1.394808 0.595315 -0.300000
v 1.270191 0.603537 -0.300000
v 1.024573 0.608383 -0.300000
v 0.000003 0.610000 -0.300000
v -1.024573 0.608383 -0.300000
v -1.270191 0.603537 -0.300000
v -1.394808 0.595315 -0.300000
v -1.434000 0.580000 -0.300000
v -1.394808 0.564685 -0.300000
v -1.270191 0.556462 -0.300000
v -1.024573 0.551617 -0.300000
v -0.000004 0.550000 -0.300000
v 1.024573 0.551617 -0.300000
v 1.270191 0.556462 -0.300000
v 1.394808 0.564685 -0.300000
v 1.433999 0.580000 -0.600000
v 1.394808 0.595315 -0.600000
v 1.270190 0.603537 -0.600000
v 1.024573 0.608383 -0.600000
v 0.000003 0.610000 -0.600000
v -1.024573 0.608383 -0.600000
v -1.270190 0.603537 -0.600000
v -1.394808 0.595315 -0.600000
v -1.433999 0.580000 -0.600000
v -1.394808 0.564685 -0.600000
v -1.270190 0.556462 -0.600000
v -1.024573 0.551617 -0.600000
v -0.000004 0.550000 -0.600000
v 1.024573 0.551617 -0.600000
v 1.270190 0.556462 -0.600000
v 1.394808 0.564685 -0.600000
v 1.433991 0.580000 -0.900000
v 1.394800 0.595315 -0.900000
v 1.270183 0.603537 -0.900000
v 1.024567 0.608383 -0.900000
v 0.000003 0.610000 -0.900000
v -1.024567 0.608383 -0.900000
v -1.270183 0.603537 -0.900000
v -1.394800 0.595315 -0.900000
v -1.433991 0.580000 -0.900000
v -1.394800 0.564685 -0.900000
v -1.270183 0.556462 -0.900000
v -1.024567 0.551617 -0.900000
v -0.000004 0.550000 -0.900000
v 1.024567 0.551617 -0.900000
v 1.270183 0.556462 -0.900000
v 1.394800 0.564685 -0.900000
v 1.433950 0.580000 -1.200000
v 1.394760 0.595315 -1.200000
v 1.270146 0.603537 -1.200000
v 1.024538 0.608383 -1.200000
v 0.000003 0.610000 -1.200000
v -1.024538 0.608383 -1.200000
v -1.270146 0.603537 -1.200000
v -1.394760 0.595315 -1.200000
v -1.433950 0.580000 -1.200000
v -1.394760 0.564685 -1.200000
v -1.270146 0.556462 -1.200000
v -1.024538 0.551617 -1.200000
v -0.000004 0.550000 -1.200000
v 1.024538 0.551617 -1.200000
v 1.270146 0.556462 -1.200000
v 1.394760 0.564685 -1.200000
v 1.433809 0.580000 -1.500000
v 1.394623 0.595315 -1.500000
v 1.270022 0.603537 -1.500000
v 1.024437 0.608383 -1.500000
v 0.000003 0.610000 -1.500000
v -1.024437 0.608383 -1.500000
v -1.270022 0.603537 -1.500000
v -1.394623 0.595315 -1.500000
v -1.433809 0.580000 -1.500000
v -1.394623 0.564685 -1.500000
v -1.270022 0.556462 -1.500000
v -1.024437 0.551617 -1.500000
v -0.000004 0.550000 -1.500000
v 1.024437 0.551617 -1.500000
v 1.270022 0.556462 -1.500000
v 1.394623 0.564685 -1.500000
v 1.433430 0.580000 -1.800000
v 1.394254 0.595315 -1.800000
v 1.269686 0.603537 -1.800000
v 1.024166 0.608383 -1.800000
v 0.000003 0.610000 -1.800000
v -1.024166 0.608383 -1.800000
v -1.269686 0.603537 -1.800000
v -1.394254 0.595315 -1.800000
v -1.433430 0.580000 -1.800000
v -1.394254 0.564685 -1.800000
v -1.269686 0.556462 -1.800000
v -1.024166 0.551617 -1.800000
v -0.000004 0.550000 -1.800000
v 1.024166 0.551617 -1.800000
v 1.269686 0.556462 -1.800000
v 1.394254 0.564685 -1.800000
v 1.432562 0.580000 -2.100000
v 1.393409 0.595315 -2.100000
v 1.268917 0.603537 -2.100000
v 1.023546 0.608383 -2.100000
v 0.000003 0.610000 -2.100000
v -1.023546 0.608383 -2.100000
v -1.268917 0.603537 -2.100000
v -1.393409 0.595315 -2.100000
v -1.432562 0.580000 -2.100000
v -1.393409 0.564685 -2.100000
v -1.268917 0.556462 -2.100000
v -1.023546 0.551617 -2.100000
v -0.000004 0.550000 -2.100000
v 1.023546 0.551617 -2.100000
v 1.268917 0.556462 -2.100000
v 1.393409 0.564685 -2.100000
v 1.430794 0.580000 -2.400000
v 1.391690 0.595315 -2.400000
v 1.267351 0.603537 -2.400000
v 1.022282 0.608383 -2.400000
v 0.000003 0.610000 -2.400000
v -1.022282 0.608383 -2.400000
v -1.267351 0.603537 -2.400000
v -1.391690 0.595315 -2.400000
v -1.430794 0.580000 -2.400000
v -1.391690 0.564685 -2.400000
v -1.267351 0.556462 -2.400000
v -1.022282 0.551617 -2.400000
v -0.000004 0.550000 -2.400000
v 1.022282 0.551617 -2.400000
v 1.267351 0.556462 -2.400000
v 1.391690 0.564685 -2.400000
v 1.427493 0.580000 -2.700000
v 1.388479 0.595315 -2.700000
v 1.264427 0.603537 -2.700000
v 1.019924 0.608383 -2.700000
v 0.000003 0.610000 -2.700000
v -1.019924 0.608383 -2.700000
v -1.264427 0.603537 -2.700000
v -1.388479 0.595315 -2.700000
v -1.427493 0.580000 -2.700000
v -1.388479 0.564685 -2.700000
v -1.264427 0.556462 -2.700000
v -1.019924 0.551617 -2.700000
v -0.000004 0.550000 -2.700000
v 1.019924 0.551617 -2.700000
v 1.264427 0.556462 -2.700000
v 1.388479 0.564685 -2.700000
v 1.421733 0.580000 -3.000000
v 1.382877 0.595315 -3.000000
v 1.259325 0.603537 -3.000000
v 1.015809 0.608383 -3.000000
v 0.000003 0.610000 -3.000000
v -1.015809 0.608383 -3.000000
v -1.259325 0.603537 -3.000000
v -1.382877 0.595315 -3.000000
v -1.421733 0.580000 -3.000000
v -1.382877 0.564685 -3.000000
v -1.259325 0.556462 -3.000000
v -1.015809 0.551617 -3.000000
v -0.000004 0.550000 -3.000000
v 1.015809 0.551617 -3.000000
v 1.259325 0.556462 -3.000000
v 1.382877 0.564685 -3.000000
v 1.412202 0.580000 -3.300000
v 1.373606 0.595315 -3.300000
v 1.250883 0.603537 -3.300000
v 1.008999 0.608383 -3.300000
v 0.000003 0.610000 -3.300000
v -1.008999 0.608383 -3.300000
v -1.250883 0.603537 -3.300000
v -1.373606 0.595315 -3.300000
v -1.412202 0.580000 -3.300000
v -1.373606 0.564685 -3.300000
v -1.250883 0.556462 -3.300000
v -1.008999 0.551617 -3.300000
v -0.000004 0.550000 -3.300000
v 1.008999 0.551617 -3.300000
v 1.250883 0.556462 -3.300000
v 1.373606 0.564685 -3.300000
v 1.397079 0.580000 -3.600000
v 1.358897 0.595315 -3.600000
v 1.237487 0.603537 -3.600000
v 0.998194 0.608383 -3.600000
v 0.000003 0.610000 -3.600000
v -0.998194 0.608383 -3.600000
v -1.237487 0.603537 -3.600000
v -1.358897 0.595315 -3.600000
v -1.397079 0.580000 -3.600000
v -1.358897 0.564685 -3.600000
v -1.237487 0.556462 -3.600000
v -0.998194 0.551617 -3.600000
v -0.000004 0.550000 -3.600000
v 0.998194 0.551617 -3.600000
v 1.237487 0.556462 -3.600000
v 1.358897 0.564685 -3.600000
v 1.373866 0.580000 -3.900000
v 1.336318 0.595315 -3.900000
v 1.216926 0.603537 -3.900000
v 0.981609 0.608383 -3.900000
v 0.000003 0.610000 -3.900000
v -0.981609 0.608383 -3.900000
v -1.216926 0.603537 -3.900000
v -1.336318 0.595315 -3.900000
v -1.373866 0.580000 -3.900000
v -1.336318 0.564685 -3.900000
v -1.216926 0.556462 -3.900000
v -0.981609 0.551617 -3.900000
v -0.000004 0.550000 -3.900000
v 0.981609 0.551617 -3.900000
v 1.216926 0.556462 -3.900000
v 1.336318 0.564685 -3.900000
v 1.339121 0.580000 -4.200000
v 1.302522 0.595315 -4.200000
v 1.186149 0.603537 -4.200000
v 0.956783 0.608383 -4.200000
v 0.000003 0.610000 -4.200000
v -0.956783 0.608383 -4.200000
v -1.186149 0.603537 -4.200000
v -1.302522 0.595315 -4.200000
v -1.339121 0.580000 -4.200000
v -1.302522 0.564685 -4.200000
v -1.186149 0.556462 -4.200000
v -0.956783 0.551617 -4.200000
v -0.000004 0.550000 -4.200000
v 0.956783 0.551617 -4.200000
v 1.186149 0.556462 -4.200000
v 1.302522 0.564685 -4.200000
v 1.288007 0.580000 -4.500000
v 1.252805 0.595315 -4.500000
v 1.140875 0.603537 -4.500000
v 0.920263 0.608383 -4.500000
v 0.000003 0.610000 -4.500000
v -0.920263 0.608383 -4.500000
v -1.140875 0.603537 -4.500000
v -1.252805 0.595315 -4.500000
v -1.288007 0.580000 -4.500000
v -1.252805 0.564685 -4.500000
v -1.140875 0.556462 -4.500000
v -0.920263 0.551617 -4.500000
v -0.000004 0.550000 -4.500000
v 0.920263 0.551617 -4.500000
v 1.140875 0.556462 -4.500000
v 1.252805 0.564685 -4.500000
v 1.213453 0.598000 -4.800000
v 1.180289 0.613315 -4.800000
v 1.074837 0.621538 -4.800000
v 0.866996 0.626383 -4.800000
v 0.000003 0.628000 -4.800000
v -0.866996 0.626383 -4.800000
v -1.074837 0.621538 -4.800000
v -1.180289 0.613315 -4.800000
v -1.213453 0.598000 -4.800000
v -1.180289 0.582685 -4.800000
v -1.074837 0.574462 -4.800000
v -0.866996 0.569617 -4.800000
v -0.000004 0.568000 -4.800000
v 0.866996 0.569617 -4.800000
v 1.074837 0.574462 -4.800000
v 1.180289 0.582685 -4.800000
v 1.104323 0.652000 -5.100000
v 1.074141 0.667315 -5.100000
v 0.978173 0.675538 -5.100000
v 0.789023 0.680383 -5.100000
v 0.000002 0.682000 -5.100000
v -0.789023 0.680383 -5.100000
v -0.978173 0.675538 -5.100000
v -1.074141 0.667315 -5.100000
v -1.104323 0.652000 -5.100000
v -1.074141 0.636685 -5.100000
v -0.978173 0.628462 -5.100000
v -0.789023 0.623617 -5.100000
v -0.000003 0.622000 -5.100000
v 0.789023 0.623617 -5.100000
v 0.978173 0.628462 -5.100000
v 1.074141 0.636685 -5.100000
v 0.940579 0.742000 -5.400000
v 0.914873 0.757315 -5.400000
v 0.833135 0.765538 -5.400000
v 0.672031 0.770383 -5.400000
v 0.000002 0.772000 -5.400000
v -0.672031 0.770383 -5.400000
v -0.833135 0.765538 -5.400000
v -0.914873 0.757315 -5.400000
v -0.940579 0.742000 -5.400000
v -0.914873 0.726685 -5.400000
v -0.833135 0.718462 -5.400000
v -0.672031 0.713617 -5.400000
v -0.000003 0.712000 -5.400000
v 0.672031 0.713617 -5.400000
v 0.833135 0.718462 -5.400000
v 0.914873 0.726685 -5.400000
v 0.674979 0.868000 -5.700000
v 0.656531 0.883315 -5.700000
v 0.597874 0.891538 -5.700000
v 0.482263 0.896383 -5.700000
v 0.000001 0.898000 -5.700000
v -0.482263 0.896383 -5.700000
v -0.597874 0.891538 -5.700000
v -0.656531 0.883315 -5.700000
v -0.674979 0.868000 -5.700000
v -0.656531 0.852685 -5.700000
v -0.597874 0.844462 -5.700000
v -0.482263 0.839617 -5.700000
v -0.000002 0.838000 -5.700000
v 0.482263 0.839617 -5.700000
v 0.597874 0.844462 -5.700000
v 0.656531 0.852685 -5.700000
v 0.040000 1.030000 -6.000000
v 0.038907 1.045315 -6.000000
v 0.035431 1.053537 -6.000000
v 0.028579 1.058383 -6.000000
v 0.000000 1.060000 -6.000000
v -0.028579 1.058383 -6.000000
v -0.035431 1.053537 -6.000000
v -0.038907 1.045315 -6.000000
v -0.040000 1.030000 -6.000000
v -0.038907 1.014685 -6.000000
v -0.035431 1.006462 -6.000000
v -0.028579 1.001617 -6.000000
v -0.000000 1.000000 -6.000000
v 0.028579 1.001617 -6.000000
v 0.035431 1.006462 -6.000000
v 0.038907 1.014685 -6.000000
v 0.040000 1.420000 6.000000
v 0.038036 1.456934 6.000000
v 0.031383 1.474253 6.000000
v 0.000000 1.480000 6.000000
v -0.031383 1.474253 6.000000
v -0.038036 1.456934 6.000000
v -0.040000 1.420000 6.000000
v -0.038036 1.383066 6.000000
v -0.031383 1.365747 6.000000
v -0.000000 1.360000 6.000000
v 0.031383 1.365747 6.000000
v 0.038036 1.383066 6.000000
v 0.040000 1.100402 5.700000
v 0.038036 1.137336 5.700000
v 0.031383 1.154655 5.700000
v 0.000000 1.160402 5.700000
v -0.031383 1.154655 5.700000
v -0.038036 1.137336 5.700000
v -0.040000 1.100402 5.700000
v -0.038036 1.063467 5.700000
v -0.031383 1.046149 5.700000
v -0.000000 1.040402 5.700000
v 0.031383 1.046149 5.700000
v 0.038036 1.063467 5.700000
v 0.040000 0.825817 5.400000
v 0.038036 0.862751 5.400000
v 0.031383 0.880070 5.400000
v 0.000000 0.885817 5.400000
v -0.031383 0.880070 5.400000
v -0.038036 0.862751 5.400000
v -0.040000 0.825817 5.400000
v -0.038036 0.788883 5.400000
v -0.031383 0.771564 5.400000
v -0.000000 0.765817 5.400000
v 0.031383 0.771564 5.400000
v 0.038036 0.788883 5.400000
v 0.040000 0.596247 5.100000
v 0.038036 0.633181 5.100000
v 0.031383 0.650499 5.100000
v 0.000000 0.656247 5.100000
v -0.031383 0.650499 5.100000
v -0.038036 0.633181 5.100000
v -0.040000 0.596247 5.100000
v -0.038036 0.559312 5.100000
v -0.031383 0.541994 5.100000
v -0.000000 0.536247 5.100000
v 0.031383 0.541994 5.100000
v 0.038036 0.559312 5.100000
v 0.040000 0.411690 4.800000
v 0.038036 0.448624 4.800000
v 0.031383 0.465943 4.800000
v 0.000000 0.471690 4.800000
v -0.031383 0.465943 4.800000
v -0.038036 0.448624 4.800000
v -0.040000 0.411690 4.800000
v -0.038036 0.374755 4.800000
v -0.031383 0.357437 4.800000
v -0.000000 0.351690 4.800000
v 0.031383 0.357437 4.800000
v 0.038036 0.374755 4.800000
v 0.083731 0.272147 4.500000
v 0.079620 0.309081 4.500000
v 0.065694 0.326400 4.500000
v 0.000000 0.332147 4.500000
v -0.065694 0.326400 4.500000
v -0.079620 0.309081 4.500000
v -0.083731 0.272147 4.500000
v -0.079620 0.235212 4.500000
v -0.065694 0.217894 4.500000
v -0.000000 0.212147 4.500000
v 0.065694 0.217894 4.500000
v 0.079620 0.235212 4.500000
v 0.171635 0.177618 4.200000
v 0.163208 0.214552 4.200000
v 0.134662 0.231871 4.200000
v 0.000000 0.237618 4.200000
v -0.134662 0.231871 4.200000
v -0.163208 0.214552 4.200000
v -0.171635 0.177618 4.200000
v -0.163208 0.140683 4.200000
v -0.134662 0.123365 4.200000
v -0.000001 0.117618 4.200000
v 0.134662 0.123365 4.200000
v 0.163208 0.140683 4.200000
v 0.245380 0.128102 3.900000
v 0.233332 0.165037 3.900000
v 0.192521 0.182355 3.900000
v 0.000001 0.188102 3.900000
v -0.192521 0.182355 3.900000
v -0.233332 0.165037 3.900000
v -0.245380 0.128102 3.900000
v -0.233332 0.091168 3.900000
v -0.192521 0.073850 3.900000
v -0.000001 0.068102 3.900000
v 0.192521 0.073850 3.900000
v 0.233332 0.091168 3.900000
v 0.307478 0.120000 3.600000
v 0.292382 0.156934 3.600000
v 0.241243 0.174253 3.600000
v 0.000001 0.180000 3.600000
v -0.241243 0.174253 3.600000
v -0.292382 0.156934 3.600000
v -0.307478 0.120000 3.600000
v -0.292382 0.083066 3.600000
v -0.241243 0.065747 3.600000
v -0.000001 0.060000 3.600000
v 0.241243 0.065747 3.600000
v 0.292382 0.083066 3.600000
v 0.359729 0.120000 3.300000
v 0.342067 0.156934 3.300000
v 0.282238 0.174253 3.300000
v 0.000001 0.180000 3.300000
v -0.282238 0.174253 3.300000
v -0.342067 0.156934 3.300000
v -0.359729 0.120000 3.300000
v -0.342067 0.083066 3.300000
v -0.282238 0.065747 3.300000
v -0.000001 0.060000 3.300000
v 0.282238 0.065747 3.300000
v 0.342067 0.083066 3.300000
v 0.403489 0.120000 3.000000
v 0.383678 0.156934 3.000000
v 0.316571 0.174253 3.000000
v 0.000001 0.180000 3.000000
v -0.316571 0.174253 3.000000
v -0.383678 0.156934 3.000000
v -0.403489 0.120000 3.000000
v -0.383678 0.083066 3.000000
v -0.316571 0.065747 3.000000
v -0.000001 0.060000 3.000000
v 0.316571 0.065747 3.000000
v 0.383678 0.083066 3.000000
v 0.439826 0.120000 2.700000
v 0.418232 0.156934 2.700000
v 0.345081 0.174253 2.700000
v 0.000001 0.180000 2.700000
v -0.345081 0.174253 2.700000
v -0.418232 0.156934 2.700000
v -0.439826 0.120000 2.700000
v -0.418232 0.083066 2.700000
v -0.345081 0.065747 2.700000
v -0.000001 0.060000 2.700000
v 0.345081 0.065747 2.700000
v 0.418232 0.083066 2.700000
v 0.469617 0.120000 2.400000
v 0.446559 0.156934 2.400000
v 0.368454 0.174253 2.400000
v 0.000001 0.180000 2.400000
v -0.368454 0.174253 2.400000
v -0.446559 0.156934 2.400000
v -0.469617 0.120000 2.400000
v -0.446559 0.083066 2.400000
v -0.368454 0.065747 2.400000
v -0.000001 0.060000 2.400000
v 0.368454 0.065747 2.400000
v 0.446559 0.083066 2.400000
v 0.493602 0.120000 2.100000
v 0.469368 0.156934 2.100000
v 0.387273 0.174253 2.100000
v 0.000001 0.180000 2.100000
v -0.387273 0.174253 2.100000
v -0.469368 0.156934 2.100000
v -0.493602 0.120000 2.100000
v -0.469368 0.083066 2.100000
v -0.387273 0.065747 2.100000
v -0.000002 0.060000 2.100000
v 0.387273 0.065747 2.100000
v 0.469368 0.083066 2.100000
v 0.512437 0.120000 1.800000
v 0.487277 0.156934 1.800000
v 0.402050 0.174253 1.800000
v 0.000001 0.180000 1.800000
v -0.402050 0.174253 1.800000
v -0.487277 0.156934 1.800000
v -0.512437 0.120000 1.800000
v -0.487277 0.083066 1.800000
v -0.402050 0.065747 1.800000
v -0.000002 0.060000 1.800000
v 0.402050 0.065747 1.800000
v 0.487277 0.083066 1.800000
v 0.526717 0.120000 1.500000
v 0.500856 0.156934 1.500000
v 0.413253 0.174253 1.500000
v 0.000001 0.180000 1.500000
v -0.413253 0.174253 1.500000
v -0.500856 0.156934 1.500000
v -0.526717 0.120000 1.500000
v -0.500856 0.083066 1.500000
v -0.413253 0.065747 1.500000
v -0.000002 0.060000 1.500000
v 0.413253 0.065747 1.500000
v 0.500856 0.083066 1.500000
v 0.537005 0.120000 1.200000
v 0.510640 0.156934 1.200000
v 0.421326 0.174253 1.200000
v 0.000001 0.180000 1.200000
v -0.421326 0.174253 1.200000
v -0.510640 0.156934 1.200000
v -0.537005 0.120000 1.200000
v -0.510640 0.083066 1.200000
v -0.421326 0.065747 1.200000
v -0.000002 0.060000 1.200000
v 0.421326 0.065747 1.200000
v 0.510640 0.083066 1.200000
v 0.543862 0.120000 0.900000
v 0.517159 0.156934 0.900000
v 0.426705 0.174253 0.900000
v 0.000001 0.180000 0.900000
v -0.426705 0.174253 0.900000
v -0.517159 0.156934 0.900000
v -0.543862 0.120000 0.900000
v -0.517159 0.083066 0.900000
v -0.426705 0.065747 0.900000
v -0.000002 0.060000 0.900000
v 0.426705 0.065747 0.900000
v 0.517159 0.083066 0.900000
v 0.547864 0.120000 0.600000
v 0.520965 0.156934 0.600000
v 0.429845 0.174253 0.600000
v 0.000001 0.180000 0.600000
v -0.429845 0.174253 0.600000
v -0.520965 0.156934 0.600000
v -0.547864 0.120000 0.600000
v -0.520965 0.083066 0.600000
v -0.429845 0.065747 0.600000
v -0.000002 0.060000 0.600000
v 0.429845 0.065747 0.600000
v 0.520965 0.083066 0.600000
v 0.549648 0.120000 0.300000
v 0.522661 0.156934 0.300000
v 0.431245 0.174253 0.300000
v 0.000001 0.180000 0.300000
v -0.431245 0.174253 0.300000
v -0.522661 0.156934 0.300000
v -0.549648 0.120000 0.300000
v -0.522661 0.083066 0.300000
v -0.431245 0.065747 0.300000
v -0.000002 0.060000 0.300000
v 0.431245 0.065747 0.300000
v 0.522661 0.083066 0.300000
v 0.614000 0.120000 0.000000
v 0.583854 0.156934 0.000000
v 0.481735 0.174253 0.000000
v 0.000001 0.180000 0.000000
v -0.481735 0.174253 0.000000
v -0.583854 0.156934 0.000000
v -0.614000 0.120000 0.000000
v -0.583854 0.083066 0.000000
v -0.481735 0.065747 0.000000
v -0.000002 0.060000 0.000000
v 0.481735 0.065747 0.000000
v 0.583854 0.083066 0.000000
v 0.614000 0.120000 -0.300000
v 0.583854 0.156934 -0.300000
v 0.481735 0.174253 -0.300000
v 0.000001 0.180000 -0.300000
v -0.481735 0.174253 -0.300000
v -0.583854 0.156934 -0.300000
v -0.614000 0.120000 -0.300000
v -0.583854 0.083066 -0.300000
v -0.481735 0.065747 -0.300000
v -0.000002 0.060000 -0.300000
v 0.481735 0.065747 -0.300000
v 0.583854 0.083066 -0.300000
v 0.613999 0.120000 -0.600000
v 0.583853 0.156934 -0.600000
v 0.481734 0.174253 -0.600000
v 0.000001 0.180000 -0.600000
v -0.481734 0.174253 -0.600000
v -0.583853 0.156934 -0.600000
v -0.613999 0.120000 -0.600000
v -0.583853 0.083066 -0.600000
v -0.481734 0.065747 -0.600000
v -0.000002 0.060000 -0.600000
v 0.481734 0.065747 -0.600000
v 0.583853 0.083066 -0.600000
v 0.613991 0.120000 -0.900000
v 0.583845 0.156934 -0.900000
v 0.481728 0.174253 -0.900000
v 0.000001 0.180000 -0.900000
v -0.481728 0.174253 -0.900000
v -0.583845 0.156934 -0.900000
v -0.613991 0.120000 -0.900000
v -0.583845 0.083066 -0.900000
v -0.481728 0.065747 -0.900000
v -0.000002 0.060000 -0.900000
v 0.481728 0.065747 -0.900000
v 0.583845 0.083066 -0.900000
v 0.613950 0.120000 -1.200000
v 0.583806 0.156934 -1.200000
v 0.481695 0.174253 -1.200000
v 0.000001 0.180000 -1.200000
v -0.481695 0.174253 -1.200000
v -0.583806 0.156934 -1.200000
v -0.613950 0.120000 -1.200000
v -0.583806 0.083066 -1.200000
v -0.481695 0.065747 -1.200000
v -0.000002 0.060000 -1.200000
v 0.481695 0.065747 -1.200000
v 0.583806 0.083066 -1.200000
v 0.613809 0.120000 -1.500000
v 0.583672 0.156934 -1.500000
v 0.481585 0.174253 -1.500000
v 0.000001 0.180000 -1.500000
v -0.481585 0.174253 -1.500000
v -0.583672 0.156934 -1.500000
v -0.613809 0.120000 -1.500000
v -0.583672 0.083066 -1.500000
v -0.481585 0.065747 -1.500000
v -0.000002 0.060000 -1.500000
v 0.481585 0.065747 -1.500000
v 0.583672 0.083066 -1.500000
v 0.613430 0.120000 -1.800000
v 0.583312 0.156934 -1.800000
v 0.481287 0.174253 -1.800000
v 0.000001 0.180000 -1.800000
v -0.481287 0.174253 -1.800000
v -0.583312 0.156934 -1.800000
v -0.613430 0.120000 -1.800000
v -0.583312 0.083066 -1.800000
v -0.481287 0.065747 -1.800000
v -0.000002 0.060000 -1.800000
v 0.481287 0.065747 -1.800000
v 0.583312 0.083066 -1.800000
v 0.612562 0.120000 -2.100000
v 0.582486 0.156934 -2.100000
v 0.480606 0.174253 -2.100000
v 0.000001 0.180000 -2.100000
v -0.480606 0.174253 -2.100000
v -0.582486 0.156934 -2.100000
v -0.612562 0.120000 -2.100000
v -0.582486 0.083066 -2.100000
v -0.480606 0.065747 -2.100000
v -0.000002 0.060000 -2.100000
v 0.480606 0.065747 -2.100000
v 0.582486 0.083066 -2.100000
v 0.610794 0.120000 -2.400000
v 0.580805 0.156934 -2.400000
v 0.479219 0.174253 -2.400000
v 0.000001 0.180000 -2.400000
v -0.479219 0.174253 -2.400000
v -0.580805 0.156934 -2.400000
v -0.610794 0.120000 -2.400000
v -0.580805 0.083066 -2.400000
v -0.479219 0.065747 -2.400000
v -0.000002 0.060000 -2.400000
v 0.479219 0.065747 -2.400000
v 0.580805 0.083066 -2.400000
v 0.607493 0.120000 -2.700000
v 0.577666 0.156934 -2.700000
v 0.476629 0.174253 -2.700000
v 0.000001 0.180000 -2.700000
v -0.476629 0.174253 -2.700000
v -0.577666 0.156934 -2.700000
v -0.607493 0.120000 -2.700000
v -0.577666 0.083066 -2.700000
v -0.476629 0.065747 -2.700000
v -0.000002 0.060000 -2.700000
v 0.476629 0.065747 -2.700000
v 0.577666 0.083066 -2.700000
v 0.601733 0.120000 -3.000000
v 0.572189 0.156934 -3.000000
v 0.472110 0.174253 -3.000000
v 0.000001 0.180000 -3.000000
v -0.472110 0.174253 -3.000000
v -0.572189 0.156934 -3.000000
v -0.601733 0.120000 -3.000000
v -0.572189 0.083066 -3.000000
v -0.472110 0.065747 -3.000000
v -0.000002 0.060000 -3.000000
v 0.472110 0.065747 -3.000000
v 0.572189 0.083066 -3.000000
v 0.592202 0.120000 -3.300000
v 0.563126 0.156934 -3.300000
v 0.464632 0.174253 -3.300000
v 0.000001 0.180000 -3.300000
v -0.464632 0.174253 -3.300000
v -0.563126 0.156934 -3.300000
v -0.592202 0.120000 -3.300000
v -0.563126 0.083066 -3.300000
v -0.464632 0.065747 -3.300000
v -0.000002 0.060000 -3.300000
v 0.464632 0.065747 -3.300000
v 0.563126 0.083066 -3.300000
v 0.577079 0.120000 -3.600000
v 0.548746 0.156934 -3.600000
v 0.452767 0.174253 -3.600000
v 0.000001 0.180000 -3.600000
v -0.452767 0.174253 -3.600000
v -0.548746 0.156934 -3.600000
v -0.577079 0.120000 -3.600000
v -0.548746 0.083066 -3.600000
v -0.452767 0.065747 -3.600000
v -0.000002 0.060000 -3.600000
v 0.452767 0.065747 -3.600000
v 0.548746 0.083066 -3.600000
v 0.553866 0.120000 -3.900000
v 0.526673 0.156934 -3.900000
v 0.434555 0.174253 -3.900000
v 0.000001 0.180000 -3.900000
v -0.434555 0.174253 -3.900000
v -0.526673 0.156934 -3.900000
v -0.553866 0.120000 -3.900000
v -0.526673 0.083066 -3.900000
v -0.434555 0.065747 -3.900000
v -0.000002 0.060000 -3.900000
v 0.434555 0.065747 -3.900000
v 0.526673 0.083066 -3.900000
v 0.519121 0.120000 -4.200000
v 0.493633 0.156934 -4.200000
v 0.407294 0.174253 -4.200000
v 0.000001 0.180000 -4.200000
v -0.407294 0.174253 -4.200000
v -0.493633 0.156934 -4.200000
v -0.519121 0.120000 -4.200000
v -0.493633 0.083066 -4.200000
v -0.407294 0.065747 -4.200000
v -0.000002 0.060000 -4.200000
v 0.407294 0.065747 -4.200000
v 0.493633 0.083066 -4.200000
v 0.468007 0.120000 -4.500000
v 0.445029 0.156934 -4.500000
v 0.367191 0.174253 -4.500000
v 0.000001 0.180000 -4.500000
v -0.367191 0.174253 -4.500000
v -0.445029 0.156934 -4.500000
v -0.468007 0.120000 -4.500000
v -0.445029 0.083066 -4.500000
v -0.367191 0.065747 -4.500000
v -0.000001 0.060000 -4.500000
v 0.367191 0.065747 -4.500000
v 0.445029 0.083066 -4.500000
v 0.393453 0.138000 -4.800000
v 0.374135 0.174934 -4.800000
v 0.308697 0.192253 -4.800000
v 0.000001 0.198000 -4.800000
v -0.308697 0.192253 -4.800000
v -0.374135 0.174934 -4.800000
v -0.393453 0.138000 -4.800000
v -0.374135 0.101066 -4.800000
v -0.308697 0.083747 -4.800000
v -0.000001 0.078000 -4.800000
v 0.308697 0.083747 -4.800000
v 0.374135 0.101066 -4.800000
v 0.284323 0.192000 -5.100000
v 0.270363 0.228934 -5.100000
v 0.223075 0.246253 -5.100000
v 0.000001 0.252000 -5.100000
v -0.223075 0.246253 -5.100000
v -0.270363 0.228934 -5.100000
v -0.284323 0.192000 -5.100000
v -0.270363 0.155066 -5.100000
v -0.223075 0.137747 -5.100000
v -0.000001 0.132000 -5.100000
v 0.223075 0.137747 -5.100000
v 0.270363 0.155066 -5.100000
v 0.120579 0.282000 -5.400000
v 0.114659 0.318934 -5.400000
v 0.094605 0.336253 -5.400000
v 0.000000 0.342000 -5.400000
v -0.094605 0.336253 -5.400000
v -0.114659 0.318934 -5.400000
v -0.120579 0.282000 -5.400000
v -0.114659 0.245066 -5.400000
v -0.094605 0.227747 -5.400000
v -0.000000 0.222000 -5.400000
v 0.094605 0.227747 -5.400000
v 0.114659 0.245066 -5.400000
v 0.040000 0.408000 -5.700000
v 0.038036 0.444934 -5.700000
v 0.031383 0.462253 -5.700000
v 0.000000 0.468000 -5.700000
v -0.031383 0.462253 -5.700000
v -0.038036 0.444934 -5.700000
v -0.040000 0.408000 -5.700000
v -0.038036 0.371066 -5.700000
v -0.031383 0.353747 -5.700000
v -0.000000 0.348000 -5.700000
v 0.031383 0.353747 -5.700000
v 0.038036 0.371066 -5.700000
v 0.040000 0.570000 -6.000000
v 0.038036 0.606934 -6.000000
v 0.031383 0.624253 -6.000000
v 0.000000 0.630000 -6.000000
v -0.031383 0.624253 -6.000000
v -0.038036 0.606934 -6.000000
v -0.040000 0.570000 -6.000000
v -0.038036 0.533066 -6.000000
v -0.031383 0.515747 -6.000000
v -0.000000 0.510000 -6.000000
v 0.031383 0.515747 -6.000000
v 0.038036 0.533066 -6.000000
v -0.823629 1.274493 5.570190
v -0.765463 1.274493 5.531245
v -0.716774 1.225166 5.541055
v -0.726251 1.175839 5.589809
v -0.784417 1.175839 5.628755
v -0.833106 1.225166 5.618945
v -1.012585 1.031855 5.287966
v -0.952891 1.033861 5.251462
v -0.904062 0.984718 5.261496
v -0.914926 0.933570 5.308033
v -0.974621 0.931564 5.344538
v -1.023450 0.980707 5.334504
v -1.155936 0.829456 5.006359
v -1.093830 0.834776 4.974509
v -1.045204 0.785353 4.984149
v -1.058685 0.730611 5.025640
v -1.120792 0.725291 5.057491
v -1.169417 0.774713 5.047850
v -1.270786 0.667692 4.726354
v -1.206974 0.675368 4.698620
v -1.159174 0.624804 4.706267
v -1.175186 0.566564 4.741647
v -1.238998 0.558888 4.769381
v -1.286798 0.609452 4.761734
v -1.365554 0.545985 4.447649
v -1.300388 0.555372 4.423872
v -1.253716 0.503384 4.428224
v -1.272209 0.442009 4.456352
v -1.337375 0.432623 4.480128
v -1.384048 0.484611 4.475776
v -1.444998 0.463921 4.170071
v -1.378707 0.474451 4.150207
v -1.333307 0.421171 4.150136
v -1.354198 0.357360 4.169929
v -1.420489 0.346830 4.189793
v -1.465889 0.400111 4.189864
v -1.512247 0.421120 3.893097
v -1.445033 0.432238 3.877013
v -1.400860 0.378176 3.871916
v -1.423900 0.312996 3.882903
v -1.491114 0.301878 3.898987
v -1.535287 0.355940 3.904084
v -1.569978 0.414192 3.613663
v -1.502145 0.425461 3.600560
v -1.458505 0.371269 3.592897
v -1.482697 0.305808 3.598337
v -1.550531 0.294539 3.611440
v -1.594171 0.348731 3.619103
v -1.619618 0.414189 3.331095
v -1.551424 0.425470 3.320034
v -1.507684 0.371281 3.312939
v -1.532136 0.305811 3.316905
v -1.600330 0.294530 3.327966
v -1.644071 0.348719 3.335061
v -1.661734 0.414189 3.048011
v -1.593288 0.425470 3.038640
v -1.549385 0.371281 3.032629
v -1.573928 0.305811 3.035989
v -1.642375 0.294530 3.045360
v -1.686278 0.348719 3.051371
v -1.697133 0.414189 2.765044
v -1.628497 0.425470 2.757180
v -1.584473 0.371281 2.752136
v -1.609084 0.305811 2.754956
v -1.677720 0.294530 2.762820
v -1.721744 0.348719 2.767864
v -1.726573 0.414189 2.482177
v -1.657796 0.425470 2.475665
v -1.613680 0.371281 2.471488
v -1.638343 0.305811 2.473823
v -1.707120 0.294530 2.480335
v -1.751235 0.348719 2.484512
v -1.750699 0.414189 2.199399
v -1.681818 0.425470 2.194100
v -1.637636 0.371281 2.190701
v -1.662335 0.305811 2.192601
v -1.731217 0.294530 2.197900
v -1.775399 0.348719 2.201299
v -1.770078 0.414189 1.916701
v -1.701122 0.425470 1.912490
v -1.656891 0.371281 1.909789
v -1.681618 0.305811 1.911299
v -1.750574 0.294530 1.915510
v -1.794804 0.348719 1.918211
v -1.785222 0.414189 1.634078
v -1.716213 0.425470 1.630838
v -1.671949 0.371281 1.628760
v -1.696694 0.305811 1.629922
v -1.765703 0.294530 1.633162
v -1.809967 0.348719 1.635239
v -1.796611 0.414189 1.351527
v -1.727567 0.425470 1.349146
v -1.683281 0.371281 1.347619
v -1.708039 0.305811 1.348473
v -1.777083 0.294530 1.350854
v -1.821369 0.348719 1.352381
v -1.804712 0.414189 1.069049
v -1.735646 0.425470 1.067413
v -1.691346 0.371281 1.066364
v -1.716112 0.305811 1.066951
v -1.785177 0.294530 1.068587
v -1.829477 0.348719 1.069636
v -1.809994 0.414189 0.786647
v -1.740916 0.425470 0.785639
v -1.696608 0.371281 0.784992
v -1.721378 0.305811 0.785353
v -1.790456 0.294530 0.786361
v -1.834764 0.348719 0.787008
v -1.812954 0.414189 0.504326
v -1.743871 0.425470 0.503818
v -1.699559 0.371281 0.503491
v -1.724331 0.305811 0.503674
v -1.793414 0.294530 0.504182
v -1.837726 0.348719 0.504509
v -1.813864 0.414189 0.227040
v -1.745227 0.425470 0.219183
v -1.701202 0.371281 0.214143
v -1.725814 0.305811 0.216960
v -1.794451 0.294530 0.224817
v -1.838476 0.348719 0.229857
v -1.878036 0.414189 -0.055054
v -1.809382 0.425470 -0.062765
v -1.765347 0.371281 -0.067711
v -1.789964 0.305811 -0.064946
v -1.858618 0.294530 -0.057235
v -1.902653 0.348719 -0.052289
v -1.878312 0.414189 -0.342000
v -1.809227 0.425470 -0.342000
v -1.764915 0.371281 -0.342000
v -1.789688 0.305811 -0.342000
v -1.858773 0.294530 -0.342000
v -1.903085 0.348719 -0.342000
v -1.878312 0.414189 -0.624001
v -1.809227 0.425470 -0.624000
v -1.764914 0.371281 -0.623999
v -1.789687 0.305811 -0.623999
v -1.858772 0.294530 -0.624000
v -1.903084 0.348719 -0.624001
v -1.878303 0.414189 -0.906004
v -1.809218 0.425470 -0.905998
v -1.764906 0.371281 -0.905994
v -1.789678 0.305811 -0.905996
v -1.858763 0.294530 -0.906002
v -1.903076 0.348719 -0.906006
v -1.878265 0.414189 -1.188012
v -1.809180 0.425470 -1.187993
v -1.764868 0.371281 -1.187980
v -1.789640 0.305811 -1.187987
v -1.858725 0.294530 -1.188007
v -1.903038 0.348719 -1.188020
v -1.878143 0.414189 -1.470034
v -1.809058 0.425470 -1.469981
v -1.764746 0.371281 -1.469946
v -1.789518 0.305811 -1.469966
v -1.858603 0.294530 -1.470019
v -1.902916 0.348719 -1.470054
v -1.877828 0.414189 -1.752080
v -1.808743 0.425470 -1.751955
v -1.764430 0.371281 -1.751875
v -1.789203 0.305811 -1.751920
v -1.858288 0.294530 -1.752045
v -1.902600 0.348719 -1.752125
v -1.877125 0.414189 -2.034165
v -1.808040 0.425470 -2.033907
v -1.763728 0.371281 -2.033742
v -1.788501 0.305811 -2.033835
v -1.857585 0.294530 -2.034092
v -1.901897 0.348719 -2.034258
v -1.875723 0.414189 -2.316312
v -1.806639 0.425470 -2.315825
v -1.762328 0.371281 -2.315513
v -1.787100 0.305811 -2.315688
v -1.856183 0.294530 -2.316175
v -1.900494 0.348719 -2.316487
v -1.873147 0.414189 -2.598550
v -1.804067 0.425470 -2.597692
v -1.759758 0.371281 -2.597142
v -1.784529 0.305811 -2.597450
v -1.853608 0.294530 -2.598308
v -1.897917 0.348719 -2.598858
v -1.868709 0.414189 -2.880918
v -1.799639 0.425470 -2.879487
v -1.755336 0.371281 -2.878570
v -1.780103 0.305811 -2.879083
v -1.849173 0.294530 -2.880513
v -1.893476 0.348719 -2.881431
v -1.861445 0.414189 -3.163463
v -1.792398 0.425470 -3.161182
v -1.748110 0.371281 -3.159719
v -1.772869 0.305811 -3.160537
v -1.841916 0.294530 -3.162818
v -1.886204 0.348719 -3.164281
v -1.850032 0.414189 -3.446249
v -1.781036 0.425470 -3.442743
v -1.736780 0.371281 -3.440493
v -1.761521 0.305811 -3.441751
v -1.830517 0.294530 -3.445257
v -1.874772 0.348719 -3.447507
v -1.832674 0.414189 -3.729358
v -1.763787 0.425470 -3.724123
v -1.719602 0.371281 -3.720765
v -1.744303 0.305811 -3.722642
v -1.813190 0.294530 -3.727877
v -1.857375 0.348719 -3.731236
v -1.806944 0.414189 -4.012895
v -1.738282 0.425470 -4.005263
v -1.694241 0.371281 -4.000368
v -1.718862 0.305811 -4.003105
v -1.787524 0.294530 -4.010736
v -1.831565 0.348719 -4.015632
v -1.769542 0.414190 -4.296905
v -1.701328 0.425469 -4.285968
v -1.657559 0.371278 -4.279064
v -1.682004 0.305810 -4.283095
v -1.750219 0.294531 -4.294032
v -1.793988 0.348722 -4.300936
v -1.716223 0.415243 -4.579576
v -1.648961 0.426409 -4.563730
v -1.605322 0.372203 -4.556153
v -1.628945 0.306831 -4.564424
v -1.696207 0.295665 -4.580270
v -1.739846 0.349870 -4.587847
v -1.640662 0.439189 -4.860701
v -1.575310 0.449724 -4.837938
v -1.531429 0.395598 -4.831238
v -1.552900 0.330937 -4.847300
v -1.618252 0.320403 -4.870062
v -1.662133 0.374528 -4.876762
v -1.531865 0.495085 -5.143008
v -1.469959 0.503932 -5.111555
v -1.426200 0.449746 -5.104547
v -1.444348 0.386714 -5.128992
v -1.506254 0.377867 -5.160446
v -1.550013 0.432052 -5.167453
v -1.370184 0.583681 -5.428138
v -1.314505 0.589309 -5.386088
v -1.272585 0.534173 -5.375951
v -1.286345 0.473409 -5.407863
v -1.342024 0.467780 -5.449912
v -1.383944 0.522917 -5.460050
v -1.115127 0.703998 -5.712339
v -1.063854 0.707481 -5.664812
v -1.023705 0.651483 -5.652472
v -1.034830 0.592002 -5.687660
v -1.086104 0.588519 -5.735188
v -1.126252 0.644517 -5.747528
v -0.950054 1.022558 5.093250
v -0.918003 1.022558 5.079188
v -0.895932 0.996247 5.085938
v -0.905911 0.969935 5.106750
v -0.937962 0.969935 5.120811
v -0.960033 0.996247 5.114062
v -1.064956 0.858985 4.831387
v -1.032565 0.859462 4.818135
v -1.010761 0.832775 4.824248
v -1.021347 0.805611 4.843613
v -1.053738 0.805133 4.856865
v -1.075542 0.831820 4.850752
v -1.160366 0.730270 4.570463
v -1.127386 0.731531 4.558812
v -1.106161 0.704073 4.563349
v -1.117916 0.675355 4.579537
v -1.150896 0.674094 4.591188
v -1.172121 0.701552 4.586651
v -1.241062 0.636009 4.310082
v -1.207610 0.637814 4.299947
v -1.187045 0.609596 4.302365
v -1.199932 0.579573 4.314918
v -1.233384 0.577769 4.325053
v -1.253949 0.605986 4.322635
v -1.309976 0.576041 4.050167
v -1.276137 0.578177 4.041483
v -1.256261 0.549369 4.041317
v -1.270223 0.518425 4.049833
v -1.304061 0.516289 4.058517
v -1.323938 0.545097 4.058684
v -1.369244 0.550208 3.790094
v -1.335101 0.552487 3.782741
v -1.315780 0.523418 3.780147
v -1.330602 0.492071 3.784906
v -1.364745 0.489792 3.792259
v -1.384066 0.518861 3.794853
v -1.420561 0.549091 3.528429
v -1.386205 0.551399 3.522161
v -1.367048 0.522308 3.518733
v -1.382249 0.490909 3.521571
v -1.416606 0.488601 3.527839
v -1.435762 0.517692 3.531268
v -1.464867 0.549090 3.265506
v -1.430362 0.551399 3.260112
v -1.411134 0.522309 3.257106
v -1.426411 0.490910 3.259494
v -1.460916 0.488601 3.264888
v -1.480144 0.517691 3.267894
v -1.502780 0.549090 3.002573
v -1.468162 0.551399 2.997956
v -1.448872 0.522309 2.995384
v -1.464198 0.490910 2.997427
v -1.498816 0.488601 3.002044
v -1.518106 0.517691 3.004616
v -1.534997 0.549090 2.739682
v -1.500294 0.551399 2.735766
v -1.480955 0.522309 2.733584
v -1.496320 0.490910 2.735318
v -1.531024 0.488601 2.739234
v -1.550362 0.517691 2.741416
v -1.562116 0.549090 2.476830
v -1.527347 0.551399 2.473546
v -1.507971 0.522309 2.471716
v -1.523365 0.490910 2.473170
v -1.558134 0.488601 2.476454
v -1.577510 0.517691 2.478284
v -1.584648 0.549090 2.214011
v -1.549829 0.551399 2.211300
v -1.530427 0.522309 2.209789
v -1.545842 0.490910 2.210989
v -1.580661 0.488601 2.213701
v -1.600063 0.517691 2.215211
v -1.603048 0.549090 1.951223
v -1.568194 0.551399 1.949029
v -1.548771 0.522309 1.947806
v -1.564202 0.490910 1.948777
v -1.599057 0.488601 1.950971
v -1.618480 0.517691 1.952194
v -1.617733 0.549090 1.688463
v -1.582852 0.551399 1.686735
v -1.563414 0.522309 1.685772
v -1.578857 0.490910 1.686537
v -1.613738 0.488601 1.688265
v -1.633176 0.517691 1.689228
v -1.629089 0.549090 1.425731
v -1.594190 0.551399 1.424419
v -1.574742 0.522309 1.423688
v -1.590194 0.490910 1.424269
v -1.625093 0.488601 1.425581
v -1.644540 0.517691 1.426312
v -1.637493 0.549090 1.163027
v -1.602582 0.551399 1.162081
v -1.583128 0.522309 1.161554
v -1.598584 0.490910 1.161973
v -1.633495 0.488601 1.162919
v -1.652950 0.517691 1.163446
v -1.643320 0.549090 0.900351
v -1.608402 0.551399 0.899721
v -1.588944 0.522309 0.899371
v -1.604403 0.490910 0.899649
v -1.639322 0.488601 0.900279
v -1.658780 0.517691 0.900629
v -1.646959 0.549090 0.637704
v -1.612037 0.551399 0.637338
v -1.592577 0.522309 0.637134
v -1.608038 0.490910 0.637296
v -1.642960 0.488601 0.637662
v -1.662420 0.517691 0.637866
v -1.648832 0.549090 0.375092
v -1.613909 0.551399 0.374927
v -1.594447 0.522309 0.374835
v -1.609910 0.490910 0.374908
v -1.644833 0.488601 0.375073
v -1.664294 0.517691 0.375165
v -1.649292 0.549090 0.114845
v -1.614623 0.551399 0.110637
v -1.595303 0.522309 0.108293
v -1.610653 0.490910 0.110155
v -1.645322 0.488601 0.114363
v -1.664642 0.517691 0.116707
v -1.713322 0.549090 -0.147678
v -1.678648 0.551399 -0.151845
v -1.659326 0.522309 -0.154168
v -1.674678 0.490910 -0.152322
v -1.709352 0.488601 -0.148155
v -1.728674 0.517691 -0.145832
v -1.713461 0.549090 -0.412500
v -1.678538 0.551399 -0.412500
v -1.659076 0.522309 -0.412500
v -1.674538 0.490910 -0.412500
v -1.709462 0.488601 -0.412500
v -1.728924 0.517691 -0.412500
v -1.713460 0.549090 -0.675000
v -1.678536 0.551399 -0.675000
v -1.659075 0.522309 -0.674999
v -1.674537 0.490910 -0.675000
v -1.709461 0.488601 -0.675000
v -1.728922 0.517691 -0.675001
v -1.713450 0.549090 -0.937502
v -1.678526 0.551399 -0.937499
v -1.659065 0.522309 -0.937497
v -1.674527 0.490910 -0.937498
v -1.709451 0.488601 -0.937501
v -1.728912 0.517691 -0.937503
v -1.713411 0.549090 -1.200006
v -1.678488 0.551399 -1.199996
v -1.659026 0.522309 -1.199990
v -1.674489 0.490910 -1.199994
v -1.709412 0.488601 -1.200005
v -1.728874 0.517691 -1.200010
v -1.713297 0.549090 -1.462515
v -1.678374 0.551399 -1.462488
v -1.658912 0.522309 -1.462474
v -1.674375 0.490910 -1.462485
v -1.709298 0.488601 -1.462512
v -1.728760 0.517691 -1.462526
v -1.713020 0.549090 -1.725032
v -1.678096 0.551399 -1.724974
v -1.658635 0.522309 -1.724942
v -1.674097 0.490910 -1.724968
v -1.709021 0.488601 -1.725026
v -1.728482 0.517691 -1.725058
v -1.712428 0.549090 -1.987564
v -1.677504 0.551399 -1.987449
v -1.658043 0.522309 -1.987385
v -1.673505 0.490910 -1.987436
v -1.708429 0.488601 -1.987551
v -1.727890 0.517691 -1.987615
v -1.711285 0.549090 -2.250118
v -1.676362 0.551399 -2.249906
v -1.656901 0.522309 -2.249788
v -1.672363 0.490910 -2.249882
v -1.707286 0.488601 -2.250094
v -1.726747 0.517691 -2.250212
v -1.709238 0.549090 -2.512704
v -1.674317 0.551399 -2.512338
v -1.654856 0.522309 -2.512135
v -1.670318 0.490910 -2.512296
v -1.705239 0.488601 -2.512662
v -1.724700 0.517691 -2.512866
v -1.705786 0.549090 -2.775334
v -1.670867 0.551399 -2.774735
v -1.651409 0.522309 -2.774402
v -1.666869 0.490910 -2.774667
v -1.701787 0.488601 -2.775265
v -1.721246 0.517691 -2.775599
v -1.700234 0.549090 -3.038023
v -1.665323 0.551399 -3.037084
v -1.645869 0.522309 -3.036561
v -1.661325 0.490910 -3.036977
v -1.696236 0.488601 -3.037916
v -1.715691 0.517691 -3.038439
v -1.691647 0.549090 -3.300794
v -1.656752 0.551399 -3.299370
v -1.637307 0.522309 -3.298576
v -1.652757 0.490910 -3.299206
v -1.687651 0.488601 -3.300630
v -1.707097 0.517691 -3.301424
v -1.678779 0.549090 -3.563669
v -1.643919 0.551399 -3.561571
v -1.624492 0.522309 -3.560402
v -1.639927 0.490910 -3.561331
v -1.674787 0.488601 -3.563429
v -1.694214 0.517691 -3.564598
v -1.659985 0.549090 -3.826683
v -1.625193 0.551399 -3.823663
v -1.605804 0.522309 -3.821980
v -1.621208 0.490910 -3.823317
v -1.656001 0.488601 -3.826337
v -1.675390 0.517691 -3.828020
v -1.633087 0.549090 -4.089876
v -1.598425 0.551399 -4.085612
v -1.579109 0.522309 -4.083236
v -1.594455 0.490910 -4.085124
v -1.629118 0.488601 -4.089388
v -1.648434 0.517691 -4.091764
v -1.595184 0.549092 -4.353167
v -1.560769 0.551397 -4.347229
v -1.541570 0.522305 -4.344061
v -1.556786 0.490908 -4.346833
v -1.591201 0.488603 -4.352771
v -1.610400 0.517695 -4.355938
v -1.542498 0.551620 -4.615561
v -1.508558 0.553859 -4.607311
v -1.489337 0.524770 -4.604250
v -1.504056 0.493442 -4.609439
v -1.537996 0.491204 -4.617690
v -1.557217 0.520293 -4.620750
v -1.469454 0.577126 -4.877182
v -1.436392 0.579057 -4.865863
v -1.416920 0.550056 -4.863680
v -1.430510 0.519124 -4.872818
v -1.463573 0.517193 -4.884137
v -1.483045 0.546194 -4.886320
v -1.366993 0.630229 -5.139414
v -1.335469 0.631395 -5.124253
v -1.315889 0.602447 -5.122339
v -1.327834 0.572333 -5.135586
v -1.359358 0.571167 -5.150747
v -1.378938 0.600115 -5.152661
v -1.220108 0.710976 -5.402014
v -1.189644 0.711565 -5.384792
v -1.170115 0.682590 -5.382778
v -1.181051 0.653024 -5.397986
v -1.211515 0.652435 -5.415208
v -1.231043 0.681410 -5.417222
v 0.765463 1.274493 5.531245
v 0.823629 1.274493 5.570190
v 0.833106 1.225166 5.618945
v 0.784417 1.175839 5.628755
v 0.726251 1.175839 5.589809
v 0.716774 1.225166 5.541055
v 0.952891 1.033861 5.251462
v 1.012585 1.031855 5.287966
v 1.023450 0.980707 5.334504
v 0.974621 0.931564 5.344538
v 0.914926 0.933570 5.308033
v 0.904062 0.984718 5.261496
v 1.093830 0.834776 4.974509
v 1.155936 0.829456 5.006359
v 1.169417 0.774713 5.047850
v 1.120792 0.725291 5.057491
v 1.058685 0.730611 5.025640
v 1.045204 0.785353 4.984149
v 1.206974 0.675368 4.698620
v 1.270786 0.667692 4.726354
v 1.286798 0.609452 4.761734
v 1.238998 0.558888 4.769381
v 1.175186 0.566564 4.741647
v 1.159174 0.624804 4.706267
v 1.300388 0.555372 4.423872
v 1.365554 0.545985 4.447649
v 1.384048 0.484611 4.475776
v 1.337375 0.432623 4.480128
v 1.272209 0.442009 4.456352
v 1.253716 0.503384 4.428224
v 1.378707 0.474451 4.150207
v 1.444998 0.463921 4.170071
v 1.465889 0.400111 4.189864
v 1.420489 0.346830 4.189793
v 1.354198 0.357360 4.169929
v 1.333307 0.421171 4.150136
v 1.445033 0.432238 3.877013
v 1.512247 0.421120 3.893097
v 1.535287 0.355940 3.904084
v 1.491114 0.301878 3.898987
v 1.423900 0.312996 3.882903
v 1.400860 0.378176 3.871916
v 1.502145 0.425461 3.600560
v 1.569978 0.414192 3.613663
v 1.594171 0.348731 3.619103
v 1.550531 0.294539 3.611440
v 1.482697 0.305808 3.598337
v 1.458505 0.371269 3.592897
v 1.551424 0.425470 3.320034
v 1.619618 0.414189 3.331095
v 1.644071 0.348719 3.335061
v 1.600330 0.294530 3.327966
v 1.532136 0.305811 3.316905
v 1.507684 0.371281 3.312939
v 1.593288 0.425470 3.038640
v 1.661734 0.414189 3.048011
v 1.686278 0.348719 3.051371
v 1.642375 0.294530 3.045360
v 1.573928 0.305811 3.035989
v 1.549385 0.371281 3.032629
v 1.628497 0.425470 2.757180
v 1.697133 0.414189 2.765044
v 1.721744 0.348719 2.767864
v 1.677720 0.294530 2.762820
v 1.609084 0.305811 2.754956
v 1.584473 0.371281 2.752136
v 1.657796 0.425470 2.475665
v 1.726573 0.414189 2.482177
v 1.751235 0.348719 2.484512
v 1.707120 0.294530 2.480335
v 1.638343 0.305811 2.473823
v 1.613680 0.371281 2.471488
v 1.681818 0.425470 2.194100
v 1.750699 0.414189 2.199399
v 1.775399 0.348719 2.201299
v 1.731217 0.294530 2.197900
v 1.662335 0.305811 2.192601
v 1.637636 0.371281 2.190701
v 1.701122 0.425470 1.912490
v 1.770078 0.414189 1.916701
v 1.794804 0.348719 1.918211
v 1.750574 0.294530 1.915510
v 1.681618 0.305811 1.911299
v 1.656891 0.371281 1.909789
v 1.716213 0.425470 1.630838
v 1.785222 0.414189 1.634078
v 1.809967 0.348719 1.635239
v 1.765703 0.294530 1.633162
v 1.696694 0.305811 1.629922
v 1.671949 0.371281 1.628760
v 1.727567 0.425470 1.349146
v 1.796611 0.414189 1.351527
v 1.821369 0.348719 1.352381
v 1.777083 0.294530 1.350854
v 1.708039 0.305811 1.348473
v 1.683281 0.371281 1.347619
v 1.735646 0.425470 1.067413
v 1.804712 0.414189 1.069049
v 1.829477 0.348719 1.069636
v 1.785177 0.294530 1.068587
v 1.716112 0.305811 1.066951
v 1.691346 0.371281 1.066364
v 1.740916 0.425470 0.785639
v 1.809994 0.414189 0.786647
v 1.834764 0.348719 0.787008
v 1.790456 0.294530 0.786361
v 1.721378 0.305811 0.785353
v 1.696608 0.371281 0.784992
v 1.743871 0.425470 0.503818
v 1.812954 0.414189 0.504326
v 1.837726 0.348719 0.504509
v 1.793414 0.294530 0.504182
v 1.724331 0.305811 0.503674
v 1.699559 0.371281 0.503491
v 1.745227 0.425470 0.219183
v 1.813864 0.414189 0.227040
v 1.838476 0.348719 0.229857
v 1.794451 0.294530 0.224817
v 1.725814 0.305811 0.216960
v 1.701202 0.371281 0.214143
v 1.809382 0.425470 -0.062765
v 1.878036 0.414189 -0.055054
v 1.902653 0.348719 -0.052289
v 1.858618 0.294530 -0.057235
v 1.789964 0.305811 -0.064946
v 1.765347 0.371281 -0.067711
v 1.809227 0.425470 -0.342000
v 1.878312 0.414189 -0.342000
v 1.903085 0.348719 -0.342000
v 1.858773 0.294530 -0.342000
v 1.789688 0.305811 -0.342000
v 1.764915 0.371281 -0.342000
v 1.809227 0.425470 -0.624000
v 1.878312 0.414189 -0.624001
v 1.903084 0.348719 -0.624001
v 1.858772 0.294530 -0.624000
v 1.789687 0.305811 -0.623999
v 1.764914 0.371281 -0.623999
v 1.809218 0.425470 -0.905998
v 1.878303 0.414189 -0.906004
v 1.903076 0.348719 -0.906006
v 1.858763 0.294530 -0.906002
v 1.789678 0.305811 -0.905996
v 1.764906 0.371281 -0.905994
v 1.809180 0.425470 -1.187993
v 1.878265 0.414189 -1.188012
v 1.903038 0.348719 -1.188020
v 1.858725 0.294530 -1.188007
v 1.789640 0.305811 -1.187987
v 1.764868 0.371281 -1.187980
v 1.809058 0.425470 -1.469981
v 1.878143 0.414189 -1.470034
v 1.902916 0.348719 -1.470054
v 1.858603 0.294530 -1.470019
v 1.789518 0.305811 -1.469966
v 1.764746 0.371281 -1.469946
v 1.808743 0.425470 -1.751955
v 1.877828 0.414189 -1.752080
v 1.902600 0.348719 -1.752125
v 1.858288 0.294530 -1.752045
v 1.789203 0.305811 -1.751920
v 1.764430 0.371281 -1.751875
v 1.808040 0.425470 -2.033907
v 1.877125 0.414189 -2.034165
v 1.901897 0.348719 -2.034258
v 1.857585 0.294530 -2.034092
v 1.788501 0.305811 -2.033835
v 1.763728 0.371281 -2.033742
v 1.806639 0.425470 -2.315825
v 1.875723 0.414189 -2.316312
v 1.900494 0.348719 -2.316487
v 1.856183 0.294530 -2.316175
v 1.787100 0.305811 -2.315688
v 1.762328 0.371281 -2.315513
v 1.804067 0.425470 -2.597692
v 1.873147 0.414189 -2.598550
v 1.897917 0.348719 -2.598858
v 1.853608 0.294530 -2.598308
v 1.784529 0.305811 -2.597450
v 1.759758 0.371281 -2.597142
v 1.799639 0.425470 -2.879487
v 1.868709 0.414189 -2.880918
v 1.893476 0.348719 -2.881431
v 1.849173 0.294530 -2.880513
v 1.780103 0.305811 -2.879083
v 1.755336 0.371281 -2.878570
v 1.792398 0.425470 -3.161182
v 1.861445 0.414189 -3.163463
v 1.886204 0.348719 -3.164281
v 1.841916 0.294530 -3.162818
v 1.772869 0.305811 -3.160537
v 1.748110 0.371281 -3.159719
v 1.781036 0.425470 -3.442743
v 1.850032 0.414189 -3.446249
v 1.874772 0.348719 -3.447507
v 1.830517 0.294530 -3.445257
v 1.761521 0.305811 -3.441751
v 1.736780 0.371281 -3.440493
v 1.763787 0.425470 -3.724123
v 1.832674 0.414189 -3.729358
v 1.857375 0.348719 -3.731236
v 1.813190 0.294530 -3.727877
v 1.744303 0.305811 -3.722642
v 1.719602 0.371281 -3.720765
v 1.738282 0.425470 -4.005263
v 1.806944 0.414189 -4.012895
v 1.831565 0.348719 -4.015632
v 1.787524 0.294530 -4.010736
v 1.718862 0.305811 -4.003105
v 1.694241 0.371281 -4.000368
v 1.701328 0.425469 -4.285968
v 1.769542 0.414190 -4.296905
v 1.793988 0.348722 -4.300936
v 1.750219 0.294531 -4.294032
v 1.682004 0.305810 -4.283095
v 1.657559 0.371278 -4.279064
v 1.648961 0.426409 -4.563730
v 1.716223 0.415243 -4.579576
v 1.739846 0.349870 -4.587847
v 1.696207 0.295665 -4.580270
v 1.628945 0.306831 -4.564424
v 1.605322 0.372203 -4.556153
v 1.575310 0.449724 -4.837938
v 1.640662 0.439189 -4.860701
v 1.662133 0.374528 -4.876762
v 1.618252 0.320403 -4.870062
v 1.552900 0.330937 -4.847300
v 1.531429 0.395598 -4.831238
v 1.469959 0.503932 -5.111555
v 1.531865 0.495085 -5.143008
v 1.550013 0.432052 -5.167453
v 1.506254 0.377867 -5.160446
v 1.444348 0.386714 -5.128992
v 1.426200 0.449746 -5.104547
v 1.314505 0.589309 -5.386088
v 1.370184 0.583681 -5.428138
v 1.383944 0.522917 -5.460050
v 1.342024 0.467781 -5.449912
v 1.286345 0.473409 -5.407863
v 1.272585 0.534173 -5.375951
v 1.063854 0.707481 -5.664812
v 1.115127 0.703998 -5.712339
v 1.126252 0.644517 -5.747528
v 1.086104 0.588519 -5.735188
v 1.034830 0.592002 -5.687660
v 1.023705 0.651483 -5.652472
v 0.918003 1.022558 5.079188
v 0.950054 1.022558 5.093250
v 0.960033 0.996247 5.114062
v 0.937962 0.969935 5.120811
v 0.905911 0.969935 5.106750
v 0.895932 0.996247 5.085938
v 1.032565 0.859462 4.818135
v 1.064956 0.858985 4.831387
v 1.075542 0.831820 4.850752
v 1.053738 0.805133 4.856865
v 1.021347 0.805611 4.843613
v 1.010761 0.832775 4.824248
v 1.127386 0.731531 4.558812
v 1.160366 0.730270 4.570463
v 1.172121 0.701552 4.586651
v 1.150896 0.674094 4.591188
v 1.117916 0.675355 4.579537
v 1.106161 0.704073 4.563349
v 1.207610 0.637814 4.299947
v 1.241062 0.636009 4.310082
v 1.253949 0.605986 4.322635
v 1.233384 0.577769 4.325053
v 1.199932 0.579573 4.314918
v 1.187045 0.609596 4.302365
v 1.276137 0.578177 4.041483
v 1.309976 0.576041 4.050167
v 1.323938 0.545097 4.058684
v 1.304061 0.516289 4.058517
v 1.270223 0.518425 4.049833
v 1.256261 0.549369 4.041317
v 1.335101 0.552487 3.782741
v 1.369244 0.550208 3.790094
v 1.384066 0.518861 3.794853
v 1.364745 0.489792 3.792259
v 1.330602 0.492071 3.784906
v 1.315780 0.523418 3.780147
v 1.386205 0.551399 3.522161
v 1.420561 0.549091 3.528429
v 1.435762 0.517692 3.531268
v 1.416606 0.488601 3.527839
v 1.382249 0.490909 3.521571
v 1.367048 0.522308 3.518733
v 1.430362 0.551399 3.260112
v 1.464867 0.549090 3.265506
v 1.480144 0.517691 3.267894
v 1.460916 0.488601 3.264888
v 1.426411 0.490910 3.259494
v 1.411134 0.522309 3.257106
v 1.468162 0.551399 2.997956
v 1.502780 0.549090 3.002573
v 1.518106 0.517691 3.004616
v 1.498816 0.488601 3.002044
v 1.464198 0.490910 2.997427
v 1.448872 0.522309 2.995384
v 1.500294 0.551399 2.735766
v 1.534997 0.549090 2.739682
v 1.550362 0.517691 2.741416
v 1.531024 0.488601 2.739234
v 1.496320 0.490910 2.735318
v 1.480955 0.522309 2.733584
v 1.527347 0.551399 2.473546
v 1.562116 0.549090 2.476830
v 1.577510 0.517691 2.478284
v 1.558134 0.488601 2.476454
v 1.523365 0.490910 2.473170
v 1.507971 0.522309 2.471716
v 1.549829 0.551399 2.211300
v 1.584648 0.549090 2.214011
v 1.600063 0.517691 2.215211
v 1.580661 0.488601 2.213701
v 1.545842 0.490910 2.210989
v 1.530427 0.522309 2.209789
v 1.568194 0.551399 1.949029
v 1.603048 0.549090 1.951223
v 1.618480 0.517691 1.952194
v 1.599057 0.488601 1.950971
v 1.564202 0.490910 1.948777
v 1.548771 0.522309 1.947806
v 1.582852 0.551399 1.686735
v 1.617733 0.549090 1.688463
v 1.633176 0.517691 1.689228
v 1.613738 0.488601 1.688265
v 1.578857 0.490910 1.686537
v 1.563414 0.522309 1.685772
v 1.594190 0.551399 1.424419
v 1.629089 0.549090 1.425731
v 1.644540 0.517691 1.426312
v 1.625093 0.488601 1.425581
v 1.590194 0.490910 1.424269
v 1.574742 0.522309 1.423688
v 1.602582 0.551399 1.162081
v 1.637493 0.549090 1.163027
v 1.652950 0.517691 1.163446
v 1.633495 0.488601 1.162919
v 1.598584 0.490910 1.161973
v 1.583128 0.522309 1.161554
v 1.608402 0.551399 0.899721
v 1.643320 0.549090 0.900351
v 1.658780 0.517691 0.900629
v 1.639322 0.488601 0.900279
v 1.604403 0.490910 0.899649
v 1.588944 0.522309 0.899371
v 1.612037 0.551399 0.637338
v 1.646959 0.549090 0.637704
v 1.662420 0.517691 0.637866
v 1.642960 0.488601 0.637662
v 1.608038 0.490910 0.637296
v 1.592577 0.522309 0.637134
v 1.613909 0.551399 0.374927
v 1.648832 0.549090 0.375092
v 1.664294 0.517691 0.375165
v 1.644833 0.488601 0.375073
v 1.609910 0.490910 0.374908
v 1.594447 0.522309 0.374835
v 1.614623 0.551399 0.110637
v 1.649292 0.549090 0.114845
v 1.664642 0.517691 0.116707
v 1.645322 0.488601 0.114363
v 1.610653 0.490910 0.110155
v 1.595303 0.522309 0.108293
v 1.678648 0.551399 -0.151845
v 1.713322 0.549090 -0.147678
v 1.728674 0.517691 -0.145832
v 1.709352 0.488601 -0.148155
v 1.674678 0.490910 -0.152322
v 1.659326 0.522309 -0.154168
v 1.678538 0.551399 -0.412500
v 1.713461 0.549090 -0.412500
v 1.728924 0.517691 -0.412500
v 1.709462 0.488601 -0.412500
v 1.674538 0.490910 -0.412500
v 1.659076 0.522309 -0.412500
v 1.678536 0.551399 -0.675000
v 1.713460 0.549090 -0.675000
v 1.728922 0.517691 -0.675001
v 1.709461 0.488601 -0.675000
v 1.674537 0.490910 -0.675000
v 1.659075 0.522309 -0.674999
v 1.678526 0.551399 -0.937499
v 1.713450 0.549090 -0.937502
v 1.728912 0.517691 -0.937503
v 1.709451 0.488601 -0.937501
v 1.674527 0.490910 -0.937498
v 1.659065 0.522309 -0.937497
v 1.678488 0.551399 -1.199996
v 1.713411 0.549090 -1.200006
v 1.728874 0.517691 -1.200010
v 1.709412 0.488601 -1.200005
v 1.674489 0.490910 -1.199994
v 1.659026 0.522309 -1.199990
v 1.678374 0.551399 -1.462488
v 1.713297 0.549090 -1.462515
v 1.728760 0.517691 -1.462526
v 1.709298 0.488601 -1.462512
v 1.674375 0.490910 -1.462485
v 1.658912 0.522309 -1.462474
v 1.678096 0.551399 -1.724974
v 1.713020 0.549090 -1.725032
v 1.728482 0.517691 -1.725058
v 1.709021 0.488601 -1.725026
v 1.674097 0.490910 -1.724968
v 1.658635 0.522309 -1.724942
v 1.677504 0.551399 -1.987449
v 1.712428 0.549090 -1.987564
v 1.727890 0.517691 -1.987615
v 1.708429 0.488601 -1.987551
v 1.673505 0.490910 -1.987436
v 1.658043 0.522309 -1.987385
v 1.676362 0.551399 -2.249906
v 1.711285 0.549090 -2.250118
v 1.726747 0.517691 -2.250212
v 1.707286 0.488601 -2.250094
v 1.672363 0.490910 -2.249882
v 1.656901 0.522309 -2.249788
v 1.674317 0.551399 -2.512338
v 1.709238 0.549090 -2.512704
v 1.724700 0.517691 -2.512866
v 1.705239 0.488601 -2.512662
v 1.670318 0.490910 -2.512296
v 1.654856 0.522309 -2.512135
v 1.670867 0.551399 -2.774735
v 1.705786 0.549090 -2.775334
v 1.721246 0.517691 -2.775599
v 1.701787 0.488601 -2.775265
v 1.666869 0.490910 -2.774667
v 1.651409 0.522309 -2.774402
v 1.665323 0.551399 -3.037084
v 1.700234 0.549090 -3.038023
v 1.715691 0.517691 -3.038439
v 1.696236 0.488601 -3.037916
v 1.661325 0.490910 -3.036977
v 1.645869 0.522309 -3.036561
v 1.656752 0.551399 -3.299370
v 1.691647 0.549090 -3.300794
v 1.707097 0.517691 -3.301424
v 1.687651 0.488601 -3.300630
v 1.652757 0.490910 -3.299206
v 1.637307 0.522309 -3.298576
v 1.643919 0.551399 -3.561571
v 1.678779 0.549090 -3.563669
v 1.694214 0.517691 -3.564598
v 1.674787 0.488601 -3.563429
v 1.639927 0.490910 -3.561331
v 1.624492 0.522309 -3.560402
v 1.625193 0.551399 -3.823663
v 1.659985 0.549090 -3.826683
v 1.675390 0.517691 -3.828020
v 1.656001 0.488601 -3.826337
v 1.621208 0.490910 -3.823317
v 1.605804 0.522309 -3.821980
v 1.598425 0.551399 -4.085612
v 1.633087 0.549090 -4.089876
v 1.648434 0.517691 -4.091764
v 1.629118 0.488601 -4.089388
v 1.594455 0.490910 -4.085124
v 1.579109 0.522309 -4.083236
v 1.560769 0.551397 -4.347229
v 1.595184 0.549092 -4.353167
v 1.610400 0.517695 -4.355938
v 1.591201 0.488603 -4.352771
v 1.556786 0.490908 -4.346833
v 1.541570 0.522305 -4.344061
v 1.508558 0.553859 -4.607311
v 1.542498 0.551620 -4.615561
v 1.557217 0.520293 -4.620750
v 1.537996 0.491204 -4.617690
v 1.504056 0.493442 -4.609439
v 1.489337 0.524770 -4.604250
v 1.436392 0.579057 -4.865863
v 1.469454 0.577126 -4.877182
v 1.483045 0.546194 -4.886320
v 1.463573 0.517193 -4.884137
v 1.430510 0.519124 -4.872818
v 1.416920 0.550056 -4.863680
v 1.335469 0.631395 -5.124253
v 1.366993 0.630229 -5.139414
v 1.378938 0.600115 -5.152661
v 1.359358 0.571167 -5.150747
v 1.327834 0.572333 -5.135586
v 1.315889 0.602447 -5.122339
v 1.189644 0.711565 -5.384792
v 1.220108 0.710976 -5.402014
v 1.231043 0.681410 -5.417222
v 1.211515 0.652435 -5.415208
v 1.181051 0.653024 -5.397986
v 1.170115 0.682590 -5.382778
v -0.970000 0.610000 2.570000
v -0.970000 0.640000 2.600000
v -1.000000 0.640000 2.570000
v -0.970000 0.640000 2.600000
v -0.970000 0.670000 2.570000
v -1.000000 0.640000 2.570000
v -0.970000 0.610000 1.230000
v -1.000000 0.640000 1.230000
v -0.970000 0.640000 1.200000
v -0.970000 0.670000 1.230000
v -0.970000 0.640000 1.200000
v -1.000000 0.640000 1.230000
v 0.970000 0.610000 2.570000
v 1.000000 0.640000 2.570000
v 0.970000 0.640000 2.600000
v 0.970000 0.670000 2.570000
v 0.970000 0.640000 2.600000
v 1.000000 0.640000 2.570000
v 0.970000 0.610000 1.230000
v 0.970000 0.640000 1.200000
v 1.000000 0.640000 1.230000
v 0.970000 0.670000 1.230000
v 1.000000 0.640000 1.230000
v 0.970000 0.640000 1.200000
v -0.825000 0.655000 2.425000
v -0.825000 0.680000 2.450000
v -0.850000 0.680000 2.425000
v -0.825000 0.680000 2.450000
v -0.825000 0.705000 2.425000
v -0.850000 0.680000 2.425000
v -0.825000 0.655000 1.375000
v -0.850000 0.680000 1.375000
v -0.825000 0.680000 1.350000
v -0.825000 0.705000 1.375000
v -0.825000 0.680000 1.350000
v -0.850000 0.680000 1.375000
v 0.825000 0.655000 2.425000
v 0.850000 0.680000 2.425000
v 0.825000 0.680000 2.450000
v 0.825000 0.705000 2.425000
v 0.825000 0.680000 2.450000
v 0.850000 0.680000 2.425000
v 0.825000 0.655000 1.375000
v 0.825000 0.680000 1.350000
v 0.850000 0.680000 1.375000
v 0.825000 0.705000 1.375000
v 0.850000 0.680000 1.375000
v 0.825000 0.680000 1.350000
v -0.800000 0.660000 2.380000
v -0.800000 0.720000 2.380000
v -0.758855 0.660000 2.393369
v -0.758855 0.720000 2.393369
v -0.733426 0.660000 2.428369
v -0.733426 0.720000 2.428369
v -0.733426 0.660000 2.471631
v -0.733426 0.720000 2.471631
v -0.758855 0.660000 2.506631
v -0.758855 0.720000 2.506631
v -0.800000 0.660000 2.520000
v -0.800000 0.720000 2.520000
v -0.841145 0.660000 2.506631
v -0.841145 0.720000 2.506631
v -0.866574 0.660000 2.471631
v -0.866574 0.720000 2.471631
v -0.866574 0.660000 2.428369
v -0.866574 0.720000 2.428369
v -0.841145 0.660000 2.393369
v -0.841145 0.720000 2.393369
v -0.800000 0.660000 1.280000
v -0.800000 0.720000 1.280000
v -0.758855 0.660000 1.293369
v -0.758855 0.720000 1.293369
v -0.733426 0.660000 1.328369
v -0.733426 0.720000 1.328369
v -0.733426 0.660000 1.371631
v -0.733426 0.720000 1.371631
v -0.758855 0.660000 1.406631
v -0.758855 0.720000 1.406631
v -0.800000 0.660000 1.420000
v -0.800000 0.720000 1.420000
v -0.841145 0.660000 1.406631
v -0.841145 0.720000 1.406631
v -0.866574 0.660000 1.371631
v -0.866574 0.720000 1.371631
v -0.866574 0.660000 1.328369
v -0.866574 0.720000 1.328369
v -0.841145 0.660000 1.293369
v -0.841145 0.720000 1.293369
v 0.800000 0.660000 2.380000
v 0.800000 0.720000 2.380000
v 0.841145 0.660000 2.393369
v 0.841145 0.720000 2.393369
v 0.866574 0.660000 2.428369
v 0.866574 0.720000 2.428369
v 0.866574 0.660000 2.471631
v 0.866574 0.720000 2.471631
v 0.841145 0.660000 2.506631
v 0.841145 0.720000 2.506631
v 0.800000 0.660000 2.520000
v 0.800000 0.720000 2.520000
v 0.758855 0.660000 2.506631
v 0.758855 0.720000 2.506631
v 0.733426 0.660000 2.471631
v 0.733426 0.720000 2.471631
v 0.733426 0.660000 2.428369
v 0.733426 0.720000 2.428369
v 0.758855 0.660000 2.393369
v 0.758855 0.720000 2.393369
v 0.800000 0.660000 1.280000
v 0.800000 0.720000 1.280000
v 0.841145 0.660000 1.293369
v 0.841145 0.720000 1.293369
v 0.866574 0.660000 1.328369
v 0.866574 0.720000 1.328369
v 0.866574 0.660000 1.371631
v 0.866574 0.720000 1.371631
v 0.841145 0.660000 1.406631
v 0.841145 0.720000 1.406631
v 0.800000 0.660000 1.420000
v 0.800000 0.720000 1.420000
v 0.758855 0.660000 1.406631
v 0.758855 0.720000 1.406631
v 0.733426 0.660000 1.371631
v 0.733426 0.720000 1.371631
v 0.733426 0.660000 1.328369
v 0.733426 0.720000 1.328369
v 0.758855 0.660000 1.293369
v 0.758855 0.720000 1.293369
v -0.650000 0.695000 2.280000
v -0.650000 0.725000 2.280000
v -0.650000 0.695000 2.220000
v -0.650000 0.725000 2.220000
v 0.650000 0.695000 2.280000
v 0.650000 0.725000 2.280000
v 0.650000 0.695000 2.220000
v 0.650000 0.725000 2.220000
v -0.650000 0.695000 1.930000
v -0.650000 0.725000 1.930000
v -0.650000 0.695000 1.870000
v -0.650000 0.725000 1.870000
v 0.650000 0.695000 1.930000
v 0.650000 0.725000 1.930000
v 0.650000 0.695000 1.870000
v 0.650000 0.725000 1.870000
v -0.650000 0.695000 1.580000
v -0.650000 0.725000 1.580000
v -0.650000 0.695000 1.520000
v -0.650000 0.725000 1.520000
v 0.650000 0.695000 1.580000
v 0.650000 0.725000 1.580000
v 0.650000 0.695000 1.520000
v 0.650000 0.725000 1.520000
v -0.970000 0.610000 -1.330000
v -0.970000 0.640000 -1.300000
v -1.000000 0.640000 -1.330000
v -0.970000 0.640000 -1.300000
v -0.970000 0.670000 -1.330000
v -1.000000 0.640000 -1.330000
v -0.970000 0.610000 -2.670000
v -1.000000 0.640000 -2.670000
v -0.970000 0.640000 -2.700000
v -0.970000 0.670000 -2.670000
v -0.970000 0.640000 -2.700000
v -1.000000 0.640000 -2.670000
v 0.970000 0.610000 -1.330000
v 1.000000 0.640000 -1.330000
v 0.970000 0.640000 -1.300000
v 0.970000 0.670000 -1.330000
v 0.970000 0.640000 -1.300000
v 1.000000 0.640000 -1.330000
v 0.970000 0.610000 -2.670000
v 0.970000 0.640000 -2.700000
v 1.000000 0.640000 -2.670000
v 0.970000 0.670000 -2.670000
v 1.000000 0.640000 -2.670000
v 0.970000 0.640000 -2.700000
v -0.825000 0.655000 -1.475000
v -0.825000 0.680000 -1.450000
v -0.850000 0.680000 -1.475000
v -0.825000 0.680000 -1.450000
v -0.825000 0.705000 -1.475000
v -0.850000 0.680000 -1.475000
v -0.825000 0.655000 -2.525000
v -0.850000 0.680000 -2.525000
v -0.825000 0.680000 -2.550000
v -0.825000 0.705000 -2.525000
v -0.825000 0.680000 -2.550000
v -0.850000 0.680000 -2.525000
v 0.825000 0.655000 -1.475000
v 0.850000 0.680000 -1.475000
v 0.825000 0.680000 -1.450000
v 0.825000 0.705000 -1.475000
v 0.825000 0.680000 -1.450000
v 0.850000 0.680000 -1.475000
v 0.825000 0.655000 -2.525000
v 0.825000 0.680000 -2.550000
v 0.850000 0.680000 -2.525000
v 0.825000 0.705000 -2.525000
v 0.850000 0.680000 -2.525000
v 0.825000 0.680000 -2.550000
v -0.800000 0.660000 -1.520000
v -0.800000 0.720000 -1.520000
v -0.758855 0.660000 -1.506631
v -0.758855 0.720000 -1.506631
v -0.733426 0.660000 -1.471631
v -0.733426 0.720000 -1.471631
v -0.733426 0.660000 -1.428369
v -0.733426 0.720000 -1.428369
v -0.758855 0.660000 -1.393369
v -0.758855 0.720000 -1.393369
v -0.800000 0.660000 -1.380000
v -0.800000 0.720000 -1.380000
v -0.841145 0.660000 -1.393369
v -0.841145 0.720000 -1.393369
v -0.866574 0.660000 -1.428369
v -0.866574 0.720000 -1.428369
v -0.866574 0.660000 -1.471631
v -0.866574 0.720000 -1.471631
v -0.841145 0.660000 -1.506631
v -0.841145 0.720000 -1.506631
v -0.800000 0.660000 -2.620000
v -0.800000 0.720000 -2.620000
v -0.758855 0.660000 -2.606631
v -0.758855 0.720000 -2.606631
v -0.733426 0.660000 -2.571631
v -0.733426 0.720000 -2.571631
v -0.733426 0.660000 -2.528369
v -0.733426 0.720000 -2.528369
v -0.758855 0.660000 -2.493369
v -0.758855 0.720000 -2.493369
v -0.800000 0.660000 -2.480000
v -0.800000 0.720000 -2.480000
v -0.841145 0.660000 -2.493369
v -0.841145 0.720000 -2.493369
v -0.866574 0.660000 -2.528369
v -0.866574 0.720000 -2.528369
v -0.866574 0.660000 -2.571631
v -0.866574 0.720000 -2.571631
v -0.841145 0.660000 -2.606631
v -0.841145 0.720000 -2.606631
v 0.800000 0.660000 -1.520000
v 0.800000 0.720000 -1.520000
v 0.841145 0.660000 -1.506631
v 0.841145 0.720000 -1.506631
v 0.866574 0.660000 -1.471631
v 0.866574 0.720000 -1.471631
v 0.866574 0.660000 -1.428369
v 0.866574 0.720000 -1.428369
v 0.841145 0.660000 -1.393369
v 0.841145 0.720000 -1.393369
v 0.800000 0.660000 -1.380000
v 0.800000 0.720000 -1.380000
v 0.758855 0.660000 -1.393369
v 0.758855 0.720000 -1.393369
v 0.733426 0.660000 -1.428369
v 0.733426 0.720000 -1.428369
v 0.733426 0.660000 -1.471631
v 0.733426 0.720000 -1.471631
v 0.758855 0.660000 -1.506631
v 0.758855 0.720000 -1.506631
v 0.800000 0.660000 -2.620000
v 0.800000 0.720000 -2.620000
v 0.841145 0.660000 -2.606631
v 0.841145 0.720000 -2.606631
v 0.866574 0.660000 -2.571631
v 0.866574 0.720000 -2.571631
v 0.866574 0.660000 -2.528369
v 0.866574 0.720000 -2.528369
v 0.841145 0.660000 -2.493369
v 0.841145 0.720000 -2.493369
v 0.800000 0.660000 -2.480000
v 0.800000 0.720000 -2.480000
v 0.758855 0.660000 -2.493369
v 0.758855 0.720000 -2.493369
v 0.733426 0.660000 -2.528369
v 0.733426 0.720000 -2.528369
v 0.733426 0.660000 -2.571631
v 0.733426 0.720000 -2.571631
v 0.758855 0.660000 -2.606631
v 0.758855 0.720000 -2.606631
v -0.650000 0.695000 -1.620000
v -0.650000 0.725000 -1.620000
v -0.650000 0.695000 -1.680000
v -0.650000 0.725000 -1.680000
v 0.650000 0.695000 -1.620000
v 0.650000 0.725000 -1.620000
v 0.650000 0.695000 -1.680000
v 0.650000 0.725000 -1.680000
v -0.650000 0.695000 -1.970000
v -0.650000 0.725000 -1.970000
v -0.650000 0.695000 -2.030000
v -0.650000 0.725000 -2.030000
v 0.650000 0.695000 -1.970000
v 0.650000 0.725000 -1.970000
v 0.650000 0.695000 -2.030000
v 0.650000 0.725000 -2.030000
v -0.650000 0.695000 -2.320000
v -0.650000 0.725000 -2.320000
v -0.650000 0.695000 -2.380000
v -0.650000 0.725000 -2.380000
v 0.650000 0.695000 -2.320000
v 0.650000 0.725000 -2.320000
v 0.650000 0.695000 -2.380000
v 0.650000 0.725000 -2.380000
v 0.000000 0.902528 4.350000
v 0.000000 0.783694 3.435359
v 0.000000 0.710028 3.360000
v 0.000000 0.636361 3.435359
v 0.000000 0.532181 3.971143
v 0.000000 0.517528 4.350000
v 0.080546 0.887874 3.999982
v 0.148829 0.846146 3.703251
v 0.194454 0.783694 3.504982
v 0.210476 0.710028 3.435359
v 0.194454 0.636361 3.504982
v 0.148829 0.573910 3.703251
v 0.080546 0.532181 3.999982
v 0.148829 0.887874 4.082108
v 0.275000 0.846146 3.855000
v 0.359305 0.783694 3.703251
v 0.388909 0.710028 3.649964
v 0.359305 0.636361 3.703251
v 0.275000 0.573910 3.855000
v 0.148829 0.532181 4.082108
v 0.194454 0.887874 4.205018
v 0.359305 0.846146 4.082108
v 0.469454 0.783694 3.999982
v 0.508134 0.710028 3.971143
v 0.469454 0.636361 3.999982
v 0.359305 0.573910 4.082108
v 0.194454 0.532181 4.205018
v 0.210476 0.887874 4.350000
v 0.388909 0.846146 4.350000
v 0.508134 0.783694 4.350000
v 0.550000 0.710028 4.350000
v 0.508134 0.636361 4.350000
v 0.388909 0.573910 4.350000
v 0.210476 0.532181 4.350000
v 0.194454 0.887874 4.494982
v 0.359305 0.846146 4.617892
v 0.469454 0.783694 4.700018
v 0.508134 0.710028 4.728857
v 0.469454 0.636361 4.700018
v 0.359305 0.573910 4.617892
v 0.194454 0.532181 4.494982
v 0.148829 0.887874 4.617892
v 0.275000 0.846146 4.845000
v 0.359305 0.783694 4.996748
v 0.388909 0.710028 5.050035
v 0.359305 0.636361 4.996748
v 0.275000 0.573910 4.845000
v 0.148829 0.532181 4.617892
v 0.080546 0.887874 4.700018
v 0.148829 0.846146 4.996748
v 0.194454 0.783694 5.195018
v 0.210476 0.710028 5.264641
v 0.194454 0.636361 5.195018
v 0.148829 0.573910 4.996748
v 0.080546 0.532181 4.700018
v -0.000000 0.887874 4.728857
v -0.000000 0.846146 5.050035
v -0.000000 0.783694 5.264640
v -0.000000 0.710028 5.340000
v -0.000000 0.636361 5.264640
v -0.000000 0.573910 5.050035
v -0.000000 0.532181 4.728857
v -0.080546 0.887874 4.700017
v -0.148829 0.846146 4.996748
v -0.194454 0.783694 5.195017
v -0.210476 0.710028 5.264640
v -0.194454 0.636361 5.195017
v -0.148829 0.573910 4.996748
v -0.080546 0.532181 4.700017
v -0.148829 0.887874 4.617892
v -0.275000 0.846146 4.845000
v -0.359305 0.783694 4.996748
v -0.388909 0.710028 5.050035
v -0.359305 0.636361 4.996748
v -0.275000 0.573910 4.845000
v -0.148829 0.532181 4.617892
v -0.194454 0.887874 4.494982
v -0.359305 0.846146 4.617892
v -0.469454 0.783694 4.700017
v -0.508134 0.710028 4.728856
v -0.469454 0.636361 4.700017
v -0.359305 0.573910 4.617892
v -0.194454 0.532181 4.494982
v -0.210476 0.887874 4.350000
v -0.388909 0.846146 4.349999
v -0.508134 0.783694 4.349999
v -0.550000 0.710028 4.349999
v -0.508134 0.636361 4.349999
v -0.388909 0.573910 4.349999
v -0.210476 0.532181 4.350000
v -0.194454 0.887874 4.205018
v -0.359305 0.846146 4.082108
v -0.469454 0.783694 3.999982
v -0.508134 0.710028 3.971143
v -0.469454 0.636361 3.999982
v -0.359305 0.573910 4.082108
v -0.194454 0.532181 4.205018
v -0.148829 0.887874 4.082108
v -0.275000 0.846146 3.855000
v -0.359304 0.783694 3.703251
v -0.388908 0.710028 3.649964
v -0.359304 0.636361 3.703251
v -0.275000 0.573910 3.855000
v -0.148829 0.532181 4.082108
v -0.080546 0.887874 3.999982
v -0.148829 0.846146 3.703251
v -0.194454 0.783694 3.504982
v -0.210476 0.710028 3.435359
v -0.194454 0.636361 3.504982
v -0.148829 0.573910 3.703251
v -0.080546 0.532181 3.999982
v 0.000000 0.887874 3.971143
v 0.000000 0.846146 3.649965
v 0.000000 0.573910 3.649965
v -0.737713 0.615000 3.813306
v -0.737713 0.665000 3.813306
v -0.268241 0.615000 2.930358
v -0.268241 0.665000 2.930358
v -0.631759 0.615000 3.869642
v -0.631759 0.665000 3.869642
v -0.162287 0.615000 2.986695
v -0.162287 0.665000 2.986695
v 0.631759 0.615000 3.869642
v 0.631759 0.665000 3.869642
v 0.162287 0.615000 2.986695
v 0.162287 0.665000 2.986695
v 0.737713 0.615000 3.813306
v 0.737713 0.665000 3.813306
v 0.268241 0.615000 2.930358
v 0.268241 0.665000 2.930358
v -0.950000 -0.160000 2.410374
v -0.950000 -0.130000 2.380000
v -0.950000 0.160000 2.410374
v -0.950000 0.130000 2.380000
v -0.767795 -0.160000 2.439232
v -0.758409 -0.130000 2.410345
v -0.767795 0.160000 2.439232
v -0.758409 0.130000 2.410345
v -0.603427 -0.160000 2.522983
v -0.585573 -0.130000 2.498410
v -0.603427 0.160000 2.522983
v -0.585573 0.130000 2.498410
v -0.472982 -0.160000 2.653427
v -0.448409 -0.130000 2.635573
v -0.472982 0.160000 2.653427
v -0.448409 0.130000 2.635573
v -0.389232 -0.160000 2.817796
v -0.360345 -0.130000 2.808409
v -0.389232 0.160000 2.817796
v -0.360345 0.130000 2.808409
v -0.360374 -0.160000 3.000000
v -0.330000 -0.130000 3.000000
v -0.360374 0.160000 3.000000
v -0.330000 0.130000 3.000000
v -0.389232 -0.160000 3.182204
v -0.360345 -0.130000 3.191591
v -0.389232 0.160000 3.182204
v -0.360345 0.130000 3.191591
v -0.472982 -0.160000 3.346573
v -0.448409 -0.130000 3.364427
v -0.472982 0.160000 3.346573
v -0.448409 0.130000 3.364427
v -0.603427 -0.160000 3.477017
v -0.585573 -0.130000 3.501590
v -0.603427 0.160000 3.477017
v -0.585573 0.130000 3.501590
v -0.767795 -0.160000 3.560768
v -0.758409 -0.130000 3.589655
v -0.767795 0.160000 3.560768
v -0.758409 0.130000 3.589655
v -0.950000 -0.160000 3.589626
v -0.950000 -0.130000 3.620000
v -0.950000 0.160000 3.589626
v -0.950000 0.130000 3.620000
v -1.132205 -0.160000 3.560768
v -1.141591 -0.130000 3.589655
v -1.132205 0.160000 3.560768
v -1.141591 0.130000 3.589655
v -1.296573 -0.160000 3.477017
v -1.314427 -0.130000 3.501590
v -1.296573 0.160000 3.477017
v -1.314427 0.130000 3.501590
v -1.427017 -0.160000 3.346573
v -1.451591 -0.130000 3.364427
v -1.427017 0.160000 3.346573
v -1.451591 0.130000 3.364427
v -1.510768 -0.160000 3.182204
v -1.539655 -0.130000 3.191591
v -1.510768 0.160000 3.182204
v -1.539655 0.130000 3.191591
v -1.539626 -0.160000 3.000000
v -1.570000 -0.130000 3.000000
v -1.539626 0.160000 3.000000
v -1.570000 0.130000 3.000000
v -1.510768 -0.160000 2.817796
v -1.539655 -0.130000 2.808409
v -1.510768 0.160000 2.817796
v -1.539655 0.130000 2.808409
v -1.427017 -0.160000 2.653427
v -1.451591 -0.130000 2.635573
v -1.427017 0.160000 2.653427
v -1.451591 0.130000 2.635573
v -1.296573 -0.160000 2.522983
v -1.314427 -0.130000 2.498410
v -1.296573 0.160000 2.522983
v -1.314427 0.130000 2.498410
v -1.132205 -0.160000 2.439232
v -1.141591 -0.130000 2.410345
v -1.132205 0.160000 2.439232
v -1.141591 0.130000 2.410345
v -0.260000 0.050000 3.000000
v -0.295000 0.110622 3.000000
v -0.365000 0.110622 3.000000
v -0.400000 0.050000 3.000000
v -0.365000 -0.010622 3.000000
v -0.295000 -0.010622 3.000000
v -0.283511 0.050000 2.821415
v -0.317319 0.110622 2.830474
v -0.384933 0.110622 2.848591
v -0.418741 0.050000 2.857650
v -0.384933 -0.010622 2.848591
v -0.317319 -0.010622 2.830474
v -0.352443 0.050000 2.655000
v -0.382753 0.110622 2.672500
v -0.443375 0.110622 2.707500
v -0.473686 0.050000 2.725000
v -0.443375 -0.010622 2.707500
v -0.382753 -0.010622 2.672500
v -0.462096 0.050000 2.512096
v -0.486845 0.110622 2.536845
v -0.536343 0.110622 2.586343
v -0.561091 0.050000 2.611091
v -0.536343 -0.010622 2.586343
v -0.486845 -0.010622 2.536845
v -0.605000 0.050000 2.402442
v -0.622500 0.110622 2.432753
v -0.657500 0.110622 2.493375
v -0.675000 0.050000 2.523686
v -0.657500 -0.010622 2.493375
v -0.622500 -0.010622 2.432753
v -0.771415 0.050000 2.333511
v -0.780473 0.110622 2.367319
v -0.798591 0.110622 2.434933
v -0.807649 0.050000 2.468741
v -0.798591 -0.010622 2.434933
v -0.780473 -0.010622 2.367319
v -0.950000 0.050000 2.310000
v -0.950000 0.110622 2.345000
v -0.950000 0.110622 2.415000
v -0.950000 0.050000 2.450000
v -0.950000 -0.010622 2.415000
v -0.950000 -0.010622 2.345000
v -1.128585 0.050000 2.333511
v -1.119526 0.110622 2.367319
v -1.101409 0.110622 2.434933
v -1.092350 0.050000 2.468741
v -1.101409 -0.010622 2.434933
v -1.119526 -0.010622 2.367319
v -1.295000 0.050000 2.402442
v -1.277500 0.110622 2.432753
v -1.242500 0.110622 2.493375
v -1.225000 0.050000 2.523686
v -1.242500 -0.010622 2.493375
v -1.277500 -0.010622 2.432753
v -1.437904 0.050000 2.512096
v -1.413155 0.110622 2.536845
v -1.363657 0.110622 2.586343
v -1.338909 0.050000 2.611091
v -1.363657 -0.010622 2.586343
v -1.413155 -0.010622 2.536845
v -1.547557 0.050000 2.655000
v -1.517246 0.110622 2.672500
v -1.456625 0.110622 2.707500
v -1.426314 0.050000 2.725000
v -1.456625 -0.010622 2.707500
v -1.517246 -0.010622 2.672500
v -1.616489 0.050000 2.821415
v -1.582681 0.110622 2.830474
v -1.515067 0.110622 2.848591
v -1.481259 0.050000 2.857650
v -1.515067 -0.010622 2.848591
v -1.582681 -0.010622 2.830474
v -1.640000 0.050000 3.000000
v -1.605000 0.110622 3.000000
v -1.535000 0.110622 3.000000
v -1.500000 0.050000 3.000000
v -1.535000 -0.010622 3.000000
v -1.605000 -0.010622 3.000000
v -1.616489 0.050000 3.178585
v -1.582681 0.110622 3.169526
v -1.515067 0.110622 3.151409
v -1.481259 0.050000 3.142350
v -1.515067 -0.010622 3.151409
v -1.582681 -0.010622 3.169526
v -1.547558 0.050000 3.345000
v -1.517247 0.110622 3.327500
v -1.456625 0.110622 3.292500
v -1.426314 0.050000 3.275000
v -1.456625 -0.010622 3.292500
v -1.517247 -0.010622 3.327500
v -1.437904 0.050000 3.487904
v -1.413155 0.110622 3.463155
v -1.363657 0.110622 3.413657
v -1.338909 0.050000 3.388909
v -1.363657 -0.010622 3.413657
v -1.413155 -0.010622 3.463155
v -1.295000 0.050000 3.597558
v -1.277500 0.110622 3.567247
v -1.242500 0.110622 3.506625
v -1.225000 0.050000 3.476314
v -1.242500 -0.010622 3.506625
v -1.277500 -0.010622 3.567247
v -1.128585 0.050000 3.666489
v -1.119527 0.110622 3.632681
v -1.101409 0.110622 3.565067
v -1.092351 0.050000 3.531259
v -1.101409 -0.010622 3.565067
v -1.119527 -0.010622 3.632681
v -0.950000 0.050000 3.690000
v -0.950000 0.110622 3.655000
v -0.950000 0.110622 3.585000
v -0.950000 0.050000 3.550000
v -0.950000 -0.010622 3.585000
v -0.950000 -0.010622 3.655000
v -0.771415 0.050000 3.666489
v -0.780474 0.110622 3.632681
v -0.798591 0.110622 3.565067
v -0.807650 0.050000 3.531259
v -0.798591 -0.010622 3.565067
v -0.780474 -0.010622 3.632681
v -0.605000 0.050000 3.597558
v -0.622500 0.110622 3.567247
v -0.657500 0.110622 3.506625
v -0.675000 0.050000 3.476314
v -0.657500 -0.010622 3.506625
v -0.622500 -0.010622 3.567247
v -0.462097 0.050000 3.487904
v -0.486845 0.110622 3.463155
v -0.536343 0.110622 3.413658
v -0.561091 0.050000 3.388909
v -0.536343 -0.010622 3.413658
v -0.486845 -0.010622 3.463155
v -0.352443 0.050000 3.345000
v -0.382753 0.110622 3.327500
v -0.443375 0.110622 3.292500
v -0.473686 0.050000 3.275000
v -0.443375 -0.010622 3.292500
v -0.382753 -0.010622 3.327500
v -0.283511 0.050000 3.178585
v -0.317318 0.110622 3.169526
v -0.384933 0.110622 3.151409
v -0.418741 0.050000 3.142350
v -0.384933 -0.010622 3.151409
v -0.317318 -0.010622 3.169526
v -0.470000 -0.160000 3.000000
v -0.500000 -0.108038 3.000000
v -0.560000 -0.108038 3.000000
v -0.590000 -0.160000 3.000000
v -0.560000 -0.211962 3.000000
v -0.500000 -0.211962 3.000000
v -0.486356 -0.160000 2.875767
v -0.515333 -0.108038 2.883532
v -0.573289 -0.108038 2.899060
v -0.602267 -0.160000 2.906825
v -0.573289 -0.211962 2.899060
v -0.515333 -0.211962 2.883532
v -0.534308 -0.160000 2.760000
v -0.560289 -0.108038 2.775000
v -0.612250 -0.108038 2.805000
v -0.638231 -0.160000 2.820000
v -0.612250 -0.211962 2.805000
v -0.560289 -0.211962 2.775000
v -0.610589 -0.160000 2.660589
v -0.631802 -0.108038 2.681802
v -0.674228 -0.108038 2.724228
v -0.695442 -0.160000 2.745441
v -0.674228 -0.211962 2.724228
v -0.631802 -0.211962 2.681802
v -0.710000 -0.160000 2.584308
v -0.725000 -0.108038 2.610289
v -0.755000 -0.108038 2.662250
v -0.770000 -0.160000 2.688231
v -0.755000 -0.211962 2.662250
v -0.725000 -0.211962 2.610289
v -0.825767 -0.160000 2.536355
v -0.833531 -0.108038 2.565333
v -0.849061 -0.108038 2.623289
v -0.856825 -0.160000 2.652267
v -0.849061 -0.211962 2.623289
v -0.833531 -0.211962 2.565333
v -0.950000 -0.160000 2.520000
v -0.950000 -0.108038 2.550000
v -0.950000 -0.108038 2.610000
v -0.950000 -0.160000 2.640000
v -0.950000 -0.211962 2.610000
v -0.950000 -0.211962 2.550000
v -1.074233 -0.160000 2.536355
v -1.066468 -0.108038 2.565333
v -1.050939 -0.108038 2.623289
v -1.043175 -0.160000 2.652267
v -1.050939 -0.211962 2.623289
v -1.066468 -0.211962 2.565333
v -1.190000 -0.160000 2.584308
v -1.175000 -0.108038 2.610289
v -1.145000 -0.108038 2.662250
v -1.130000 -0.160000 2.688231
v -1.145000 -0.211962 2.662250
v -1.175000 -0.211962 2.610289
v -1.289411 -0.160000 2.660589
v -1.268198 -0.108038 2.681802
v -1.225772 -0.108038 2.724228
v -1.204558 -0.160000 2.745442
v -1.225772 -0.211962 2.724228
v -1.268198 -0.211962 2.681802
v -1.365692 -0.160000 2.760000
v -1.339711 -0.108038 2.775000
v -1.287750 -0.108038 2.805000
v -1.261769 -0.160000 2.820000
v -1.287750 -0.211962 2.805000
v -1.339711 -0.211962 2.775000
v -1.413644 -0.160000 2.875767
v -1.384667 -0.108038 2.883532
v -1.326711 -0.108038 2.899061
v -1.297733 -0.160000 2.906825
v -1.326711 -0.211962 2.899061
v -1.384667 -0.211962 2.883532
v -1.430000 -0.160000 3.000000
v -1.400000 -0.108038 3.000000
v -1.340000 -0.108038 3.000000
v -1.310000 -0.160000 3.000000
v -1.340000 -0.211962 3.000000
v -1.400000 -0.211962 3.000000
v -1.413644 -0.160000 3.124233
v -1.384667 -0.108038 3.116468
v -1.326711 -0.108038 3.100939
v -1.297733 -0.160000 3.093175
v -1.326711 -0.211962 3.100939
v -1.384667 -0.211962 3.116468
v -1.365692 -0.160000 3.240000
v -1.339711 -0.108038 3.225000
v -1.287750 -0.108038 3.195000
v -1.261769 -0.160000 3.180000
v -1.287750 -0.211962 3.195000
v -1.339711 -0.211962 3.225000
v -1.289411 -0.160000 3.339411
v -1.268198 -0.108038 3.318198
v -1.225772 -0.108038 3.275772
v -1.204558 -0.160000 3.254558
v -1.225772 -0.211962 3.275772
v -1.268198 -0.211962 3.318198
v -1.190000 -0.160000 3.415692
v -1.175000 -0.108038 3.389711
v -1.145000 -0.108038 3.337750
v -1.130000 -0.160000 3.311769
v -1.145000 -0.211962 3.337750
v -1.175000 -0.211962 3.389711
v -1.074233 -0.160000 3.463644
v -1.066469 -0.108038 3.434667
v -1.050940 -0.108038 3.376711
v -1.043175 -0.160000 3.347733
v -1.050940 -0.211962 3.376711
v -1.066469 -0.211962 3.434667
v -0.950000 -0.160000 3.480000
v -0.950000 -0.108038 3.450000
v -0.950000 -0.108038 3.390000
v -0.950000 -0.160000 3.360000
v -0.950000 -0.211962 3.390000
v -0.950000 -0.211962 3.450000
v -0.825767 -0.160000 3.463645
v -0.833532 -0.108038 3.434667
v -0.849061 -0.108038 3.376711
v -0.856825 -0.160000 3.347733
v -0.849061 -0.211962 3.376711
v -0.833532 -0.211962 3.434667
v -0.710000 -0.160000 3.415692
v -0.725000 -0.108038 3.389711
v -0.755000 -0.108038 3.337750
v -0.770000 -0.160000 3.311769
v -0.755000 -0.211962 3.337750
v -0.725000 -0.211962 3.389711
v -0.610589 -0.160000 3.339411
v -0.631802 -0.108038 3.318198
v -0.674228 -0.108038 3.275772
v -0.695442 -0.160000 3.254559
v -0.674228 -0.211962 3.275772
v -0.631802 -0.211962 3.318198
v -0.534308 -0.160000 3.240000
v -0.560289 -0.108038 3.225000
v -0.612250 -0.108038 3.195000
v -0.638231 -0.160000 3.180000
v -0.612250 -0.211962 3.195000
v -0.560289 -0.211962 3.225000
v -0.486356 -0.160000 3.124233
v -0.515333 -0.108038 3.116468
v -0.573289 -0.108038 3.100939
v -0.602267 -0.160000 3.093175
v -0.573289 -0.211962 3.100939
v -0.515333 -0.211962 3.116468
v -0.950000 -0.200000 2.750000
v -0.950000 -0.140000 2.750000
v -0.885295 -0.200000 2.758518
v -0.885295 -0.140000 2.758518
v -0.825000 -0.200000 2.783494
v -0.825000 -0.140000 2.783494
v -0.773223 -0.200000 2.823223
v -0.773223 -0.140000 2.823223
v -0.733494 -0.200000 2.875000
v -0.733494 -0.140000 2.875000
v -0.708519 -0.200000 2.935295
v -0.708519 -0.140000 2.935295
v -0.700000 -0.200000 3.000000
v -0.700000 -0.140000 3.000000
v -0.708519 -0.200000 3.064705
v -0.708519 -0.140000 3.064705
v -0.733494 -0.200000 3.125000
v -0.733494 -0.140000 3.125000
v -0.773223 -0.200000 3.176777
v -0.773223 -0.140000 3.176777
v -0.825000 -0.200000 3.216506
v -0.825000 -0.140000 3.216506
v -0.885295 -0.200000 3.241482
v -0.885295 -0.140000 3.241482
v -0.950000 -0.200000 3.250000
v -0.950000 -0.140000 3.250000
v -1.014705 -0.200000 3.241482
v -1.014705 -0.140000 3.241482
v -1.075000 -0.200000 3.216506
v -1.075000 -0.140000 3.216506
v -1.126777 -0.200000 3.176777
v -1.126777 -0.140000 3.176777
v -1.166506 -0.200000 3.125000
v -1.166506 -0.140000 3.125000
v -1.191481 -0.200000 3.064705
v -1.191481 -0.140000 3.064705
v -1.200000 -0.200000 3.000000
v -1.200000 -0.140000 3.000000
v -1.191481 -0.200000 2.935295
v -1.191481 -0.140000 2.935295
v -1.166506 -0.200000 2.875000
v -1.166506 -0.140000 2.875000
v -1.126777 -0.200000 2.823223
v -1.126777 -0.140000 2.823223
v -1.075000 -0.200000 2.783494
v -1.075000 -0.140000 2.783494
v -1.014705 -0.200000 2.758518
v -1.014705 -0.140000 2.758518
v -0.370000 -0.175000 3.030000
v -0.370000 -0.125000 3.030000
v -0.690000 -0.175000 3.030000
v -0.690000 -0.125000 3.030000
v -0.370000 -0.175000 2.970000
v -0.370000 -0.125000 2.970000
v -0.690000 -0.175000 2.970000
v -0.690000 -0.125000 2.970000
v -0.634019 -0.175000 2.512705
v -0.634019 -0.125000 2.512705
v -0.794019 -0.175000 2.789833
v -0.794019 -0.125000 2.789833
v -0.685981 -0.175000 2.482705
v -0.685981 -0.125000 2.482705
v -0.845981 -0.175000 2.759833
v -0.845981 -0.125000 2.759833
v -1.214019 -0.175000 2.482705
v -1.214019 -0.125000 2.482705
v -1.054019 -0.175000 2.759833
v -1.054019 -0.125000 2.759833
v -1.265981 -0.175000 2.512705
v -1.265981 -0.125000 2.512705
v -1.105981 -0.175000 2.789833
v -1.105981 -0.125000 2.789833
v -1.530000 -0.175000 2.970000
v -1.530000 -0.125000 2.970000
v -1.210000 -0.175000 2.970000
v -1.210000 -0.125000 2.970000
v -1.530000 -0.175000 3.030000
v -1.530000 -0.125000 3.030000
v -1.210000 -0.175000 3.030000
v -1.210000 -0.125000 3.030000
v -1.265981 -0.175000 3.487295
v -1.265981 -0.125000 3.487295
v -1.105981 -0.175000 3.210167
v -1.105981 -0.125000 3.210167
v -1.214019 -0.175000 3.517295
v -1.214019 -0.125000 3.517295
v -1.054019 -0.175000 3.240167
v -1.054019 -0.125000 3.240167
v -0.685981 -0.175000 3.517295
v -0.685981 -0.125000 3.517295
v -0.845981 -0.175000 3.240167
v -0.845981 -0.125000 3.240167
v -0.634019 -0.175000 3.487295
v -0.634019 -0.125000 3.487295
v -0.794019 -0.175000 3.210167
v -0.794019 -0.125000 3.210167
v -0.950000 -0.160000 -3.189626
v -0.950000 -0.130000 -3.220000
v -0.950000 0.160000 -3.189626
v -0.950000 0.130000 -3.220000
v -0.767795 -0.160000 -3.160768
v -0.758409 -0.130000 -3.189655
v -0.767795 0.160000 -3.160768
v -0.758409 0.130000 -3.189655
v -0.603427 -0.160000 -3.077017
v -0.585573 -0.130000 -3.101590
v -0.603427 0.160000 -3.077017
v -0.585573 0.130000 -3.101590
v -0.472982 -0.160000 -2.946573
v -0.448409 -0.130000 -2.964427
v -0.472982 0.160000 -2.946573
v -0.448409 0.130000 -2.964427
v -0.389232 -0.160000 -2.782204
v -0.360345 -0.130000 -2.791590
v -0.389232 0.160000 -2.782204
v -0.360345 0.130000 -2.791590
v -0.360374 -0.160000 -2.600000
v -0.330000 -0.130000 -2.600000
v -0.360374 0.160000 -2.600000
v -0.330000 0.130000 -2.600000
v -0.389232 -0.160000 -2.417795
v -0.360345 -0.130000 -2.408409
v -0.389232 0.160000 -2.417795
v -0.360345 0.130000 -2.408409
v -0.472982 -0.160000 -2.253427
v -0.448409 -0.130000 -2.235573
v -0.472982 0.160000 -2.253427
v -0.448409 0.130000 -2.235573
v -0.603427 -0.160000 -2.122983
v -0.585573 -0.130000 -2.098409
v -0.603427 0.160000 -2.122983
v -0.585573 0.130000 -2.098409
v -0.767795 -0.160000 -2.039232
v -0.758409 -0.130000 -2.010345
v -0.767795 0.160000 -2.039232
v -0.758409 0.130000 -2.010345
v -0.950000 -0.160000 -2.010374
v -0.950000 -0.130000 -1.980000
v -0.950000 0.160000 -2.010374
v -0.950000 0.130000 -1.980000
v -1.132205 -0.160000 -2.039232
v -1.141591 -0.130000 -2.010345
v -1.132205 0.160000 -2.039232
v -1.141591 0.130000 -2.010345
v -1.296573 -0.160000 -2.122983
v -1.314427 -0.130000 -2.098409
v -1.296573 0.160000 -2.122983
v -1.314427 0.130000 -2.098409
v -1.427017 -0.160000 -2.253427
v -1.451591 -0.130000 -2.235573
v -1.427017 0.160000 -2.253427
v -1.451591 0.130000 -2.235573
v -1.510768 -0.160000 -2.417795
v -1.539655 -0.130000 -2.408409
v -1.510768 0.160000 -2.417795
v -1.539655 0.130000 -2.408409
v -1.539626 -0.160000 -2.600000
v -1.570000 -0.130000 -2.600000
v -1.539626 0.160000 -2.600000
v -1.570000 0.130000 -2.600000
v -1.510768 -0.160000 -2.782204
v -1.539655 -0.130000 -2.791590
v -1.510768 0.160000 -2.782204
v -1.539655 0.130000 -2.791590
v -1.427017 -0.160000 -2.946573
v -1.451591 -0.130000 -2.964427
v -1.427017 0.160000 -2.946573
v -1.451591 0.130000 -2.964427
v -1.296573 -0.160000 -3.077017
v -1.314427 -0.130000 -3.101590
v -1.296573 0.160000 -3.077017
v -1.314427 0.130000 -3.101590
v -1.132205 -0.160000 -3.160768
v -1.141591 -0.130000 -3.189655
v -1.132205 0.160000 -3.160768
v -1.141591 0.130000 -3.189655
v -0.260000 0.050000 -2.600000
v -0.295000 0.110622 -2.600000
v -0.365000 0.110622 -2.600000
v -0.400000 0.050000 -2.600000
v -0.365000 -0.010622 -2.600000
v -0.295000 -0.010622 -2.600000
v -0.283511 0.050000 -2.778585
v -0.317319 0.110622 -2.769526
v -0.384933 0.110622 -2.751409
v -0.418741 0.050000 -2.742350
v -0.384933 -0.010622 -2.751409
v -0.317319 -0.010622 -2.769526
v -0.352443 0.050000 -2.945000
v -0.382753 0.110622 -2.927500
v -0.443375 0.110622 -2.892500
v -0.473686 0.050000 -2.875000
v -0.443375 -0.010622 -2.892500
v -0.382753 -0.010622 -2.927500
v -0.462096 0.050000 -3.087903
v -0.486845 0.110622 -3.063155
v -0.536343 0.110622 -3.013657
v -0.561091 0.050000 -2.988909
v -0.536343 -0.010622 -3.013657
v -0.486845 -0.010622 -3.063155
v -0.605000 0.050000 -3.197557
v -0.622500 0.110622 -3.167247
v -0.657500 0.110622 -3.106625
v -0.675000 0.050000 -3.076314
v -0.657500 -0.010622 -3.106625
v -0.622500 -0.010622 -3.167247
v -0.771415 0.050000 -3.266489
v -0.780473 0.110622 -3.232681
v -0.798591 0.110622 -3.165066
v -0.807649 0.050000 -3.131259
v -0.798591 -0.010622 -3.165066
v -0.780473 -0.010622 -3.232681
v -0.950000 0.050000 -3.290000
v -0.950000 0.110622 -3.255000
v -0.950000 0.110622 -3.185000
v -0.950000 0.050000 -3.150000
v -0.950000 -0.010622 -3.185000
v -0.950000 -0.010622 -3.255000
v -1.128585 0.050000 -3.266489
v -1.119526 0.110622 -3.232681
v -1.101409 0.110622 -3.165066
v -1.092350 0.050000 -3.131259
v -1.101409 -0.010622 -3.165066
v -1.119526 -0.010622 -3.232681
v -1.295000 0.050000 -3.197557
v -1.277500 0.110622 -3.167247
v -1.242500 0.110622 -3.106625
v -1.225000 0.050000 -3.076314
v -1.242500 -0.010622 -3.106625
v -1.277500 -0.010622 -3.167247
v -1.437904 0.050000 -3.087903
v -1.413155 0.110622 -3.063155
v -1.363657 0.110622 -3.013657
v -1.338909 0.050000 -2.988909
v -1.363657 -0.010622 -3.013657
v -1.413155 -0.010622 -3.063155
v -1.547557 0.050000 -2.945000
v -1.517246 0.110622 -2.927500
v -1.456625 0.110622 -2.892500
v -1.426314 0.050000 -2.875000
v -1.456625 -0.010622 -2.892500
v -1.517246 -0.010622 -2.927500
v -1.616489 0.050000 -2.778585
v -1.582681 0.110622 -2.769526
v -1.515067 0.110622 -2.751409
v -1.481259 0.050000 -2.742350
v -1.515067 -0.010622 -2.751409
v -1.582681 -0.010622 -2.769526
v -1.640000 0.050000 -2.600000
v -1.605000 0.110622 -2.600000
v -1.535000 0.110622 -2.600000
v -1.500000 0.050000 -2.600000
v -1.535000 -0.010622 -2.600000
v -1.605000 -0.010622 -2.600000
v -1.616489 0.050000 -2.421415
v -1.582681 0.110622 -2.430474
v -1.515067 0.110622 -2.448591
v -1.481259 0.050000 -2.457649
v -1.515067 -0.010622 -2.448591
v -1.582681 -0.010622 -2.430474
v -1.547558 0.050000 -2.255000
v -1.517247 0.110622 -2.272500
v -1.456625 0.110622 -2.307500
v -1.426314 0.050000 -2.325000
v -1.456625 -0.010622 -2.307500
v -1.517247 -0.010622 -2.272500
v -1.437904 0.050000 -2.112096
v -1.413155 0.110622 -2.136845
v -1.363657 0.110622 -2.186342
v -1.338909 0.050000 -2.211091
v -1.363657 -0.010622 -2.186342
v -1.413155 -0.010622 -2.136845
v -1.295000 0.050000 -2.002442
v -1.277500 0.110622 -2.032753
v -1.242500 0.110622 -2.093375
v -1.225000 0.050000 -2.123686
v -1.242500 -0.010622 -2.093375
v -1.277500 -0.010622 -2.032753
v -1.128585 0.050000 -1.933511
v -1.119527 0.110622 -1.967319
v -1.101409 0.110622 -2.034933
v -1.092351 0.050000 -2.068741
v -1.101409 -0.010622 -2.034933
v -1.119527 -0.010622 -1.967319
v -0.950000 0.050000 -1.910000
v -0.950000 0.110622 -1.945000
v -0.950000 0.110622 -2.015000
v -0.950000 0.050000 -2.050000
v -0.950000 -0.010622 -2.015000
v -0.950000 -0.010622 -1.945000
v -0.771415 0.050000 -1.933511
v -0.780474 0.110622 -1.967318
v -0.798591 0.110622 -2.034933
v -0.807650 0.050000 -2.068741
v -0.798591 -0.010622 -2.034933
v -0.780474 -0.010622 -1.967318
v -0.605000 0.050000 -2.002442
v -0.622500 0.110622 -2.032753
v -0.657500 0.110622 -2.093375
v -0.675000 0.050000 -2.123686
v -0.657500 -0.010622 -2.093375
v -0.622500 -0.010622 -2.032753
v -0.462097 0.050000 -2.112096
v -0.486845 0.110622 -2.136845
v -0.536343 0.110622 -2.186342
v -0.561091 0.050000 -2.211091
v -0.536343 -0.010622 -2.186342
v -0.486845 -0.010622 -2.136845
v -0.352443 0.050000 -2.255000
v -0.382753 0.110622 -2.272500
v -0.443375 0.110622 -2.307500
v -0.473686 0.050000 -2.325000
v -0.443375 -0.010622 -2.307500
v -0.382753 -0.010622 -2.272500
v -0.283511 0.050000 -2.421415
v -0.317318 0.110622 -2.430474
v -0.384933 0.110622 -2.448591
v -0.418741 0.050000 -2.457649
v -0.384933 -0.010622 -2.448591
v -0.317318 -0.010622 -2.430474
v -0.470000 -0.160000 -2.600000
v -0.500000 -0.108038 -2.600000
v -0.560000 -0.108038 -2.600000
v -0.590000 -0.160000 -2.600000
v -0.560000 -0.211962 -2.600000
v -0.500000 -0.211962 -2.600000
v -0.486356 -0.160000 -2.724233
v -0.515333 -0.108038 -2.716468
v -0.573289 -0.108038 -2.700939
v -0.602267 -0.160000 -2.693175
v -0.573289 -0.211962 -2.700939
v -0.515333 -0.211962 -2.716468
v -0.534308 -0.160000 -2.840000
v -0.560289 -0.108038 -2.825000
v -0.612250 -0.108038 -2.795000
v -0.638231 -0.160000 -2.780000
v -0.612250 -0.211962 -2.795000
v -0.560289 -0.211962 -2.825000
v -0.610589 -0.160000 -2.939411
v -0.631802 -0.108038 -2.918198
v -0.674228 -0.108038 -2.875772
v -0.695442 -0.160000 -2.854558
v -0.674228 -0.211962 -2.875772
v -0.631802 -0.211962 -2.918198
v -0.710000 -0.160000 -3.015692
v -0.725000 -0.108038 -2.989711
v -0.755000 -0.108038 -2.937750
v -0.770000 -0.160000 -2.911769
v -0.755000 -0.211962 -2.937750
v -0.725000 -0.211962 -2.989711
v -0.825767 -0.160000 -3.063644
v -0.833531 -0.108038 -3.034667
v -0.849061 -0.108038 -2.976711
v -0.856825 -0.160000 -2.947733
v -0.849061 -0.211962 -2.976711
v -0.833531 -0.211962 -3.034667
v -0.950000 -0.160000 -3.080000
v -0.950000 -0.108038 -3.050000
v -0.950000 -0.108038 -2.990000
v -0.950000 -0.160000 -2.960000
v -0.950000 -0.211962 -2.990000
v -0.950000 -0.211962 -3.050000
v -1.074233 -0.160000 -3.063644
v -1.066468 -0.108038 -3.034667
v -1.050939 -0.108038 -2.976711
v -1.043175 -0.160000 -2.947733
v -1.050939 -0.211962 -2.976711
v -1.066468 -0.211962 -3.034667
v -1.190000 -0.160000 -3.015692
v -1.175000 -0.108038 -2.989711
v -1.145000 -0.108038 -2.937750
v -1.130000 -0.160000 -2.911769
v -1.145000 -0.211962 -2.937750
v -1.175000 -0.211962 -2.989711
v -1.289411 -0.160000 -2.939411
v -1.268198 -0.108038 -2.918198
v -1.225772 -0.108038 -2.875772
v -1.204558 -0.160000 -2.854558
v -1.225772 -0.211962 -2.875772
v -1.268198 -0.211962 -2.918198
v -1.365692 -0.160000 -2.840000
v -1.339711 -0.108038 -2.825000
v -1.287750 -0.108038 -2.795000
v -1.261769 -0.160000 -2.780000
v -1.287750 -0.211962 -2.795000
v -1.339711 -0.211962 -2.825000
v -1.413644 -0.160000 -2.724233
v -1.384667 -0.108038 -2.716468
v -1.326711 -0.108038 -2.700939
v -1.297733 -0.160000 -2.693175
v -1.326711 -0.211962 -2.700939
v -1.384667 -0.211962 -2.716468
v -1.430000 -0.160000 -2.600000
v -1.400000 -0.108038 -2.600000
v -1.340000 -0.108038 -2.600000
v -1.310000 -0.160000 -2.600000
v -1.340000 -0.211962 -2.600000
v -1.400000 -0.211962 -2.600000
v -1.413644 -0.160000 -2.475767
v -1.384667 -0.108038 -2.483531
v -1.326711 -0.108038 -2.499061
v -1.297733 -0.160000 -2.506825
v -1.326711 -0.211962 -2.499061
v -1.384667 -0.211962 -2.483531
v -1.365692 -0.160000 -2.360000
v -1.339711 -0.108038 -2.375000
v -1.287750 -0.108038 -2.405000
v -1.261769 -0.160000 -2.420000
v -1.287750 -0.211962 -2.405000
v -1.339711 -0.211962 -2.375000
v -1.289411 -0.160000 -2.260589
v -1.268198 -0.108038 -2.281802
v -1.225772 -0.108038 -2.324228
v -1.204558 -0.160000 -2.345442
v -1.225772 -0.211962 -2.324228
v -1.268198 -0.211962 -2.281802
v -1.190000 -0.160000 -2.184308
v -1.175000 -0.108038 -2.210289
v -1.145000 -0.108038 -2.262250
v -1.130000 -0.160000 -2.288231
v -1.145000 -0.211962 -2.262250
v -1.175000 -0.211962 -2.210289
v -1.074233 -0.160000 -2.136356
v -1.066469 -0.108038 -2.165333
v -1.050940 -0.108038 -2.223289
v -1.043175 -0.160000 -2.252267
v -1.050940 -0.211962 -2.223289
v -1.066469 -0.211962 -2.165333
v -0.950000 -0.160000 -2.120000
v -0.950000 -0.108038 -2.150000
v -0.950000 -0.108038 -2.210000
v -0.950000 -0.160000 -2.240000
v -0.950000 -0.211962 -2.210000
v -0.950000 -0.211962 -2.150000
v -0.825767 -0.160000 -2.136355
v -0.833532 -0.108038 -2.165333
v -0.849061 -0.108038 -2.223289
v -0.856825 -0.160000 -2.252267
v -0.849061 -0.211962 -2.223289
v -0.833532 -0.211962 -2.165333
v -0.710000 -0.160000 -2.184308
v -0.725000 -0.108038 -2.210289
v -0.755000 -0.108038 -2.262250
v -0.770000 -0.160000 -2.288231
v -0.755000 -0.211962 -2.262250
v -0.725000 -0.211962 -2.210289
v -0.610589 -0.160000 -2.260588
v -0.631802 -0.108038 -2.281802
v -0.674228 -0.108038 -2.324228
v -0.695442 -0.160000 -2.345441
v -0.674228 -0.211962 -2.324228
v -0.631802 -0.211962 -2.281802
v -0.534308 -0.160000 -2.360000
v -0.560289 -0.108038 -2.375000
v -0.612250 -0.108038 -2.405000
v -0.638231 -0.160000 -2.420000
v -0.612250 -0.211962 -2.405000
v -0.560289 -0.211962 -2.375000
v -0.486356 -0.160000 -2.475767
v -0.515333 -0.108038 -2.483531
v -0.573289 -0.108038 -2.499061
v -0.602267 -0.160000 -2.506825
v -0.573289 -0.211962 -2.499061
v -0.515333 -0.211962 -2.483531
v -0.950000 -0.200000 -2.850000
v -0.950000 -0.140000 -2.850000
v -0.885295 -0.200000 -2.841481
v -0.885295 -0.140000 -2.841481
v -0.825000 -0.200000 -2.816506
v -0.825000 -0.140000 -2.816506
v -0.773223 -0.200000 -2.776777
v -0.773223 -0.140000 -2.776777
v -0.733494 -0.200000 -2.725000
v -0.733494 -0.140000 -2.725000
v -0.708519 -0.200000 -2.664705
v -0.708519 -0.140000 -2.664705
v -0.700000 -0.200000 -2.600000
v -0.700000 -0.140000 -2.600000
v -0.708519 -0.200000 -2.535295
v -0.708519 -0.140000 -2.535295
v -0.733494 -0.200000 -2.475000
v -0.733494 -0.140000 -2.475000
v -0.773223 -0.200000 -2.423223
v -0.773223 -0.140000 -2.423223
v -0.825000 -0.200000 -2.383494
v -0.825000 -0.140000 -2.383494
v -0.885295 -0.200000 -2.358518
v -0.885295 -0.140000 -2.358518
v -0.950000 -0.200000 -2.350000
v -0.950000 -0.140000 -2.350000
v -1.014705 -0.200000 -2.358518
v -1.014705 -0.140000 -2.358518
v -1.075000 -0.200000 -2.383494
v -1.075000 -0.140000 -2.383494
v -1.126777 -0.200000 -2.423223
v -1.126777 -0.140000 -2.423223
v -1.166506 -0.200000 -2.475000
v -1.166506 -0.140000 -2.475000
v -1.191481 -0.200000 -2.535295
v -1.191481 -0.140000 -2.535295
v -1.200000 -0.200000 -2.600000
v -1.200000 -0.140000 -2.600000
v -1.191481 -0.200000 -2.664705
v -1.191481 -0.140000 -2.664705
v -1.166506 -0.200000 -2.725000
v -1.166506 -0.140000 -2.725000
v -1.126777 -0.200000 -2.776777
v -1.126777 -0.140000 -2.776777
v -1.075000 -0.200000 -2.816506
v -1.075000 -0.140000 -2.816506
v -1.014705 -0.200000 -2.841481
v -1.014705 -0.140000 -2.841481
v -0.370000 -0.175000 -2.570000
v -0.370000 -0.125000 -2.570000
v -0.690000 -0.175000 -2.570000
v -0.690000 -0.125000 -2.570000
v -0.370000 -0.175000 -2.630000
v -0.370000 -0.125000 -2.630000
v -0.690000 -0.175000 -2.630000
v -0.690000 -0.125000 -2.630000
v -0.634019 -0.175000 -3.087295
v -0.634019 -0.125000 -3.087295
v -0.794019 -0.175000 -2.810167
v -0.794019 -0.125000 -2.810167
v -0.685981 -0.175000 -3.117295
v -0.685981 -0.125000 -3.117295
v -0.845981 -0.175000 -2.840167
v -0.845981 -0.125000 -2.840167
v -1.214019 -0.175000 -3.117295
v -1.214019 -0.125000 -3.117295
v -1.054019 -0.175000 -2.840167
v -1.054019 -0.125000 -2.840167
v -1.265981 -0.175000 -3.087295
v -1.265981 -0.125000 -3.087295
v -1.105981 -0.175000 -2.810167
v -1.105981 -0.125000 -2.810167
v -1.530000 -0.175000 -2.630000
v -1.530000 -0.125000 -2.630000
v -1.210000 -0.175000 -2.630000
v -1.210000 -0.125000 -2.630000
v -1.530000 -0.175000 -2.570000
v -1.530000 -0.125000 -2.570000
v -1.210000 -0.175000 -2.570000
v -1.210000 -0.125000 -2.570000
v -1.265981 -0.175000 -2.112705
v -1.265981 -0.125000 -2.112705
v -1.105981 -0.175000 -2.389833
v -1.105981 -0.125000 -2.389833
v -1.214019 -0.175000 -2.082705
v -1.214019 -0.125000 -2.082705
v -1.054019 -0.175000 -2.359833
v -1.054019 -0.125000 -2.359833
v -0.685981 -0.175000 -2.082705
v -0.685981 -0.125000 -2.082705
v -0.845981 -0.175000 -2.359833
v -0.845981 -0.125000 -2.359833
v -0.634019 -0.175000 -2.112705
v -0.634019 -0.125000 -2.112705
v -0.794019 -0.175000 -2.389833
v -0.794019 -0.125000 -2.389833
v 0.950000 -0.160000 2.410374
v 0.950000 -0.130000 2.380000
v 0.950000 0.160000 2.410374
v 0.950000 0.130000 2.380000
v 1.132205 -0.160000 2.439232
v 1.141591 -0.130000 2.410345
v 1.132205 0.160000 2.439232
v 1.141591 0.130000 2.410345
v 1.296573 -0.160000 2.522983
v 1.314427 -0.130000 2.498410
v 1.296573 0.160000 2.522983
v 1.314427 0.130000 2.498410
v 1.427017 -0.160000 2.653427
v 1.451591 -0.130000 2.635573
v 1.427017 0.160000 2.653427
v 1.451591 0.130000 2.635573
v 1.510768 -0.160000 2.817796
v 1.539655 -0.130000 2.808409
v 1.510768 0.160000 2.817796
v 1.539655 0.130000 2.808409
v 1.539626 -0.160000 3.000000
v 1.570000 -0.130000 3.000000
v 1.539626 0.160000 3.000000
v 1.570000 0.130000 3.000000
v 1.510768 -0.160000 3.182204
v 1.539655 -0.130000 3.191591
v 1.510768 0.160000 3.182204
v 1.539655 0.130000 3.191591
v 1.427017 -0.160000 3.346573
v 1.451591 -0.130000 3.364427
v 1.427017 0.160000 3.346573
v 1.451591 0.130000 3.364427
v 1.296573 -0.160000 3.477017
v 1.314427 -0.130000 3.501590
v 1.296573 0.160000 3.477017
v 1.314427 0.130000 3.501590
v 1.132205 -0.160000 3.560768
v 1.141591 -0.130000 3.589655
v 1.132205 0.160000 3.560768
v 1.141591 0.130000 3.589655
v 0.950000 -0.160000 3.589626
v 0.950000 -0.130000 3.620000
v 0.950000 0.160000 3.589626
v 0.950000 0.130000 3.620000
v 0.767795 -0.160000 3.560768
v 0.758409 -0.130000 3.589655
v 0.767795 0.160000 3.560768
v 0.758409 0.130000 3.589655
v 0.603427 -0.160000 3.477017
v 0.585573 -0.130000 3.501590
v 0.603427 0.160000 3.477017
v 0.585573 0.130000 3.501590
v 0.472982 -0.160000 3.346573
v 0.448409 -0.130000 3.364427
v 0.472982 0.160000 3.346573
v 0.448409 0.130000 3.364427
v 0.389232 -0.160000 3.182204
v 0.360345 -0.130000 3.191591
v 0.389232 0.160000 3.182204
v 0.360345 0.130000 3.191591
v 0.360374 -0.160000 3.000000
v 0.330000 -0.130000 3.000000
v 0.360374 0.160000 3.000000
v 0.330000 0.130000 3.000000
v 0.389232 -0.160000 2.817796
v 0.360345 -0.130000 2.808409
v 0.389232 0.160000 2.817796
v 0.360345 0.130000 2.808409
v 0.472982 -0.160000 2.653427
v 0.448409 -0.130000 2.635573
v 0.472982 0.160000 2.653427
v 0.448409 0.130000 2.635573
v 0.603427 -0.160000 2.522983
v 0.585573 -0.130000 2.498410
v 0.603427 0.160000 2.522983
v 0.585573 0.130000 2.498410
v 0.767795 -0.160000 2.439232
v 0.758409 -0.130000 2.410345
v 0.767795 0.160000 2.439232
v 0.758409 0.130000 2.410345
v 1.640000 0.050000 3.000000
v 1.605000 0.110622 3.000000
v 1.535000 0.110622 3.000000
v 1.500000 0.050000 3.000000
v 1.535000 -0.010622 3.000000
v 1.605000 -0.010622 3.000000
v 1.616489 0.050000 2.821415
v 1.582681 0.110622 2.830474
v 1.515067 0.110622 2.848591
v 1.481259 0.050000 2.857650
v 1.515067 -0.010622 2.848591
v 1.582681 -0.010622 2.830474
v 1.547557 0.050000 2.655000
v 1.517247 0.110622 2.672500
v 1.456625 0.110622 2.707500
v 1.426314 0.050000 2.725000
v 1.456625 -0.010622 2.707500
v 1.517247 -0.010622 2.672500
v 1.437904 0.050000 2.512096
v 1.413155 0.110622 2.536845
v 1.363657 0.110622 2.586343
v 1.338909 0.050000 2.611091
v 1.363657 -0.010622 2.586343
v 1.413155 -0.010622 2.536845
v 1.295000 0.050000 2.402442
v 1.277500 0.110622 2.432753
v 1.242500 0.110622 2.493375
v 1.225000 0.050000 2.523686
v 1.242500 -0.010622 2.493375
v 1.277500 -0.010622 2.432753
v 1.128585 0.050000 2.333511
v 1.119527 0.110622 2.367319
v 1.101409 0.110622 2.434933
v 1.092350 0.050000 2.468741
v 1.101409 -0.010622 2.434933
v 1.119527 -0.010622 2.367319
v 0.950000 0.050000 2.310000
v 0.950000 0.110622 2.345000
v 0.950000 0.110622 2.415000
v 0.950000 0.050000 2.450000
v 0.950000 -0.010622 2.415000
v 0.950000 -0.010622 2.345000
v 0.771415 0.050000 2.333511
v 0.780474 0.110622 2.367319
v 0.798591 0.110622 2.434933
v 0.807650 0.050000 2.468741
v 0.798591 -0.010622 2.434933
v 0.780474 -0.010622 2.367319
v 0.605000 0.050000 2.402442
v 0.622500 0.110622 2.432753
v 0.657500 0.110622 2.493375
v 0.675000 0.050000 2.523686
v 0.657500 -0.010622 2.493375
v 0.622500 -0.010622 2.432753
v 0.462096 0.050000 2.512096
v 0.486845 0.110622 2.536845
v 0.536342 0.110622 2.586343
v 0.561091 0.050000 2.611091
v 0.536342 -0.010622 2.586343
v 0.486845 -0.010622 2.536845
v 0.352443 0.050000 2.655000
v 0.382753 0.110622 2.672500
v 0.443375 0.110622 2.707500
v 0.473686 0.050000 2.725000
v 0.443375 -0.010622 2.707500
v 0.382753 -0.010622 2.672500
v 0.283511 0.050000 2.821415
v 0.317318 0.110622 2.830474
v 0.384933 0.110622 2.848591
v 0.418741 0.050000 2.857650
v 0.384933 -0.010622 2.848591
v 0.317318 -0.010622 2.830474
v 0.260000 0.050000 3.000000
v 0.295000 0.110622 3.000000
v 0.365000 0.110622 3.000000
v 0.400000 0.050000 3.000000
v 0.365000 -0.010622 3.000000
v 0.295000 -0.010622 3.000000
v 0.283511 0.050000 3.178585
v 0.317318 0.110622 3.169526
v 0.384933 0.110622 3.151409
v 0.418741 0.050000 3.142350
v 0.384933 -0.010622 3.151409
v 0.317318 -0.010622 3.169526
v 0.352442 0.050000 3.345000
v 0.382753 0.110622 3.327500
v 0.443375 0.110622 3.292500
v 0.473686 0.050000 3.275000
v 0.443375 -0.010622 3.292500
v 0.382753 -0.010622 3.327500
v 0.462096 0.050000 3.487904
v 0.486845 0.110622 3.463155
v 0.536342 0.110622 3.413657
v 0.561091 0.050000 3.388909
v 0.536342 -0.010622 3.413657
v 0.486845 -0.010622 3.463155
v 0.605000 0.050000 3.597558
v 0.622500 0.110622 3.567247
v 0.657500 0.110622 3.506625
v 0.675000 0.050000 3.476314
v 0.657500 -0.010622 3.506625
v 0.622500 -0.010622 3.567247
v 0.771415 0.050000 3.666489
v 0.780473 0.110622 3.632681
v 0.798591 0.110622 3.565067
v 0.807649 0.050000 3.531259
v 0.798591 -0.010622 3.565067
v 0.780473 -0.010622 3.632681
v 0.950000 0.050000 3.690000
v 0.950000 0.110622 3.655000
v 0.950000 0.110622 3.585000
v 0.950000 0.050000 3.550000
v 0.950000 -0.010622 3.585000
v 0.950000 -0.010622 3.655000
v 1.128585 0.050000 3.666489
v 1.119526 0.110622 3.632681
v 1.101409 0.110622 3.565067
v 1.092350 0.050000 3.531259
v 1.101409 -0.010622 3.565067
v 1.119526 -0.010622 3.632681
v 1.295000 0.050000 3.597558
v 1.277500 0.110622 3.567247
v 1.242500 0.110622 3.506625
v 1.225000 0.050000 3.476314
v 1.242500 -0.010622 3.506625
v 1.277500 -0.010622 3.567247
v 1.437903 0.050000 3.487904
v 1.413155 0.110622 3.463155
v 1.363657 0.110622 3.413658
v 1.338909 0.050000 3.388909
v 1.363657 -0.010622 3.413658
v 1.413155 -0.010622 3.463155
v 1.547557 0.050000 3.345000
v 1.517247 0.110622 3.327500
v 1.456625 0.110622 3.292500
v 1.426314 0.050000 3.275000
v 1.456625 -0.010622 3.292500
v 1.517247 -0.010622 3.327500
v 1.616489 0.050000 3.178585
v 1.582681 0.110622 3.169526
v 1.515067 0.110622 3.151409
v 1.481259 0.050000 3.142350
v 1.515067 -0.010622 3.151409
v 1.582681 -0.010622 3.169526
v 1.430000 -0.160000 3.000000
v 1.400000 -0.108038 3.000000
v 1.340000 -0.108038 3.000000
v 1.310000 -0.160000 3.000000
v 1.340000 -0.211962 3.000000
v 1.400000 -0.211962 3.000000
v 1.413644 -0.160000 2.875767
v 1.384667 -0.108038 2.883532
v 1.326711 -0.108038 2.899060
v 1.297733 -0.160000 2.906825
v 1.326711 -0.211962 2.899060
v 1.384667 -0.211962 2.883532
v 1.365692 -0.160000 2.760000
v 1.339711 -0.108038 2.775000
v 1.287750 -0.108038 2.805000
v 1.261769 -0.160000 2.820000
v 1.287750 -0.211962 2.805000
v 1.339711 -0.211962 2.775000
v 1.289411 -0.160000 2.660589
v 1.268198 -0.108038 2.681802
v 1.225772 -0.108038 2.724228
v 1.204558 -0.160000 2.745441
v 1.225772 -0.211962 2.724228
v 1.268198 -0.211962 2.681802
v 1.190000 -0.160000 2.584308
v 1.175000 -0.108038 2.610289
v 1.145000 -0.108038 2.662250
v 1.130000 -0.160000 2.688231
v 1.145000 -0.211962 2.662250
v 1.175000 -0.211962 2.610289
v 1.074233 -0.160000 2.536355
v 1.066469 -0.108038 2.565333
v 1.050939 -0.108038 2.623289
v 1.043175 -0.160000 2.652267
v 1.050939 -0.211962 2.623289
v 1.066469 -0.211962 2.565333
v 0.950000 -0.160000 2.520000
v 0.950000 -0.108038 2.550000
v 0.950000 -0.108038 2.610000
v 0.950000 -0.160000 2.640000
v 0.950000 -0.211962 2.610000
v 0.950000 -0.211962 2.550000
v 0.825767 -0.160000 2.536355
v 0.833531 -0.108038 2.565333
v 0.849061 -0.108038 2.623289
v 0.856825 -0.160000 2.652267
v 0.849061 -0.211962 2.623289
v 0.833531 -0.211962 2.565333
v 0.710000 -0.160000 2.584308
v 0.725000 -0.108038 2.610289
v 0.755000 -0.108038 2.662250
v 0.770000 -0.160000 2.688231
v 0.755000 -0.211962 2.662250
v 0.725000 -0.211962 2.610289
v 0.610589 -0.160000 2.660589
v 0.631802 -0.108038 2.681802
v 0.674228 -0.108038 2.724228
v 0.695441 -0.160000 2.745442
v 0.674228 -0.211962 2.724228
v 0.631802 -0.211962 2.681802
v 0.534308 -0.160000 2.760000
v 0.560289 -0.108038 2.775000
v 0.612250 -0.108038 2.805000
v 0.638231 -0.160000 2.820000
v 0.612250 -0.211962 2.805000
v 0.560289 -0.211962 2.775000
v 0.486356 -0.160000 2.875767
v 0.515333 -0.108038 2.883532
v 0.573289 -0.108038 2.899061
v 0.602267 -0.160000 2.906825
v 0.573289 -0.211962 2.899061
v 0.515333 -0.211962 2.883532
v 0.470000 -0.160000 3.000000
v 0.500000 -0.108038 3.000000
v 0.560000 -0.108038 3.000000
v 0.590000 -0.160000 3.000000
v 0.560000 -0.211962 3.000000
v 0.500000 -0.211962 3.000000
v 0.486356 -0.160000 3.124233
v 0.515333 -0.108038 3.116468
v 0.573289 -0.108038 3.100939
v 0.602267 -0.160000 3.093175
v 0.573289 -0.211962 3.100939
v 0.515333 -0.211962 3.116468
v 0.534308 -0.160000 3.240000
v 0.560289 -0.108038 3.225000
v 0.612250 -0.108038 3.195000
v 0.638231 -0.160000 3.180000
v 0.612250 -0.211962 3.195000
v 0.560289 -0.211962 3.225000
v 0.610589 -0.160000 3.339411
v 0.631802 -0.108038 3.318198
v 0.674228 -0.108038 3.275772
v 0.695441 -0.160000 3.254558
v 0.674228 -0.211962 3.275772
v 0.631802 -0.211962 3.318198
v 0.710000 -0.160000 3.415692
v 0.725000 -0.108038 3.389711
v 0.755000 -0.108038 3.337750
v 0.770000 -0.160000 3.311769
v 0.755000 -0.211962 3.337750
v 0.725000 -0.211962 3.389711
v 0.825767 -0.160000 3.463644
v 0.833531 -0.108038 3.434667
v 0.849060 -0.108038 3.376711
v 0.856825 -0.160000 3.347733
v 0.849060 -0.211962 3.376711
v 0.833531 -0.211962 3.434667
v 0.950000 -0.160000 3.480000
v 0.950000 -0.108038 3.450000
v 0.950000 -0.108038 3.390000
v 0.950000 -0.160000 3.360000
v 0.950000 -0.211962 3.390000
v 0.950000 -0.211962 3.450000
v 1.074233 -0.160000 3.463645
v 1.066468 -0.108038 3.434667
v 1.050939 -0.108038 3.376711
v 1.043175 -0.160000 3.347733
v 1.050939 -0.211962 3.376711
v 1.066468 -0.211962 3.434667
v 1.190000 -0.160000 3.415692
v 1.175000 -0.108038 3.389711
v 1.145000 -0.108038 3.337750
v 1.130000 -0.160000 3.311769
v 1.145000 -0.211962 3.337750
v 1.175000 -0.211962 3.389711
v 1.289411 -0.160000 3.339411
v 1.268198 -0.108038 3.318198
v 1.225771 -0.108038 3.275772
v 1.204558 -0.160000 3.254559
v 1.225771 -0.211962 3.275772
v 1.268198 -0.211962 3.318198
v 1.365692 -0.160000 3.240000
v 1.339711 -0.108038 3.225000
v 1.287750 -0.108038 3.195000
v 1.261769 -0.160000 3.180000
v 1.287750 -0.211962 3.195000
v 1.339711 -0.211962 3.225000
v 1.413644 -0.160000 3.124233
v 1.384667 -0.108038 3.116468
v 1.326711 -0.108038 3.100939
v 1.297733 -0.160000 3.093175
v 1.326711 -0.211962 3.100939
v 1.384667 -0.211962 3.116468
v 0.950000 -0.200000 2.750000
v 0.950000 -0.140000 2.750000
v 1.014705 -0.200000 2.758518
v 1.014705 -0.140000 2.758518
v 1.075000 -0.200000 2.783494
v 1.075000 -0.140000 2.783494
v 1.126777 -0.200000 2.823223
v 1.126777 -0.140000 2.823223
v 1.166506 -0.200000 2.875000
v 1.166506 -0.140000 2.875000
v 1.191481 -0.200000 2.935295
v 1.191481 -0.140000 2.935295
v 1.200000 -0.200000 3.000000
v 1.200000 -0.140000 3.000000
v 1.191481 -0.200000 3.064705
v 1.191481 -0.140000 3.064705
v 1.166506 -0.200000 3.125000
v 1.166506 -0.140000 3.125000
v 1.126777 -0.200000 3.176777
v 1.126777 -0.140000 3.176777
v 1.075000 -0.200000 3.216506
v 1.075000 -0.140000 3.216506
v 1.014705 -0.200000 3.241482
v 1.014705 -0.140000 3.241482
v 0.950000 -0.200000 3.250000
v 0.950000 -0.140000 3.250000
v 0.885295 -0.200000 3.241482
v 0.885295 -0.140000 3.241482
v 0.825000 -0.200000 3.216506
v 0.825000 -0.140000 3.216506
v 0.773223 -0.200000 3.176777
v 0.773223 -0.140000 3.176777
v 0.733494 -0.200000 3.125000
v 0.733494 -0.140000 3.125000
v 0.708519 -0.200000 3.064705
v 0.708519 -0.140000 3.064705
v 0.700000 -0.200000 3.000000
v 0.700000 -0.140000 3.000000
v 0.708519 -0.200000 2.935295
v 0.708519 -0.140000 2.935295
v 0.733494 -0.200000 2.875000
v 0.733494 -0.140000 2.875000
v 0.773223 -0.200000 2.823223
v 0.773223 -0.140000 2.823223
v 0.825000 -0.200000 2.783494
v 0.825000 -0.140000 2.783494
v 0.885295 -0.200000 2.758518
v 0.885295 -0.140000 2.758518
v 1.530000 -0.175000 3.030000
v 1.530000 -0.125000 3.030000
v 1.210000 -0.175000 3.030000
v 1.210000 -0.125000 3.030000
v 1.530000 -0.175000 2.970000
v 1.530000 -0.125000 2.970000
v 1.210000 -0.175000 2.970000
v 1.210000 -0.125000 2.970000
v 1.265981 -0.175000 2.512705
v 1.265981 -0.125000 2.512705
v 1.105981 -0.175000 2.789833
v 1.105981 -0.125000 2.789833
v 1.214019 -0.175000 2.482705
v 1.214019 -0.125000 2.482705
v 1.054019 -0.175000 2.759833
v 1.054019 -0.125000 2.759833
v 0.685981 -0.175000 2.482705
v 0.685981 -0.125000 2.482705
v 0.845981 -0.175000 2.759833
v 0.845981 -0.125000 2.759833
v 0.634019 -0.175000 2.512705
v 0.634019 -0.125000 2.512705
v 0.794019 -0.175000 2.789833
v 0.794019 -0.125000 2.789833
v 0.370000 -0.175000 2.970000
v 0.370000 -0.125000 2.970000
v 0.690000 -0.175000 2.970000
v 0.690000 -0.125000 2.970000
v 0.370000 -0.175000 3.030000
v 0.370000 -0.125000 3.030000
v 0.690000 -0.175000 3.030000
v 0.690000 -0.125000 3.030000
v 0.634019 -0.175000 3.487295
v 0.634019 -0.125000 3.487295
v 0.794019 -0.175000 3.210167
v 0.794019 -0.125000 3.210167
v 0.685981 -0.175000 3.517295
v 0.685981 -0.125000 3.517295
v 0.845981 -0.175000 3.240167
v 0.845981 -0.125000 3.240167
v 1.214019 -0.175000 3.517295
v 1.214019 -0.125000 3.517295
v 1.054019 -0.175000 3.240167
v 1.054019 -0.125000 3.240167
v 1.265981 -0.175000 3.487295
v 1.265981 -0.125000 3.487295
v 1.105981 -0.175000 3.210167
v 1.105981 -0.125000 3.210167
v 0.950000 -0.160000 -3.189626
v 0.950000 -0.130000 -3.220000
v 0.950000 0.160000 -3.189626
v 0.950000 0.130000 -3.220000
v 1.132205 -0.160000 -3.160768
v 1.141591 -0.130000 -3.189655
v 1.132205 0.160000 -3.160768
v 1.141591 0.130000 -3.189655
v 1.296573 -0.160000 -3.077017
v 1.314427 -0.130000 -3.101590
v 1.296573 0.160000 -3.077017
v 1.314427 0.130000 -3.101590
v 1.427017 -0.160000 -2.946573
v 1.451591 -0.130000 -2.964427
v 1.427017 0.160000 -2.946573
v 1.451591 0.130000 -2.964427
v 1.510768 -0.160000 -2.782204
v 1.539655 -0.130000 -2.791590
v 1.510768 0.160000 -2.782204
v 1.539655 0.130000 -2.791590
v 1.539626 -0.160000 -2.600000
v 1.570000 -0.130000 -2.600000
v 1.539626 0.160000 -2.600000
v 1.570000 0.130000 -2.600000
v 1.510768 -0.160000 -2.417795
v 1.539655 -0.130000 -2.408409
v 1.510768 0.160000 -2.417795
v 1.539655 0.130000 -2.408409
v 1.427017 -0.160000 -2.253427
v 1.451591 -0.130000 -2.235573
v 1.427017 0.160000 -2.253427
v 1.451591 0.130000 -2.235573
v 1.296573 -0.160000 -2.122983
v 1.314427 -0.130000 -2.098409
v 1.296573 0.160000 -2.122983
v 1.314427 0.130000 -2.098409
v 1.132205 -0.160000 -2.039232
v 1.141591 -0.130000 -2.010345
v 1.132205 0.160000 -2.039232
v 1.141591 0.130000 -2.010345
v 0.950000 -0.160000 -2.010374
v 0.950000 -0.130000 -1.980000
v 0.950000 0.160000 -2.010374
v 0.950000 0.130000 -1.980000
v 0.767795 -0.160000 -2.039232
v 0.758409 -0.130000 -2.010345
v 0.767795 0.160000 -2.039232
v 0.758409 0.130000 -2.010345
v 0.603427 -0.160000 -2.122983
v 0.585573 -0.130000 -2.098409
v 0.603427 0.160000 -2.122983
v 0.585573 0.130000 -2.098409
v 0.472982 -0.160000 -2.253427
v 0.448409 -0.130000 -2.235573
v 0.472982 0.160000 -2.253427
v 0.448409 0.130000 -2.235573
v 0.389232 -0.160000 -2.417795
v 0.360345 -0.130000 -2.408409
v 0.389232 0.160000 -2.417795
v 0.360345 0.130000 -2.408409
v 0.360374 -0.160000 -2.600000
v 0.330000 -0.130000 -2.600000
v 0.360374 0.160000 -2.600000
v 0.330000 0.130000 -2.600000
v 0.389232 -0.160000 -2.782204
v 0.360345 -0.130000 -2.791590
v 0.389232 0.160000 -2.782204
v 0.360345 0.130000 -2.791590
v 0.472982 -0.160000 -2.946573
v 0.448409 -0.130000 -2.964427
v 0.472982 0.160000 -2.946573
v 0.448409 0.130000 -2.964427
v 0.603427 -0.160000 -3.077017
v 0.585573 -0.130000 -3.101590
v 0.603427 0.160000 -3.077017
v 0.585573 0.130000 -3.101590
v 0.767795 -0.160000 -3.160768
v 0.758409 -0.130000 -3.189655
v 0.767795 0.160000 -3.160768
v 0.758409 0.130000 -3.189655
v 1.640000 0.050000 -2.600000
v 1.605000 0.110622 -2.600000
v 1.535000 0.110622 -2.600000
v 1.500000 0.050000 -2.600000
v 1.535000 -0.010622 -2.600000
v 1.605000 -0.010622 -2.600000
v 1.616489 0.050000 -2.778585
v 1.582681 0.110622 -2.769526
v 1.515067 0.110622 -2.751409
v 1.481259 0.050000 -2.742350
v 1.515067 -0.010622 -2.751409
v 1.582681 -0.010622 -2.769526
v 1.547557 0.050000 -2.945000
v 1.517247 0.110622 -2.927500
v 1.456625 0.110622 -2.892500
v 1.426314 0.050000 -2.875000
v 1.456625 -0.010622 -2.892500
v 1.517247 -0.010622 -2.927500
v 1.437904 0.050000 -3.087903
v 1.413155 0.110622 -3.063155
v 1.363657 0.110622 -3.013657
v 1.338909 0.050000 -2.988909
v 1.363657 -0.010622 -3.013657
v 1.413155 -0.010622 -3.063155
v 1.295000 0.050000 -3.197557
v 1.277500 0.110622 -3.167247
v 1.242500 0.110622 -3.106625
v 1.225000 0.050000 -3.076314
v 1.242500 -0.010622 -3.106625
v 1.277500 -0.010622 -3.167247
v 1.128585 0.050000 -3.266489
v 1.119527 0.110622 -3.232681
v 1.101409 0.110622 -3.165066
v 1.092350 0.050000 -3.131259
v 1.101409 -0.010622 -3.165066
v 1.119527 -0.010622 -3.232681
v 0.950000 0.050000 -3.290000
v 0.950000 0.110622 -3.255000
v 0.950000 0.110622 -3.185000
v 0.950000 0.050000 -3.150000
v 0.950000 -0.010622 -3.185000
v 0.950000 -0.010622 -3.255000
v 0.771415 0.050000 -3.266489
v 0.780474 0.110622 -3.232681
v 0.798591 0.110622 -3.165066
v 0.807650 0.050000 -3.131259
v 0.798591 -0.010622 -3.165066
v 0.780474 -0.010622 -3.232681
v 0.605000 0.050000 -3.197557
v 0.622500 0.110622 -3.167247
v 0.657500 0.110622 -3.106625
v 0.675000 0.050000 -3.076314
v 0.657500 -0.010622 -3.106625
v 0.622500 -0.010622 -3.167247
v 0.462096 0.050000 -3.087903
v 0.486845 0.110622 -3.063155
v 0.536342 0.110622 -3.013657
v 0.561091 0.050000 -2.988909
v 0.536342 -0.010622 -3.013657
v 0.486845 -0.010622 -3.063155
v 0.352443 0.050000 -2.945000
v 0.382753 0.110622 -2.927500
v 0.443375 0.110622 -2.892500
v 0.473686 0.050000 -2.875000
v 0.443375 -0.010622 -2.892500
v 0.382753 -0.010622 -2.927500
v 0.283511 0.050000 -2.778585
v 0.317318 0.110622 -2.769526
v 0.384933 0.110622 -2.751409
v 0.418741 0.050000 -2.742350
v 0.384933 -0.010622 -2.751409
v 0.317318 -0.010622 -2.769526
v 0.260000 0.050000 -2.600000
v 0.295000 0.110622 -2.600000
v 0.365000 0.110622 -2.600000
v 0.400000 0.050000 -2.600000
v 0.365000 -0.010622 -2.600000
v 0.295000 -0.010622 -2.600000
v 0.283511 0.050000 -2.421415
v 0.317318 0.110622 -2.430474
v 0.384933 0.110622 -2.448591
v 0.418741 0.050000 -2.457649
v 0.384933 -0.010622 -2.448591
v 0.317318 -0.010622 -2.430474
v 0.352442 0.050000 -2.255000
v 0.382753 0.110622 -2.272500
v 0.443375 0.110622 -2.307500
v 0.473686 0.050000 -2.325000
v 0.443375 -0.010622 -2.307500
v 0.382753 -0.010622 -2.272500
v 0.462096 0.050000 -2.112096
v 0.486845 0.110622 -2.136845
v 0.536342 0.110622 -2.186342
v 0.561091 0.050000 -2.211091
v 0.536342 -0.010622 -2.186342
v 0.486845 -0.010622 -2.136845
v 0.605000 0.050000 -2.002442
v 0.622500 0.110622 -2.032753
v 0.657500 0.110622 -2.093375
v 0.675000 0.050000 -2.123686
v 0.657500 -0.010622 -2.093375
v 0.622500 -0.010622 -2.032753
v 0.771415 0.050000 -1.933511
v 0.780473 0.110622 -1.967319
v 0.798591 0.110622 -2.034933
v 0.807649 0.050000 -2.068741
v 0.798591 -0.010622 -2.034933
v 0.780473 -0.010622 -1.967319
v 0.950000 0.050000 -1.910000
v 0.950000 0.110622 -1.945000
v 0.950000 0.110622 -2.015000
v 0.950000 0.050000 -2.050000
v 0.950000 -0.010622 -2.015000
v 0.950000 -0.010622 -1.945000
v 1.128585 0.050000 -1.933511
v 1.119526 0.110622 -1.967318
v 1.101409 0.110622 -2.034933
v 1.092350 0.050000 -2.068741
v 1.101409 -0.010622 -2.034933
v 1.119526 -0.010622 -1.967318
v 1.295000 0.050000 -2.002442
v 1.277500 0.110622 -2.032753
v 1.242500 0.110622 -2.093375
v 1.225000 0.050000 -2.123686
v 1.242500 -0.010622 -2.093375
v 1.277500 -0.010622 -2.032753
v 1.437903 0.050000 -2.112096
v 1.413155 0.110622 -2.136845
v 1.363657 0.110622 -2.186342
v 1.338909 0.050000 -2.211091
v 1.363657 -0.010622 -2.186342
v 1.413155 -0.010622 -2.136845
v 1.547557 0.050000 -2.255000
v 1.517247 0.110622 -2.272500
v 1.456625 0.110622 -2.307500
v 1.426314 0.050000 -2.325000
v 1.456625 -0.010622 -2.307500
v 1.517247 -0.010622 -2.272500
v 1.616489 0.050000 -2.421415
v 1.582681 0.110622 -2.430474
v 1.515067 0.110622 -2.448591
v 1.481259 0.050000 -2.457649
v 1.515067 -0.010622 -2.448591
v 1.582681 -0.010622 -2.430474
v 1.430000 -0.160000 -2.600000
v 1.400000 -0.108038 -2.600000
v 1.340000 -0.108038 -2.600000
v 1.310000 -0.160000 -2.600000
v 1.340000 -0.211962 -2.600000
v 1.400000 -0.211962 -2.600000
v 1.413644 -0.160000 -2.724233
v 1.384667 -0.108038 -2.716468
v 1.326711 -0.108038 -2.700939
v 1.297733 -0.160000 -2.693175
v 1.326711 -0.211962 -2.700939
v 1.384667 -0.211962 -2.716468
v 1.365692 -0.160000 -2.840000
v 1.339711 -0.108038 -2.825000
v 1.287750 -0.108038 -2.795000
v 1.261769 -0.160000 -2.780000
v 1.287750 -0.211962 -2.795000
v 1.339711 -0.211962 -2.825000
v 1.289411 -0.160000 -2.939411
v 1.268198 -0.108038 -2.918198
v 1.225772 -0.108038 -2.875772
v 1.204558 -0.160000 -2.854558
v 1.225772 -0.211962 -2.875772
v 1.268198 -0.211962 -2.918198
v 1.190000 -0.160000 -3.015692
v 1.175000 -0.108038 -2.989711
v 1.145000 -0.108038 -2.937750
v 1.130000 -0.160000 -2.911769
v 1.145000 -0.211962 -2.937750
v 1.175000 -0.211962 -2.989711
v 1.074233 -0.160000 -3.063644
v 1.066469 -0.108038 -3.034667
v 1.050939 -0.108038 -2.976711
v 1.043175 -0.160000 -2.947733
v 1.050939 -0.211962 -2.976711
v 1.066469 -0.211962 -3.034667
v 0.950000 -0.160000 -3.080000
v 0.950000 -0.108038 -3.050000
v 0.950000 -0.108038 -2.990000
v 0.950000 -0.160000 -2.960000
v 0.950000 -0.211962 -2.990000
v 0.950000 -0.211962 -3.050000
v 0.825767 -0.160000 -3.063644
v 0.833531 -0.108038 -3.034667
v 0.849061 -0.108038 -2.976711
v 0.856825 -0.160000 -2.947733
v 0.849061 -0.211962 -2.976711
v 0.833531 -0.211962 -3.034667
v 0.710000 -0.160000 -3.015692
v 0.725000 -0.108038 -2.989711
v 0.755000 -0.108038 -2.937750
v 0.770000 -0.160000 -2.911769
v 0.755000 -0.211962 -2.937750
v 0.725000 -0.211962 -2.989711
v 0.610589 -0.160000 -2.939411
v 0.631802 -0.108038 -2.918198
v 0.674228 -0.108038 -2.875772
v 0.695441 -0.160000 -2.854558
v 0.674228 -0.211962 -2.875772
v 0.631802 -0.211962 -2.918198
v 0.534308 -0.160000 -2.840000
v 0.560289 -0.108038 -2.825000
v 0.612250 -0.108038 -2.795000
v 0.638231 -0.160000 -2.780000
v 0.612250 -0.211962 -2.795000
v 0.560289 -0.211962 -2.825000
v 0.486356 -0.160000 -2.724233
v 0.515333 -0.108038 -2.716468
v 0.573289 -0.108038 -2.700939
v 0.602267 -0.160000 -2.693175
v 0.573289 -0.211962 -2.700939
v 0.515333 -0.211962 -2.716468
v 0.470000 -0.160000 -2.600000
v 0.500000 -0.108038 -2.600000
v 0.560000 -0.108038 -2.600000
v 0.590000 -0.160000 -2.600000
v 0.560000 -0.211962 -2.600000
v 0.500000 -0.211962 -2.600000
v 0.486356 -0.160000 -2.475767
v 0.515333 -0.108038 -2.483531
v 0.573289 -0.108038 -2.499061
v 0.602267 -0.160000 -2.506825
v 0.573289 -0.211962 -2.499061
v 0.515333 -0.211962 -2.483531
v 0.534308 -0.160000 -2.360000
v 0.560289 -0.108038 -2.375000
v 0.612250 -0.108038 -2.405000
v 0.638231 -0.160000 -2.420000
v 0.612250 -0.211962 -2.405000
v 0.560289 -0.211962 -2.375000
v 0.610589 -0.160000 -2.260589
v 0.631802 -0.108038 -2.281802
v 0.674228 -0.108038 -2.324228
v 0.695441 -0.160000 -2.345442
v 0.674228 -0.211962 -2.324228
v 0.631802 -0.211962 -2.281802
v 0.710000 -0.160000 -2.184308
v 0.725000 -0.108038 -2.210289
v 0.755000 -0.108038 -2.262250
v 0.770000 -0.160000 -2.288231
v 0.755000 -0.211962 -2.262250
v 0.725000 -0.211962 -2.210289
v 0.825767 -0.160000 -2.136356
v 0.833531 -0.108038 -2.165333
v 0.849060 -0.108038 -2.223289
v 0.856825 -0.160000 -2.252267
v 0.849060 -0.211962 -2.223289
v 0.833531 -0.211962 -2.165333
v 0.950000 -0.160000 -2.120000
v 0.950000 -0.108038 -2.150000
v 0.950000 -0.108038 -2.210000
v 0.950000 -0.160000 -2.240000
v 0.950000 -0.211962 -2.210000
v 0.950000 -0.211962 -2.150000
v 1.074233 -0.160000 -2.136355
v 1.066468 -0.108038 -2.165333
v 1.050939 -0.108038 -2.223289
v 1.043175 -0.160000 -2.252267
v 1.050939 -0.211962 -2.223289
v 1.066468 -0.211962 -2.165333
v 1.190000 -0.160000 -2.184308
v 1.175000 -0.108038 -2.210289
v 1.145000 -0.108038 -2.262250
v 1.130000 -0.160000 -2.288231
v 1.145000 -0.211962 -2.262250
v 1.175000 -0.211962 -2.210289
v 1.289411 -0.160000 -2.260588
v 1.268198 -0.108038 -2.281802
v 1.225771 -0.108038 -2.324228
v 1.204558 -0.160000 -2.345441
v 1.225771 -0.211962 -2.324228
v 1.268198 -0.211962 -2.281802
v 1.365692 -0.160000 -2.360000
v 1.339711 -0.108038 -2.375000
v 1.287750 -0.108038 -2.405000
v 1.261769 -0.160000 -2.420000
v 1.287750 -0.211962 -2.405000
v 1.339711 -0.211962 -2.375000
v 1.413644 -0.160000 -2.475767
v 1.384667 -0.108038 -2.483531
v 1.326711 -0.108038 -2.499061
v 1.297733 -0.160000 -2.506825
v 1.326711 -0.211962 -2.499061
v 1.384667 -0.211962 -2.483531
v 0.950000 -0.200000 -2.850000
v 0.950000 -0.140000 -2.850000
v 1.014705 -0.200000 -2.841481
v 1.014705 -0.140000 -2.841481
v 1.075000 -0.200000 -2.816506
v 1.075000 -0.140000 -2.816506
v 1.126777 -0.200000 -2.776777
v 1.126777 -0.140000 -2.776777
v 1.166506 -0.200000 -2.725000
v 1.166506 -0.140000 -2.725000
v 1.191481 -0.200000 -2.664705
v 1.191481 -0.140000 -2.664705
v 1.200000 -0.200000 -2.600000
v 1.200000 -0.140000 -2.600000
v 1.191481 -0.200000 -2.535295
v 1.191481 -0.140000 -2.535295
v 1.166506 -0.200000 -2.475000
v 1.166506 -0.140000 -2.475000
v 1.126777 -0.200000 -2.423223
v 1.126777 -0.140000 -2.423223
v 1.075000 -0.200000 -2.383494
v 1.075000 -0.140000 -2.383494
v 1.014705 -0.200000 -2.358518
v 1.014705 -0.140000 -2.358518
v 0.950000 -0.200000 -2.350000
v 0.950000 -0.140000 -2.350000
v 0.885295 -0.200000 -2.358518
v 0.885295 -0.140000 -2.358518
v 0.825000 -0.200000 -2.383494
v 0.825000 -0.140000 -2.383494
v 0.773223 -0.200000 -2.423223
v 0.773223 -0.140000 -2.423223
v 0.733494 -0.200000 -2.475000
v 0.733494 -0.140000 -2.475000
v 0.708519 -0.200000 -2.535295
v 0.708519 -0.140000 -2.535295
v 0.700000 -0.200000 -2.600000
v 0.700000 -0.140000 -2.600000
v 0.708519 -0.200000 -2.664705
v 0.708519 -0.140000 -2.664705
v 0.733494 -0.200000 -2.725000
v 0.733494 -0.140000 -2.725000
v 0.773223 -0.200000 -2.776777
v 0.773223 -0.140000 -2.776777
v 0.825000 -0.200000 -2.816506
v 0.825000 -0.140000 -2.816506
v 0.885295 -0.200000 -2.841481
v 0.885295 -0.140000 -2.841481
v 1.530000 -0.175000 -2.570000
v 1.530000 -0.125000 -2.570000
v 1.210000 -0.175000 -2.570000
v 1.210000 -0.125000 -2.570000
v 1.530000 -0.175000 -2.630000
v 1.530000 -0.125000 -2.630000
v 1.210000 -0.175000 -2.630000
v 1.210000 -0.125000 -2.630000
v 1.265981 -0.175000 -3.087295
v 1.265981 -0.125000 -3.087295
v 1.105981 -0.175000 -2.810167
v 1.105981 -0.125000 -2.810167
v 1.214019 -0.175000 -3.117295
v 1.214019 -0.125000 -3.117295
v 1.054019 -0.175000 -2.840167
v 1.054019 -0.125000 -2.840167
v 0.685981 -0.175000 -3.117295
v 0.685981 -0.125000 -3.117295
v 0.845981 -0.175000 -2.840167
v 0.845981 -0.125000 -2.840167
v 0.634019 -0.175000 -3.087295
v 0.634019 -0.125000 -3.087295
v 0.794019 -0.175000 -2.810167
v 0.794019 -0.125000 -2.810167
v 0.370000 -0.175000 -2.630000
v 0.370000 -0.125000 -2.630000
v 0.690000 -0.175000 -2.630000
v 0.690000 -0.125000 -2.630000
v 0.370000 -0.175000 -2.570000
v 0.370000 -0.125000 -2.570000
v 0.690000 -0.175000 -2.570000
v 0.690000 -0.125000 -2.570000
v 0.634019 -0.175000 -2.112705
v 0.634019 -0.125000 -2.112705
v 0.794019 -0.175000 -2.389833
v 0.794019 -0.125000 -2.389833
v 0.685981 -0.175000 -2.082705
v 0.685981 -0.125000 -2.082705
v 0.845981 -0.175000 -2.359833
v 0.845981 -0.125000 -2.359833
v 1.214019 -0.175000 -2.082705
v 1.214019 -0.125000 -2.082705
v 1.054019 -0.175000 -2.359833
v 1.054019 -0.125000 -2.359833
v 1.265981 -0.175000 -2.112705
v 1.265981 -0.125000 -2.112705
v 1.105981 -0.175000 -2.389833
v 1.105981 -0.125000 -2.389833
v -0.110000 0.045000 3.800000
v -0.110000 0.095000 3.800000
v -0.110000 0.045000 -3.800000
v -0.110000 0.095000 -3.800000
v 0.110000 0.045000 3.800000
v 0.110000 0.095000 3.800000
v 0.110000 0.045000 -3.800000
v 0.110000 0.095000 -3.800000
v -0.750000 0.911626 -5.850000
v -0.750000 0.942000 -5.820000
v -0.750000 0.911626 -4.350000
v -0.750000 0.942000 -4.380000
v -0.648140 0.895493 -5.850000
v -0.638754 0.924380 -5.820000
v -0.648140 0.895493 -4.350000
v -0.638754 0.924380 -4.380000
v -0.556251 0.848673 -5.850000
v -0.538397 0.873246 -5.820000
v -0.556251 0.848673 -4.350000
v -0.538397 0.873246 -4.380000
v -0.483327 0.775749 -5.850000
v -0.458754 0.793603 -5.820000
v -0.483327 0.775749 -4.350000
v -0.458754 0.793603 -4.380000
v -0.436507 0.683860 -5.850000
v -0.407620 0.693246 -5.820000
v -0.436507 0.683860 -4.350000
v -0.407620 0.693246 -4.380000
v -0.420374 0.582000 -5.850000
v -0.390000 0.582000 -5.820000
v -0.420374 0.582000 -4.350000
v -0.390000 0.582000 -4.380000
v -0.436507 0.480140 -5.850000
v -0.407620 0.470754 -5.820000
v -0.436507 0.480140 -4.350000
v -0.407620 0.470754 -4.380000
v -0.483327 0.388251 -5.850000
v -0.458754 0.370397 -5.820000
v -0.483327 0.388251 -4.350000
v -0.458754 0.370397 -4.380000
v -0.556251 0.315327 -5.850000
v -0.538397 0.290754 -5.820000
v -0.556251 0.315327 -4.350000
v -0.538397 0.290754 -4.380000
v -0.648140 0.268507 -5.850000
v -0.638754 0.239620 -5.820000
v -0.648140 0.268507 -4.350000
v -0.638754 0.239620 -4.380000
v -0.750000 0.252374 -5.850000
v -0.750000 0.222000 -5.820000
v -0.750000 0.252374 -4.350000
v -0.750000 0.222000 -4.380000
v -0.851860 0.268507 -5.850000
v -0.861246 0.239620 -5.820000
v -0.851860 0.268507 -4.350000
v -0.861246 0.239620 -4.380000
v -0.943749 0.315327 -5.850000
v -0.961603 0.290754 -5.820000
v -0.943749 0.315327 -4.350000
v -0.961603 0.290754 -4.380000
v -1.016673 0.388251 -5.850000
v -1.041246 0.370397 -5.820000
v -1.016673 0.388251 -4.350000
v -1.041246 0.370397 -4.380000
v -1.063493 0.480140 -5.850000
v -1.092380 0.470754 -5.820000
v -1.063493 0.480140 -4.350000
v -1.092380 0.470754 -4.380000
v -1.079626 0.582000 -5.850000
v -1.110000 0.582000 -5.820000
v -1.079626 0.582000 -4.350000
v -1.110000 0.582000 -4.380000
v -1.063493 0.683860 -5.850000
v -1.092380 0.693246 -5.820000
v -1.063493 0.683860 -4.350000
v -1.092380 0.693246 -4.380000
v -1.016673 0.775749 -5.850000
v -1.041246 0.793603 -5.820000
v -1.016673 0.775749 -4.350000
v -1.041246 0.793603 -4.380000
v -0.943749 0.848673 -5.850000
v -0.961603 0.873246 -5.820000
v -0.943749 0.848673 -4.350000
v -0.961603 0.873246 -4.380000
v -0.851860 0.895493 -5.850000
v -0.861246 0.924380 -5.820000
v -0.851860 0.895493 -4.350000
v -0.861246 0.924380 -4.380000
v -0.330000 0.582000 -4.450000
v -0.360000 0.582000 -4.398038
v -0.420000 0.582000 -4.398038
v -0.450000 0.582000 -4.450000
v -0.420000 0.582000 -4.501961
v -0.360000 0.582000 -4.501961
v -0.344311 0.690704 -4.450000
v -0.373289 0.682939 -4.398038
v -0.431244 0.667410 -4.398038
v -0.460222 0.659646 -4.450000
v -0.431244 0.667410 -4.501961
v -0.373289 0.682939 -4.501961
v -0.386269 0.792000 -4.450000
v -0.412250 0.777000 -4.398038
v -0.464212 0.747000 -4.398038
v -0.490192 0.732000 -4.450000
v -0.464212 0.747000 -4.501961
v -0.412250 0.777000 -4.501961
v -0.453015 0.878985 -4.450000
v -0.474228 0.857772 -4.398038
v -0.516655 0.815345 -4.398038
v -0.537868 0.794132 -4.450000
v -0.516655 0.815345 -4.501961
v -0.474228 0.857772 -4.501961
v -0.540000 0.945731 -4.450000
v -0.555000 0.919750 -4.398038
v -0.585000 0.867788 -4.398038
v -0.600000 0.841808 -4.450000
v -0.585000 0.867788 -4.501961
v -0.555000 0.919750 -4.501961
v -0.641296 0.987689 -4.450000
v -0.649061 0.958711 -4.398038
v -0.664590 0.900756 -4.398038
v -0.672354 0.871778 -4.450000
v -0.664590 0.900756 -4.501961
v -0.649061 0.958711 -4.501961
v -0.750000 1.002000 -4.450000
v -0.750000 0.972000 -4.398038
v -0.750000 0.912000 -4.398038
v -0.750000 0.882000 -4.450000
v -0.750000 0.912000 -4.501961
v -0.750000 0.972000 -4.501961
v -0.858704 0.987689 -4.450000
v -0.850939 0.958711 -4.398038
v -0.835410 0.900756 -4.398038
v -0.827646 0.871778 -4.450000
v -0.835410 0.900756 -4.501961
v -0.850939 0.958711 -4.501961
v -0.960000 0.945731 -4.450000
v -0.945000 0.919750 -4.398038
v -0.915000 0.867788 -4.398038
v -0.900000 0.841808 -4.450000
v -0.915000 0.867788 -4.501961
v -0.945000 0.919750 -4.501961
v -1.046985 0.878985 -4.450000
v -1.025772 0.857772 -4.398038
v -0.983345 0.815345 -4.398038
v -0.962132 0.794132 -4.450000
v -0.983345 0.815345 -4.501961
v -1.025772 0.857772 -4.501961
v -1.113731 0.792000 -4.450000
v -1.087750 0.777000 -4.398038
v -1.035788 0.747000 -4.398038
v -1.009808 0.732000 -4.450000
v -1.035788 0.747000 -4.501961
v -1.087750 0.777000 -4.501961
v -1.155689 0.690704 -4.450000
v -1.126711 0.682939 -4.398038
v -1.068756 0.667410 -4.398038
v -1.039778 0.659646 -4.450000
v -1.068756 0.667410 -4.501961
v -1.126711 0.682939 -4.501961
v -1.170000 0.582000 -4.450000
v -1.140000 0.582000 -4.398038
v -1.080000 0.582000 -4.398038
v -1.050000 0.582000 -4.450000
v -1.080000 0.582000 -4.501961
v -1.140000 0.582000 -4.501961
v -1.155689 0.473296 -4.450000
v -1.126711 0.481061 -4.398038
v -1.068756 0.496590 -4.398038
v -1.039778 0.504354 -4.450000
v -1.068756 0.496590 -4.501961
v -1.126711 0.481061 -4.501961
v -1.113731 0.372000 -4.450000
v -1.087750 0.387000 -4.398038
v -1.035788 0.417000 -4.398038
v -1.009808 0.432000 -4.450000
v -1.035788 0.417000 -4.501961
v -1.087750 0.387000 -4.501961
v -1.046985 0.285015 -4.450000
v -1.025772 0.306228 -4.398038
v -0.983345 0.348655 -4.398038
v -0.962132 0.369868 -4.450000
v -0.983345 0.348655 -4.501961
v -1.025772 0.306228 -4.501961
v -0.960000 0.218269 -4.450000
v -0.945000 0.244250 -4.398038
v -0.915000 0.296212 -4.398038
v -0.900000 0.322192 -4.450000
v -0.915000 0.296212 -4.501961
v -0.945000 0.244250 -4.501961
v -0.858704 0.176311 -4.450000
v -0.850940 0.205289 -4.398038
v -0.835410 0.263245 -4.398038
v -0.827646 0.292222 -4.450000
v -0.835410 0.263245 -4.501961
v -0.850940 0.205289 -4.501961
v -0.750000 0.162000 -4.450000
v -0.750000 0.192000 -4.398038
v -0.750000 0.252000 -4.398038
v -0.750000 0.282000 -4.450000
v -0.750000 0.252000 -4.501961
v -0.750000 0.192000 -4.501961
v -0.641296 0.176311 -4.450000
v -0.649061 0.205289 -4.398038
v -0.664590 0.263244 -4.398038
v -0.672354 0.292222 -4.450000
v -0.664590 0.263244 -4.501961
v -0.649061 0.205289 -4.501961
v -0.540000 0.218269 -4.450000
v -0.555000 0.244250 -4.398038
v -0.585000 0.296212 -4.398038
v -0.600000 0.322192 -4.450000
v -0.585000 0.296212 -4.501961
v -0.555000 0.244250 -4.501961
v -0.453015 0.285015 -4.450000
v -0.474229 0.306228 -4.398038
v -0.516655 0.348655 -4.398038
v -0.537868 0.369868 -4.450000
v -0.516655 0.348655 -4.501961
v -0.474229 0.306228 -4.501961
v -0.386269 0.372000 -4.450000
v -0.412250 0.387000 -4.398038
v -0.464212 0.417000 -4.398038
v -0.490192 0.432000 -4.450000
v -0.464212 0.417000 -4.501961
v -0.412250 0.387000 -4.501961
v -0.344311 0.473296 -4.450000
v -0.373289 0.481061 -4.398038
v -0.431244 0.496590 -4.398038
v -0.460222 0.504354 -4.450000
v -0.431244 0.496590 -4.501961
v -0.373289 0.481061 -4.501961
v -0.330000 0.582000 -5.550000
v -0.360000 0.582000 -5.498039
v -0.420000 0.582000 -5.498039
v -0.450000 0.582000 -5.550000
v -0.420000 0.582000 -5.601962
v -0.360000 0.582000 -5.601962
v -0.344311 0.690704 -5.550000
v -0.373289 0.682939 -5.498039
v -0.431244 0.667410 -5.498039
v -0.460222 0.659646 -5.550000
v -0.431244 0.667410 -5.601962
v -0.373289 0.682939 -5.601962
v -0.386269 0.792000 -5.550000
v -0.412250 0.777000 -5.498039
v -0.464212 0.747000 -5.498039
v -0.490192 0.732000 -5.550000
v -0.464212 0.747000 -5.601962
v -0.412250 0.777000 -5.601962
v -0.453015 0.878985 -5.550000
v -0.474228 0.857772 -5.498039
v -0.516655 0.815345 -5.498039
v -0.537868 0.794132 -5.550000
v -0.516655 0.815345 -5.601962
v -0.474228 0.857772 -5.601962
v -0.540000 0.945731 -5.550000
v -0.555000 0.919750 -5.498039
v -0.585000 0.867788 -5.498039
v -0.600000 0.841808 -5.550000
v -0.585000 0.867788 -5.601962
v -0.555000 0.919750 -5.601962
v -0.641296 0.987689 -5.550000
v -0.649061 0.958711 -5.498039
v -0.664590 0.900756 -5.498039
v -0.672354 0.871778 -5.550000
v -0.664590 0.900756 -5.601962
v -0.649061 0.958711 -5.601962
v -0.750000 1.002000 -5.550000
v -0.750000 0.972000 -5.498039
v -0.750000 0.912000 -5.498039
v -0.750000 0.882000 -5.550000
v -0.750000 0.912000 -5.601962
v -0.750000 0.972000 -5.601962
v -0.858704 0.987689 -5.550000
v -0.850939 0.958711 -5.498039
v -0.835410 0.900756 -5.498039
v -0.827646 0.871778 -5.550000
v -0.835410 0.900756 -5.601962
v -0.850939 0.958711 -5.601962
v -0.960000 0.945731 -5.550000
v -0.945000 0.919750 -5.498039
v -0.915000 0.867788 -5.498039
v -0.900000 0.841808 -5.550000
v -0.915000 0.867788 -5.601962
v -0.945000 0.919750 -5.601962
v -1.046985 0.878985 -5.550000
v -1.025772 0.857772 -5.498039
v -0.983345 0.815345 -5.498039
v -0.962132 0.794132 -5.550000
v -0.983345 0.815345 -5.601962
v -1.025772 0.857772 -5.601962
v -1.113731 0.792000 -5.550000
v -1.087750 0.777000 -5.498039
v -1.035788 0.747000 -5.498039
v -1.009808 0.732000 -5.550000
v -1.035788 0.747000 -5.601962
v -1.087750 0.777000 -5.601962
v -1.155689 0.690704 -5.550000
v -1.126711 0.682939 -5.498039
v -1.068756 0.667410 -5.498039
v -1.039778 0.659646 -5.550000
v -1.068756 0.667410 -5.601962
v -1.126711 0.682939 -5.601962
v -1.170000 0.582000 -5.550000
v -1.140000 0.582000 -5.498039
v -1.080000 0.582000 -5.498039
v -1.050000 0.582000 -5.550000
v -1.080000 0.582000 -5.601962
v -1.140000 0.582000 -5.601962
v -1.155689 0.473296 -5.550000
v -1.126711 0.481061 -5.498039
v -1.068756 0.496590 -5.498039
v -1.039778 0.504354 -5.550000
v -1.068756 0.496590 -5.601962
v -1.126711 0.481061 -5.601962
v -1.113731 0.372000 -5.550000
v -1.087750 0.387000 -5.498039
v -1.035788 0.417000 -5.498039
v -1.009808 0.432000 -5.550000
v -1.035788 0.417000 -5.601962
v -1.087750 0.387000 -5.601962
v -1.046985 0.285015 -5.550000
v -1.025772 0.306228 -5.498039
v -0.983345 0.348655 -5.498039
v -0.962132 0.369868 -5.550000
v -0.983345 0.348655 -5.601962
v -1.025772 0.306228 -5.601962
v -0.960000 0.218269 -5.550000
v -0.945000 0.244250 -5.498039
v -0.915000 0.296212 -5.498039
v -0.900000 0.322192 -5.550000
v -0.915000 0.296212 -5.601962
v -0.945000 0.244250 -5.601962
v -0.858704 0.176311 -5.550000
v -0.850940 0.205289 -5.498039
v -0.835410 0.263245 -5.498039
v -0.827646 0.292222 -5.550000
v -0.835410 0.263245 -5.601962
v -0.850940 0.205289 -5.601962
v -0.750000 0.162000 -5.550000
v -0.750000 0.192000 -5.498039
v -0.750000 0.252000 -5.498039
v -0.750000 0.282000 -5.550000
v -0.750000 0.252000 -5.601962
v -0.750000 0.192000 -5.601962
v -0.641296 0.176311 -5.550000
v -0.649061 0.205289 -5.498039
v -0.664590 0.263244 -5.498039
v -0.672354 0.292222 -5.550000
v -0.664590 0.263244 -5.601962
v -0.649061 0.205289 -5.601962
v -0.540000 0.218269 -5.550000
v -0.555000 0.244250 -5.498039
v -0.585000 0.296212 -5.498039
v -0.600000 0.322192 -5.550000
v -0.585000 0.296212 -5.601962
v -0.555000 0.244250 -5.601962
v -0.453015 0.285015 -5.550000
v -0.474229 0.306228 -5.498039
v -0.516655 0.348655 -5.498039
v -0.537868 0.369868 -5.550000
v -0.516655 0.348655 -5.601962
v -0.474229 0.306228 -5.601962
v -0.386269 0.372000 -5.550000
v -0.412250 0.387000 -5.498039
v -0.464212 0.417000 -5.498039
v -0.490192 0.432000 -5.550000
v -0.464212 0.417000 -5.601962
v -0.412250 0.387000 -5.601962
v -0.344311 0.473296 -5.550000
v -0.373289 0.481061 -5.498039
v -0.431244 0.496590 -5.498039
v -0.460222 0.504354 -5.550000
v -0.431244 0.496590 -5.601962
v -0.373289 0.481061 -5.601962
v -0.750000 0.942000 -6.200000
v -0.750000 0.862000 -5.800000
v -0.638754 0.924380 -6.200000
v -0.663475 0.848296 -5.800000
v -0.538397 0.873246 -6.200000
v -0.585420 0.808525 -5.800000
v -0.458754 0.793603 -6.200000
v -0.523475 0.746580 -5.800000
v -0.407620 0.693246 -6.200000
v -0.483704 0.668525 -5.800000
v -0.390000 0.582000 -6.200000
v -0.470000 0.582000 -5.800000
v -0.407620 0.470754 -6.200000
v -0.483704 0.495475 -5.800000
v -0.458754 0.370397 -6.200000
v -0.523475 0.417420 -5.800000
v -0.538397 0.290754 -6.200000
v -0.585420 0.355475 -5.800000
v -0.638754 0.239620 -6.200000
v -0.663475 0.315704 -5.800000
v -0.750000 0.222000 -6.200000
v -0.750000 0.302000 -5.800000
v -0.861246 0.239620 -6.200000
v -0.836525 0.315704 -5.800000
v -0.961603 0.290754 -6.200000
v -0.914580 0.355475 -5.800000
v -1.041246 0.370397 -6.200000
v -0.976525 0.417420 -5.800000
v -1.092380 0.470754 -6.200000
v -1.016296 0.495475 -5.800000
v -1.110000 0.582000 -6.200000
v -1.030000 0.582000 -5.800000
v -1.092380 0.693246 -6.200000
v -1.016296 0.668525 -5.800000
v -1.041246 0.793603 -6.200000
v -0.976525 0.746580 -5.800000
v -0.961603 0.873246 -6.200000
v -0.914580 0.808525 -5.800000
v -0.861246 0.924380 -6.200000
v -0.836525 0.848296 -5.800000
v -0.750000 0.822000 -6.225000
v -0.750000 0.822000 -6.175000
v -0.675836 0.810254 -6.225000
v -0.675836 0.810254 -6.175000
v -0.608932 0.776164 -6.225000
v -0.608932 0.776164 -6.175000
v -0.555836 0.723068 -6.225000
v -0.555836 0.723068 -6.175000
v -0.521746 0.656164 -6.225000
v -0.521746 0.656164 -6.175000
v -0.510000 0.582000 -6.225000
v -0.510000 0.582000 -6.175000
v -0.521746 0.507836 -6.225000
v -0.521746 0.507836 -6.175000
v -0.555836 0.440932 -6.225000
v -0.555836 0.440932 -6.175000
v -0.608932 0.387836 -6.225000
v -0.608932 0.387836 -6.175000
v -0.675836 0.353746 -6.225000
v -0.675836 0.353746 -6.175000
v -0.750000 0.342000 -6.225000
v -0.750000 0.342000 -6.175000
v -0.824164 0.353746 -6.225000
v -0.824164 0.353746 -6.175000
v -0.891068 0.387836 -6.225000
v -0.891068 0.387836 -6.175000
v -0.944164 0.440932 -6.225000
v -0.944164 0.440932 -6.175000
v -0.978254 0.507836 -6.225000
v -0.978254 0.507836 -6.175000
v -0.990000 0.582000 -6.225000
v -0.990000 0.582000 -6.175000
v -0.978254 0.656164 -6.225000
v -0.978254 0.656164 -6.175000
v -0.944164 0.723068 -6.225000
v -0.944164 0.723068 -6.175000
v -0.891068 0.776164 -6.225000
v -0.891068 0.776164 -6.175000
v -0.824164 0.810254 -6.225000
v -0.824164 0.810254 -6.175000
v -0.445000 0.582000 -6.200000
v -0.462500 0.582000 -6.169689
v -0.497500 0.582000 -6.169689
v -0.515000 0.582000 -6.200000
v -0.497500 0.582000 -6.230311
v -0.462500 0.582000 -6.230311
v -0.455393 0.660940 -6.200000
v -0.472296 0.656410 -6.169689
v -0.506104 0.647352 -6.169689
v -0.523007 0.642823 -6.200000
v -0.506104 0.647352 -6.230311
v -0.472296 0.656410 -6.230311
v -0.485862 0.734500 -6.200000
v -0.501018 0.725750 -6.169689
v -0.531329 0.708250 -6.169689
v -0.546484 0.699500 -6.200000
v -0.531329 0.708250 -6.230311
v -0.501018 0.725750 -6.230311
v -0.534332 0.797668 -6.200000
v -0.546707 0.785293 -6.169689
v -0.571456 0.760544 -6.169689
v -0.583830 0.748170 -6.200000
v -0.571456 0.760544 -6.230311
v -0.546707 0.785293 -6.230311
v -0.597500 0.846138 -6.200000
v -0.606250 0.830982 -6.169689
v -0.623750 0.800671 -6.169689
v -0.632500 0.785516 -6.200000
v -0.623750 0.800671 -6.230311
v -0.606250 0.830982 -6.230311
v -0.671060 0.876607 -6.200000
v -0.675590 0.859704 -6.169689
v -0.684648 0.825896 -6.169689
v -0.689178 0.808993 -6.200000
v -0.684648 0.825896 -6.230311
v -0.675590 0.859704 -6.230311
v -0.750000 0.887000 -6.200000
v -0.750000 0.869500 -6.169689
v -0.750000 0.834500 -6.169689
v -0.750000 0.817000 -6.200000
v -0.750000 0.834500 -6.230311
v -0.750000 0.869500 -6.230311
v -0.828940 0.876607 -6.200000
v -0.824410 0.859704 -6.169689
v -0.815352 0.825896 -6.169689
v -0.810822 0.808993 -6.200000
v -0.815352 0.825896 -6.230311
v -0.824410 0.859704 -6.230311
v -0.902500 0.846138 -6.200000
v -0.893750 0.830982 -6.169689
v -0.876250 0.800671 -6.169689
v -0.867500 0.785516 -6.200000
v -0.876250 0.800671 -6.230311
v -0.893750 0.830982 -6.230311
v -0.965668 0.797668 -6.200000
v -0.953293 0.785293 -6.169689
v -0.928545 0.760544 -6.169689
v -0.916170 0.748170 -6.200000
v -0.928545 0.760544 -6.230311
v -0.953293 0.785293 -6.230311
v -1.014138 0.734500 -6.200000
v -0.998982 0.725750 -6.169689
v -0.968671 0.708250 -6.169689
v -0.953516 0.699500 -6.200000
v -0.968671 0.708250 -6.230311
v -0.998982 0.725750 -6.230311
v -1.044607 0.660940 -6.200000
v -1.027704 0.656410 -6.169689
v -0.993896 0.647352 -6.169689
v -0.976993 0.642822 -6.200000
v -0.993896 0.647352 -6.230311
v -1.027704 0.656410 -6.230311
v -1.055000 0.582000 -6.200000
v -1.037500 0.582000 -6.169689
v -1.002500 0.582000 -6.169689
v -0.985000 0.582000 -6.200000
v -1.002500 0.582000 -6.230311
v -1.037500 0.582000 -6.230311
v -1.044607 0.503060 -6.200000
v -1.027704 0.507590 -6.169689
v -0.993896 0.516648 -6.169689
v -0.976993 0.521178 -6.200000
v -0.993896 0.516648 -6.230311
v -1.027704 0.507590 -6.230311
v -1.014138 0.429500 -6.200000
v -0.998982 0.438250 -6.169689
v -0.968671 0.455750 -6.169689
v -0.953516 0.464500 -6.200000
v -0.968671 0.455750 -6.230311
v -0.998982 0.438250 -6.230311
v -0.965668 0.366333 -6.200000
v -0.953293 0.378707 -6.169689
v -0.928545 0.403456 -6.169689
v -0.916170 0.415830 -6.200000
v -0.928545 0.403456 -6.230311
v -0.953293 0.378707 -6.230311
v -0.902500 0.317862 -6.200000
v -0.893750 0.333018 -6.169689
v -0.876250 0.363329 -6.169689
v -0.867500 0.378484 -6.200000
v -0.876250 0.363329 -6.230311
v -0.893750 0.333018 -6.230311
v -0.828940 0.287393 -6.200000
v -0.824411 0.304296 -6.169689
v -0.815352 0.338104 -6.169689
v -0.810823 0.355007 -6.200000
v -0.815352 0.338104 -6.230311
v -0.824411 0.304296 -6.230310
v -0.750000 0.277000 -6.200000
v -0.750000 0.294500 -6.169689
v -0.750000 0.329500 -6.169689
v -0.750000 0.347000 -6.200000
v -0.750000 0.329500 -6.230311
v -0.750000 0.294500 -6.230310
v -0.671060 0.287393 -6.200000
v -0.675590 0.304296 -6.169689
v -0.684648 0.338104 -6.169689
v -0.689178 0.355007 -6.200000
v -0.684648 0.338104 -6.230311
v -0.675590 0.304296 -6.230310
v -0.597500 0.317862 -6.200000
v -0.606250 0.333018 -6.169689
v -0.623750 0.363329 -6.169689
v -0.632500 0.378484 -6.200000
v -0.623750 0.363329 -6.230311
v -0.606250 0.333018 -6.230311
v -0.534333 0.366332 -6.200000
v -0.546707 0.378707 -6.169689
v -0.571456 0.403455 -6.169689
v -0.583830 0.415830 -6.200000
v -0.571456 0.403455 -6.230311
v -0.546707 0.378707 -6.230311
v -0.485862 0.429500 -6.200000
v -0.501018 0.438250 -6.169689
v -0.531329 0.455750 -6.169689
v -0.546484 0.464500 -6.200000
v -0.531329 0.455750 -6.230311
v -0.501018 0.438250 -6.230311
v -0.455393 0.503060 -6.200000
v -0.472296 0.507590 -6.169689
v -0.506104 0.516648 -6.169689
v -0.523007 0.521178 -6.200000
v -0.506104 0.516648 -6.230311
v -0.472296 0.507590 -6.230311
v 0.750000 0.911626 -5.850000
v 0.750000 0.942000 -5.820000
v 0.750000 0.911626 -4.350000
v 0.750000 0.942000 -4.380000
v 0.851860 0.895493 -5.850000
v 0.861246 0.924380 -5.820000
v 0.851860 0.895493 -4.350000
v 0.861246 0.924380 -4.380000
v 0.943749 0.848673 -5.850000
v 0.961603 0.873246 -5.820000
v 0.943749 0.848673 -4.350000
v 0.961603 0.873246 -4.380000
v 1.016673 0.775749 -5.850000
v 1.041246 0.793603 -5.820000
v 1.016673 0.775749 -4.350000
v 1.041246 0.793603 -4.380000
v 1.063493 0.683860 -5.850000
v 1.092380 0.693246 -5.820000
v 1.063493 0.683860 -4.350000
v 1.092380 0.693246 -4.380000
v 1.079626 0.582000 -5.850000
v 1.110000 0.582000 -5.820000
v 1.079626 0.582000 -4.350000
v 1.110000 0.582000 -4.380000
v 1.063493 0.480140 -5.850000
v 1.092380 0.470754 -5.820000
v 1.063493 0.480140 -4.350000
v 1.092380 0.470754 -4.380000
v 1.016673 0.388251 -5.850000
v 1.041246 0.370397 -5.820000
v 1.016673 0.388251 -4.350000
v 1.041246 0.370397 -4.380000
v 0.943749 0.315327 -5.850000
v 0.961603 0.290754 -5.820000
v 0.943749 0.315327 -4.350000
v 0.961603 0.290754 -4.380000
v 0.851860 0.268507 -5.850000
v 0.861246 0.239620 -5.820000
v 0.851860 0.268507 -4.350000
v 0.861246 0.239620 -4.380000
v 0.750000 0.252374 -5.850000
v 0.750000 0.222000 -5.820000
v 0.750000 0.252374 -4.350000
v 0.750000 0.222000 -4.380000
v 0.648140 0.268507 -5.850000
v 0.638754 0.239620 -5.820000
v 0.648140 0.268507 -4.350000
v 0.638754 0.239620 -4.380000
v 0.556251 0.315327 -5.850000
v 0.538397 0.290754 -5.820000
v 0.556251 0.315327 -4.350000
v 0.538397 0.290754 -4.380000
v 0.483327 0.388251 -5.850000
v 0.458754 0.370397 -5.820000
v 0.483327 0.388251 -4.350000
v 0.458754 0.370397 -4.380000
v 0.436507 0.480140 -5.850000
v 0.407620 0.470754 -5.820000
v 0.436507 0.480140 -4.350000
v 0.407620 0.470754 -4.380000
v 0.420374 0.582000 -5.850000
v 0.390000 0.582000 -5.820000
v 0.420374 0.582000 -4.350000
v 0.390000 0.582000 -4.380000
v 0.436507 0.683860 -5.850000
v 0.407620 0.693246 -5.820000
v 0.436507 0.683860 -4.350000
v 0.407620 0.693246 -4.380000
v 0.483327 0.775749 -5.850000
v 0.458754 0.793603 -5.820000
v 0.483327 0.775749 -4.350000
v 0.458754 0.793603 -4.380000
v 0.556251 0.848673 -5.850000
v 0.538397 0.873246 -5.820000
v 0.556251 0.848673 -4.350000
v 0.538397 0.873246 -4.380000
v 0.648140 0.895493 -5.850000
v 0.638754 0.924380 -5.820000
v 0.648140 0.895493 -4.350000
v 0.638754 0.924380 -4.380000
v 1.170000 0.582000 -4.450000
v 1.140000 0.582000 -4.398038
v 1.080000 0.582000 -4.398038
v 1.050000 0.582000 -4.450000
v 1.080000 0.582000 -4.501961
v 1.140000 0.582000 -4.501961
v 1.155689 0.690704 -4.450000
v 1.126711 0.682939 -4.398038
v 1.068756 0.667410 -4.398038
v 1.039778 0.659646 -4.450000
v 1.068756 0.667410 -4.501961
v 1.126711 0.682939 -4.501961
v 1.113731 0.792000 -4.450000
v 1.087750 0.777000 -4.398038
v 1.035788 0.747000 -4.398038
v 1.009808 0.732000 -4.450000
v 1.035788 0.747000 -4.501961
v 1.087750 0.777000 -4.501961
v 1.046985 0.878985 -4.450000
v 1.025772 0.857772 -4.398038
v 0.983345 0.815345 -4.398038
v 0.962132 0.794132 -4.450000
v 0.983345 0.815345 -4.501961
v 1.025772 0.857772 -4.501961
v 0.960000 0.945731 -4.450000
v 0.945000 0.919750 -4.398038
v 0.915000 0.867788 -4.398038
v 0.900000 0.841808 -4.450000
v 0.915000 0.867788 -4.501961
v 0.945000 0.919750 -4.501961
v 0.858704 0.987689 -4.450000
v 0.850939 0.958711 -4.398038
v 0.835410 0.900756 -4.398038
v 0.827646 0.871778 -4.450000
v 0.835410 0.900756 -4.501961
v 0.850939 0.958711 -4.501961
v 0.750000 1.002000 -4.450000
v 0.750000 0.972000 -4.398038
v 0.750000 0.912000 -4.398038
v 0.750000 0.882000 -4.450000
v 0.750000 0.912000 -4.501961
v 0.750000 0.972000 -4.501961
v 0.641296 0.987689 -4.450000
v 0.649061 0.958711 -4.398038
v 0.664590 0.900756 -4.398038
v 0.672354 0.871778 -4.450000
v 0.664590 0.900756 -4.501961
v 0.649061 0.958711 -4.501961
v 0.540000 0.945731 -4.450000
v 0.555000 0.919750 -4.398038
v 0.585000 0.867788 -4.398038
v 0.600000 0.841808 -4.450000
v 0.585000 0.867788 -4.501961
v 0.555000 0.919750 -4.501961
v 0.453015 0.878985 -4.450000
v 0.474228 0.857772 -4.398038
v 0.516655 0.815345 -4.398038
v 0.537868 0.794132 -4.450000
v 0.516655 0.815345 -4.501961
v 0.474228 0.857772 -4.501961
v 0.386269 0.792000 -4.450000
v 0.412250 0.777000 -4.398038
v 0.464212 0.747000 -4.398038
v 0.490192 0.732000 -4.450000
v 0.464212 0.747000 -4.501961
v 0.412250 0.777000 -4.501961
v 0.344311 0.690704 -4.450000
v 0.373289 0.682939 -4.398038
v 0.431244 0.667410 -4.398038
v 0.460222 0.659646 -4.450000
v 0.431244 0.667410 -4.501961
v 0.373289 0.682939 -4.501961
v 0.330000 0.582000 -4.450000
v 0.360000 0.582000 -4.398038
v 0.420000 0.582000 -4.398038
v 0.450000 0.582000 -4.450000
v 0.420000 0.582000 -4.501961
v 0.360000 0.582000 -4.501961
v 0.344311 0.473296 -4.450000
v 0.373289 0.481061 -4.398038
v 0.431244 0.496590 -4.398038
v 0.460222 0.504354 -4.450000
v 0.431244 0.496590 -4.501961
v 0.373289 0.481061 -4.501961
v 0.386269 0.372000 -4.450000
v 0.412250 0.387000 -4.398038
v 0.464212 0.417000 -4.398038
v 0.490192 0.432000 -4.450000
v 0.464212 0.417000 -4.501961
v 0.412250 0.387000 -4.501961
v 0.453015 0.285015 -4.450000
v 0.474228 0.306228 -4.398038
v 0.516655 0.348655 -4.398038
v 0.537868 0.369868 -4.450000
v 0.516655 0.348655 -4.501961
v 0.474228 0.306228 -4.501961
v 0.540000 0.218269 -4.450000
v 0.555000 0.244250 -4.398038
v 0.585000 0.296212 -4.398038
v 0.600000 0.322192 -4.450000
v 0.585000 0.296212 -4.501961
v 0.555000 0.244250 -4.501961
v 0.641296 0.176311 -4.450000
v 0.649060 0.205289 -4.398038
v 0.664590 0.263245 -4.398038
v 0.672354 0.292222 -4.450000
v 0.664590 0.263245 -4.501961
v 0.649060 0.205289 -4.501961
v 0.750000 0.162000 -4.450000
v 0.750000 0.192000 -4.398038
v 0.750000 0.252000 -4.398038
v 0.750000 0.282000 -4.450000
v 0.750000 0.252000 -4.501961
v 0.750000 0.192000 -4.501961
v 0.858704 0.176311 -4.450000
v 0.850939 0.205289 -4.398038
v 0.835410 0.263244 -4.398038
v 0.827646 0.292222 -4.450000
v 0.835410 0.263244 -4.501961
v 0.850939 0.205289 -4.501961
v 0.960000 0.218269 -4.450000
v 0.945000 0.244250 -4.398038
v 0.915000 0.296212 -4.398038
v 0.900000 0.322192 -4.450000
v 0.915000 0.296212 -4.501961
v 0.945000 0.244250 -4.501961
v 1.046985 0.285015 -4.450000
v 1.025771 0.306228 -4.398038
v 0.983345 0.348655 -4.398038
v 0.962132 0.369868 -4.450000
v 0.983345 0.348655 -4.501961
v 1.025771 0.306228 -4.501961
v 1.113731 0.372000 -4.450000
v 1.087750 0.387000 -4.398038
v 1.035788 0.417000 -4.398038
v 1.009808 0.432000 -4.450000
v 1.035788 0.417000 -4.501961
v 1.087750 0.387000 -4.501961
v 1.155689 0.473296 -4.450000
v 1.126711 0.481061 -4.398038
v 1.068756 0.496590 -4.398038
v 1.039778 0.504354 -4.450000
v 1.068756 0.496590 -4.501961
v 1.126711 0.481061 -4.501961
v 1.170000 0.582000 -5.550000
v 1.140000 0.582000 -5.498039
v 1.080000 0.582000 -5.498039
v 1.050000 0.582000 -5.550000
v 1.080000 0.582000 -5.601962
v 1.140000 0.582000 -5.601962
v 1.155689 0.690704 -5.550000
v 1.126711 0.682939 -5.498039
v 1.068756 0.667410 -5.498039
v 1.039778 0.659646 -5.550000
v 1.068756 0.667410 -5.601962
v 1.126711 0.682939 -5.601962
v 1.113731 0.792000 -5.550000
v 1.087750 0.777000 -5.498039
v 1.035788 0.747000 -5.498039
v 1.009808 0.732000 -5.550000
v 1.035788 0.747000 -5.601962
v 1.087750 0.777000 -5.601962
v 1.046985 0.878985 -5.550000
v 1.025772 0.857772 -5.498039
v 0.983345 0.815345 -5.498039
v 0.962132 0.794132 -5.550000
v 0.983345 0.815345 -5.601962
v 1.025772 0.857772 -5.601962
v 0.960000 0.945731 -5.550000
v 0.945000 0.919750 -5.498039
v 0.915000 0.867788 -5.498039
v 0.900000 0.841808 -5.550000
v 0.915000 0.867788 -5.601962
v 0.945000 0.919750 -5.601962
v 0.858704 0.987689 -5.550000
v 0.850939 0.958711 -5.498039
v 0.835410 0.900756 -5.498039
v 0.827646 0.871778 -5.550000
v 0.835410 0.900756 -5.601962
v 0.850939 0.958711 -5.601962
v 0.750000 1.002000 -5.550000
v 0.750000 0.972000 -5.498039
v 0.750000 0.912000 -5.498039
v 0.750000 0.882000 -5.550000
v 0.750000 0.912000 -5.601962
v 0.750000 0.972000 -5.601962
v 0.641296 0.987689 -5.550000
v 0.649061 0.958711 -5.498039
v 0.664590 0.900756 -5.498039
v 0.672354 0.871778 -5.550000
v 0.664590 0.900756 -5.601962
v 0.649061 0.958711 -5.601962
v 0.540000 0.945731 -5.550000
v 0.555000 0.919750 -5.498039
v 0.585000 0.867788 -5.498039
v 0.600000 0.841808 -5.550000
v 0.585000 0.867788 -5.601962
v 0.555000 0.919750 -5.601962
v 0.453015 0.878985 -5.550000
v 0.474228 0.857772 -5.498039
v 0.516655 0.815345 -5.498039
v 0.537868 0.794132 -5.550000
v 0.516655 0.815345 -5.601962
v 0.474228 0.857772 -5.601962
v 0.386269 0.792000 -5.550000
v 0.412250 0.777000 -5.498039
v 0.464212 0.747000 -5.498039
v 0.490192 0.732000 -5.550000
v 0.464212 0.747000 -5.601962
v 0.412250 0.777000 -5.601962
v 0.344311 0.690704 -5.550000
v 0.373289 0.682939 -5.498039
v 0.431244 0.667410 -5.498039
v 0.460222 0.659646 -5.550000
v 0.431244 0.667410 -5.601962
v 0.373289 0.682939 -5.601962
v 0.330000 0.582000 -5.550000
v 0.360000 0.582000 -5.498039
v 0.420000 0.582000 -5.498039
v 0.450000 0.582000 -5.550000
v 0.420000 0.582000 -5.601962
v 0.360000 0.582000 -5.601962
v 0.344311 0.473296 -5.550000
v 0.373289 0.481061 -5.498039
v 0.431244 0.496590 -5.498039
v 0.460222 0.504354 -5.550000
v 0.431244 0.496590 -5.601962
v 0.373289 0.481061 -5.601962
v 0.386269 0.372000 -5.550000
v 0.412250 0.387000 -5.498039
v 0.464212 0.417000 -5.498039
v 0.490192 0.432000 -5.550000
v 0.464212 0.417000 -5.601962
v 0.412250 0.387000 -5.601962
v 0.453015 0.285015 -5.550000
v 0.474228 0.306228 -5.498039
v 0.516655 0.348655 -5.498039
v 0.537868 0.369868 -5.550000
v 0.516655 0.348655 -5.601962
v 0.474228 0.306228 -5.601962
v 0.540000 0.218269 -5.550000
v 0.555000 0.244250 -5.498039
v 0.585000 0.296212 -5.498039
v 0.600000 0.322192 -5.550000
v 0.585000 0.296212 -5.601962
v 0.555000 0.244250 -5.601962
v 0.641296 0.176311 -5.550000
v 0.649060 0.205289 -5.498039
v 0.664590 0.263245 -5.498039
v 0.672354 0.292222 -5.550000
v 0.664590 0.263245 -5.601962
v 0.649060 0.205289 -5.601962
v 0.750000 0.162000 -5.550000
v 0.750000 0.192000 -5.498039
v 0.750000 0.252000 -5.498039
v 0.750000 0.282000 -5.550000
v 0.750000 0.252000 -5.601962
v 0.750000 0.192000 -5.601962
v 0.858704 0.176311 -5.550000
v 0.850939 0.205289 -5.498039
v 0.835410 0.263244 -5.498039
v 0.827646 0.292222 -5.550000
v 0.835410 0.263244 -5.601962
v 0.850939 0.205289 -5.601962
v 0.960000 0.218269 -5.550000
v 0.945000 0.244250 -5.498039
v 0.915000 0.296212 -5.498039
v 0.900000 0.322192 -5.550000
v 0.915000 0.296212 -5.601962
v 0.945000 0.244250 -5.601962
v 1.046985 0.285015 -5.550000
v 1.025771 0.306228 -5.498039
v 0.983345 0.348655 -5.498039
v 0.962132 0.369868 -5.550000
v 0.983345 0.348655 -5.601962
v 1.025771 0.306228 -5.601962
v 1.113731 0.372000 -5.550000
v 1.087750 0.387000 -5.498039
v 1.035788 0.417000 -5.498039
v 1.009808 0.432000 -5.550000
v 1.035788 0.417000 -5.601962
v 1.087750 0.387000 -5.601962
v 1.155689 0.473296 -5.550000
v 1.126711 0.481061 -5.498039
v 1.068756 0.496590 -5.498039
v 1.039778 0.504354 -5.550000
v 1.068756 0.496590 -5.601962
v 1.126711 0.481061 -5.601962
v 0.750000 0.942000 -6.200000
v 0.750000 0.862000 -5.800000
v 0.861246 0.924380 -6.200000
v 0.836525 0.848296 -5.800000
v 0.961603 0.873246 -6.200000
v 0.914580 0.808525 -5.800000
v 1.041246 0.793603 -6.200000
v 0.976525 0.746580 -5.800000
v 1.092380 0.693246 -6.200000
v 1.016296 0.668525 -5.800000
v 1.110000 0.582000 -6.200000
v 1.030000 0.582000 -5.800000
v 1.092380 0.470754 -6.200000
v 1.016296 0.495475 -5.800000
v 1.041246 0.370397 -6.200000
v 0.976525 0.417420 -5.800000
v 0.961603 0.290754 -6.200000
v 0.914580 0.355475 -5.800000
v 0.861246 0.239620 -6.200000
v 0.836525 0.315704 -5.800000
v 0.750000 0.222000 -6.200000
v 0.750000 0.302000 -5.800000
v 0.638754 0.239620 -6.200000
v 0.663475 0.315704 -5.800000
v 0.538397 0.290754 -6.200000
v 0.585420 0.355475 -5.800000
v 0.458754 0.370397 -6.200000
v 0.523475 0.417420 -5.800000
v 0.407620 0.470754 -6.200000
v 0.483704 0.495475 -5.800000
v 0.390000 0.582000 -6.200000
v 0.470000 0.582000 -5.800000
v 0.407620 0.693246 -6.200000
v 0.483704 0.668525 -5.800000
v 0.458754 0.793603 -6.200000
v 0.523475 0.746580 -5.800000
v 0.538397 0.873246 -6.200000
v 0.585420 0.808525 -5.800000
v 0.638754 0.924380 -6.200000
v 0.663475 0.848296 -5.800000
v 0.750000 0.822000 -6.225000
v 0.750000 0.822000 -6.175000
v 0.824164 0.810254 -6.225000
v 0.824164 0.810254 -6.175000
v 0.891068 0.776164 -6.225000
v 0.891068 0.776164 -6.175000
v 0.944164 0.723068 -6.225000
v 0.944164 0.723068 -6.175000
v 0.978254 0.656164 -6.225000
v 0.978254 0.656164 -6.175000
v 0.990000 0.582000 -6.225000
v 0.990000 0.582000 -6.175000
v 0.978254 0.507836 -6.225000
v 0.978254 0.507836 -6.175000
v 0.944164 0.440932 -6.225000
v 0.944164 0.440932 -6.175000
v 0.891068 0.387836 -6.225000
v 0.891068 0.387836 -6.175000
v 0.824164 0.353746 -6.225000
v 0.824164 0.353746 -6.175000
v 0.750000 0.342000 -6.225000
v 0.750000 0.342000 -6.175000
v 0.675836 0.353746 -6.225000
v 0.675836 0.353746 -6.175000
v 0.608932 0.387836 -6.225000
v 0.608932 0.387836 -6.175000
v 0.555836 0.440932 -6.225000
v 0.555836 0.440932 -6.175000
v 0.521746 0.507836 -6.225000
v 0.521746 0.507836 -6.175000
v 0.510000 0.582000 -6.225000
v 0.510000 0.582000 -6.175000
v 0.521746 0.656164 -6.225000
v 0.521746 0.656164 -6.175000
v 0.555836 0.723068 -6.225000
v 0.555836 0.723068 -6.175000
v 0.608932 0.776164 -6.225000
v 0.608932 0.776164 -6.175000
v 0.675836 0.810254 -6.225000
v 0.675836 0.810254 -6.175000
v 1.055000 0.582000 -6.200000
v 1.037500 0.582000 -6.169689
v 1.002500 0.582000 -6.169689
v 0.985000 0.582000 -6.200000
v 1.002500 0.582000 -6.230311
v 1.037500 0.582000 -6.230311
v 1.044607 0.660940 -6.200000
v 1.027704 0.656410 -6.169689
v 0.993896 0.647352 -6.169689
v 0.976993 0.642823 -6.200000
v 0.993896 0.647352 -6.230311
v 1.027704 0.656410 -6.230311
v 1.014138 0.734500 -6.200000
v 0.998982 0.725750 -6.169689
v 0.968671 0.708250 -6.169689
v 0.953516 0.699500 -6.200000
v 0.968671 0.708250 -6.230311
v 0.998982 0.725750 -6.230311
v 0.965668 0.797668 -6.200000
v 0.953293 0.785293 -6.169689
v 0.928544 0.760544 -6.169689
v 0.916170 0.748170 -6.200000
v 0.928544 0.760544 -6.230311
v 0.953293 0.785293 -6.230311
v 0.902500 0.846138 -6.200000
v 0.893750 0.830982 -6.169689
v 0.876250 0.800671 -6.169689
v 0.867500 0.785516 -6.200000
v 0.876250 0.800671 -6.230311
v 0.893750 0.830982 -6.230311
v 0.828940 0.876607 -6.200000
v 0.824410 0.859704 -6.169689
v 0.815352 0.825896 -6.169689
v 0.810822 0.808993 -6.200000
v 0.815352 0.825896 -6.230311
v 0.824410 0.859704 -6.230311
v 0.750000 0.887000 -6.200000
v 0.750000 0.869500 -6.169689
v 0.750000 0.834500 -6.169689
v 0.750000 0.817000 -6.200000
v 0.750000 0.834500 -6.230311
v 0.750000 0.869500 -6.230311
v 0.671060 0.876607 -6.200000
v 0.675590 0.859704 -6.169689
v 0.684648 0.825896 -6.169689
v 0.689178 0.808993 -6.200000
v 0.684648 0.825896 -6.230311
v 0.675590 0.859704 -6.230311
v 0.597500 0.846138 -6.200000
v 0.606250 0.830982 -6.169689
v 0.623750 0.800671 -6.169689
v 0.632500 0.785516 -6.200000
v 0.623750 0.800671 -6.230311
v 0.606250 0.830982 -6.230311
v 0.534332 0.797668 -6.200000
v 0.546707 0.785293 -6.169689
v 0.571455 0.760544 -6.169689
v 0.583830 0.748170 -6.200000
v 0.571455 0.760544 -6.230311
v 0.546707 0.785293 -6.230311
v 0.485862 0.734500 -6.200000
v 0.501018 0.725750 -6.169689
v 0.531329 0.708250 -6.169689
v 0.546484 0.699500 -6.200000
v 0.531329 0.708250 -6.230311
v 0.501018 0.725750 -6.230311
v 0.455393 0.660940 -6.200000
v 0.472296 0.656410 -6.169689
v 0.506104 0.647352 -6.169689
v 0.523007 0.642822 -6.200000
v 0.506104 0.647352 -6.230311
v 0.472296 0.656410 -6.230311
v 0.445000 0.582000 -6.200000
v 0.462500 0.582000 -6.169689
v 0.497500 0.582000 -6.169689
v 0.515000 0.582000 -6.200000
v 0.497500 0.582000 -6.230311
v 0.462500 0.582000 -6.230311
v 0.455393 0.503060 -6.200000
v 0.472296 0.507590 -6.169689
v 0.506104 0.516648 -6.169689
v 0.523007 0.521178 -6.200000
v 0.506104 0.516648 -6.230311
v 0.472296 0.507590 -6.230311
v 0.485862 0.429500 -6.200000
v 0.501018 0.438250 -6.169689
v 0.531329 0.455750 -6.169689
v 0.546484 0.464500 -6.200000
v 0.531329 0.455750 -6.230311
v 0.501018 0.438250 -6.230311
v 0.534332 0.366333 -6.200000
v 0.546707 0.378707 -6.169689
v 0.571455 0.403456 -6.169689
v 0.583830 0.415830 -6.200000
v 0.571455 0.403456 -6.230311
v 0.546707 0.378707 -6.230311
v 0.597500 0.317862 -6.200000
v 0.606250 0.333018 -6.169689
v 0.623750 0.363329 -6.169689
v 0.632500 0.378484 -6.200000
v 0.623750 0.363329 -6.230311
v 0.606250 0.333018 -6.230311
v 0.671060 0.287393 -6.200000
v 0.675589 0.304296 -6.169689
v 0.684648 0.338104 -6.169689
v 0.689177 0.355007 -6.200000
v 0.684648 0.338104 -6.230311
v 0.675589 0.304296 -6.230310
v 0.750000 0.277000 -6.200000
v 0.750000 0.294500 -6.169689
v 0.750000 0.329500 -6.169689
v 0.750000 0.347000 -6.200000
v 0.750000 0.329500 -6.230311
v 0.750000 0.294500 -6.230310
v 0.828940 0.287393 -6.200000
v 0.824410 0.304296 -6.169689
v 0.815352 0.338104 -6.169689
v 0.810822 0.355007 -6.200000
v 0.815352 0.338104 -6.230311
v 0.824410 0.304296 -6.230310
v 0.902500 0.317862 -6.200000
v 0.893750 0.333018 -6.169689
v 0.876250 0.363329 -6.169689
v 0.867500 0.378484 -6.200000
v 0.876250 0.363329 -6.230311
v 0.893750 0.333018 -6.230311
v 0.965667 0.366332 -6.200000
v 0.953293 0.378707 -6.169689
v 0.928544 0.403455 -6.169689
v 0.916170 0.415830 -6.200000
v 0.928544 0.403455 -6.230311
v 0.953293 0.378707 -6.230311
v 1.014138 0.429500 -6.200000
v 0.998982 0.438250 -6.169689
v 0.968671 0.455750 -6.169689
v 0.953516 0.464500 -6.200000
v 0.968671 0.455750 -6.230311
v 0.998982 0.438250 -6.230311
v 1.044607 0.503060 -6.200000
v 1.027704 0.507590 -6.169689
v 0.993896 0.516648 -6.169689
v 0.976993 0.521178 -6.200000
v 0.993896 0.516648 -6.230311
v 1.027704 0.507590 -6.230311
v -1.543597 0.871780 -4.429607
v -1.551886 0.910776 -4.415097
v -1.578595 0.892137 -4.442286
v -1.681904 1.522463 -4.706703
v -1.684921 1.536657 -4.746571
v -1.708613 1.503824 -4.733892
v -1.434642 0.359185 -5.553429
v -1.469639 0.379543 -5.566108
v -1.437659 0.373378 -5.593297
v -1.575966 1.024062 -5.870393
v -1.567677 0.985065 -5.884903
v -1.599657 0.991230 -5.857714
v -1.524034 0.875938 -4.429607
v -1.500343 0.908770 -4.442286
v -1.532323 0.914935 -4.415097
v -1.665358 1.540815 -4.746571
v -1.662341 1.526622 -4.706703
v -1.630361 1.520458 -4.733892
v -1.415079 0.363343 -5.553429
v -1.418096 0.377537 -5.593297
v -1.391387 0.396175 -5.566108
v -1.556403 1.028220 -5.870393
v -1.521405 1.007862 -5.857714
v -1.548114 0.989224 -5.884903
v -1.653737 1.403464 -4.831596
v -1.663159 1.447789 -4.852727
v -1.574656 1.031420 -5.647273
v -1.584078 1.075745 -5.668404
v -1.555922 1.424255 -4.831596
v -1.565344 1.468580 -4.852727
v -1.476842 1.052211 -5.647273
v -1.486263 1.096536 -5.668404
v -2.289491 0.331368 -3.712624
v -2.267540 0.370978 -3.678724
v -2.320345 0.376545 -3.698236
v -2.267540 0.370978 -3.678724
v -2.279400 0.410589 -3.717329
v -2.320345 0.376545 -3.698236
v -2.636038 0.331368 -4.455796
v -2.666892 0.376545 -4.441409
v -2.647897 0.370978 -4.494401
v -2.625947 0.410589 -4.460501
v -2.647897 0.370978 -4.494401
v -2.666892 0.376545 -4.441409
v -1.374053 0.189411 -4.139499
v -1.333108 0.223455 -4.158592
v -1.352103 0.229022 -4.105599
v -1.363962 0.268632 -4.144205
v -1.352103 0.229022 -4.105599
v -1.333108 0.223455 -4.158592
v -1.720600 0.189411 -4.882671
v -1.732460 0.229022 -4.921277
v -1.679655 0.223455 -4.901764
v -1.710509 0.268632 -4.887377
v -1.679655 0.223455 -4.901764
v -1.732460 0.229022 -4.921277
v -2.454596 0.383954 -3.724864
v -2.448289 0.433467 -3.727804
v -2.479953 0.383954 -3.779242
v -2.473646 0.433467 -3.782183
v -1.826354 0.286533 -4.017817
v -1.820048 0.336046 -4.020758
v -1.851711 0.286533 -4.072196
v -1.845405 0.336046 -4.075137
v 1.524034 0.875938 -4.429607
v 1.532323 0.914935 -4.415097
v 1.500343 0.908770 -4.442286
v 1.662341 1.526622 -4.706703
v 1.665358 1.540815 -4.746571
v 1.630361 1.520458 -4.733892
v 1.415079 0.363343 -5.553429
v 1.391387 0.396175 -5.566108
v 1.418096 0.377537 -5.593297
v 1.556403 1.028220 -5.870393
v 1.548114 0.989224 -5.884903
v 1.521405 1.007862 -5.857714
v 1.543597 0.871780 -4.429607
v 1.578595 0.892137 -4.442286
v 1.551886 0.910776 -4.415097
v 1.684921 1.536657 -4.746571
v 1.681904 1.522463 -4.706703
v 1.708613 1.503824 -4.733892
v 1.434642 0.359185 -5.553429
v 1.437659 0.373378 -5.593297
v 1.469639 0.379543 -5.566108
v 1.575966 1.024062 -5.870393
v 1.599657 0.991230 -5.857714
v 1.567677 0.985065 -5.884903
v 1.555922 1.424255 -4.831596
v 1.565344 1.468580 -4.852727
v 1.476842 1.052211 -5.647273
v 1.486263 1.096536 -5.668404
v 1.653737 1.403464 -4.831596
v 1.663159 1.447789 -4.852727
v 1.574656 1.031420 -5.647273
v 1.584078 1.075745 -5.668404
v 1.374053 0.189411 -4.139499
v 1.352103 0.229022 -4.105599
v 1.333108 0.223455 -4.158592
v 1.352103 0.229022 -4.105599
v 1.363962 0.268632 -4.144205
v 1.333108 0.223455 -4.158592
v 1.720600 0.189411 -4.882671
v 1.679655 0.223455 -4.901764
v 1.732460 0.229022 -4.921277
v 1.710509 0.268632 -4.887377
v 1.732460 0.229022 -4.921277
v 1.679655 0.223455 -4.901764
v 2.289491 0.331368 -3.712624
v 2.320345 0.376545 -3.698236
v 2.267540 0.370978 -3.678724
v 2.279400 0.410589 -3.717329
v 2.267540 0.370978 -3.678724
v 2.320345 0.376545 -3.698236
v 2.636038 0.331368 -4.455796
v 2.647897 0.370978 -4.494401
v 2.666892 0.376545 -4.441409
v 2.625947 0.410589 -4.460501
v 2.666892 0.376545 -4.441409
v 2.647897 0.370978 -4.494401
v 1.826354 0.286533 -4.017817
v 1.820048 0.336046 -4.020758
v 1.851711 0.286533 -4.072196
v 1.845405 0.336046 -4.075137
v 2.454596 0.383954 -3.724864
v 2.448289 0.433467 -3.727804
v 2.479953 0.383954 -3.779242
v 2.473646 0.433467 -3.782183
v -1.000000 0.760223 -4.234447
v -1.000000 0.925080 -4.100947
v -1.150000 0.909401 -4.250126
v -1.000000 0.974807 -4.106174
v -1.000000 1.108306 -4.271031
v -1.150000 0.959127 -4.255352
v -1.000000 0.655694 -5.228969
v -1.150000 0.804873 -5.244648
v -1.000000 0.789194 -5.393826
v -1.000000 1.003777 -5.265553
v -1.000000 0.838920 -5.399053
v -1.150000 0.854599 -5.249874
v 1.000000 0.760223 -4.234447
v 1.150000 0.909401 -4.250126
v 1.000000 0.925080 -4.100947
v 1.000000 1.108306 -4.271031
v 1.000000 0.974807 -4.106174
v 1.150000 0.959127 -4.255352
v 1.000000 0.655694 -5.228969
v 1.000000 0.789194 -5.393826
v 1.150000 0.804873 -5.244648
v 1.000000 1.003777 -5.265553
v 1.150000 0.854599 -5.249874
v 1.000000 0.838920 -5.399053
v -0.090000 1.114827 -4.151196
v -0.090000 1.154608 -4.155377
v -0.090000 0.989393 -5.344623
v -0.090000 1.029173 -5.348804
v 0.090000 1.114827 -4.151196
v 0.090000 1.154608 -4.155377
v 0.090000 0.989393 -5.344623
v 0.090000 1.029173 -5.348804
v -0.800000 1.025245 -4.318074
v -0.800000 1.065026 -4.322255
v -0.800000 1.018974 -4.377745
v -0.800000 1.058755 -4.381926
v 0.800000 1.025245 -4.318074
v 0.800000 1.065026 -4.322255
v 0.800000 1.018974 -4.377745
v 0.800000 1.058755 -4.381926
v -0.800000 1.025245 -4.538074
v -0.800000 1.065026 -4.542255
v -0.800000 1.018974 -4.597745
v -0.800000 1.058755 -4.601926
v 0.800000 1.025245 -4.538074
v 0.800000 1.065026 -4.542255
v 0.800000 1.018974 -4.597745
v 0.800000 1.058755 -4.601926
v -0.800000 1.025245 -4.758074
v -0.800000 1.065026 -4.762255
v -0.800000 1.018974 -4.817745
v -0.800000 1.058755 -4.821926
v 0.800000 1.025245 -4.758074
v 0.800000 1.065026 -4.762255
v 0.800000 1.018974 -4.817745
v 0.800000 1.058755 -4.821926
v -0.800000 1.025245 -4.978074
v -0.800000 1.065026 -4.982255
v -0.800000 1.018974 -5.037745
v -0.800000 1.058755 -5.041926
v 0.800000 1.025245 -4.978074
v 0.800000 1.065026 -4.982255
v 0.800000 1.018974 -5.037745
v 0.800000 1.058755 -5.041926
v -1.270000 1.096892 -5.331692
v -1.270000 1.133634 -5.310479
v -1.300000 1.125870 -5.339457
v -1.270000 1.152953 -5.315655
v -1.270000 1.174166 -5.352397
v -1.300000 1.145188 -5.344633
v -1.270000 1.065834 -5.447603
v -1.300000 1.094812 -5.455368
v -1.270000 1.087047 -5.484345
v -1.270000 1.143108 -5.468308
v -1.270000 1.106366 -5.489522
v -1.300000 1.114130 -5.460544
v 1.270000 1.096892 -5.331692
v 1.300000 1.125870 -5.339457
v 1.270000 1.133634 -5.310479
v 1.270000 1.174166 -5.352397
v 1.270000 1.152953 -5.315655
v 1.300000 1.145188 -5.344633
v 1.270000 1.065834 -5.447603
v 1.270000 1.087047 -5.484345
v 1.300000 1.094812 -5.455368
v 1.270000 1.143108 -5.468308
v 1.300000 1.114130 -5.460544
v 1.270000 1.106366 -5.489522
vn 0.2161 0.0038 0.9764
vn 0.2452 0.0603 0.9676
vn 0.3183 0.2295 0.9198
vn 0.3573 0.6514 0.6693
vn 0.1315 0.9908 0.0310
vn -0.0000 0.9468 0.3218
vn -0.1315 0.9908 0.0310
vn -0.3573 0.6514 0.6693
vn -0.3183 0.2295 0.9198
vn -0.2452 0.0603 0.9676
vn -0.2161 0.0038 0.9764
vn -0.2039 -0.0323 0.9785
vn -0.1837 -0.0965 0.9782
vn -0.1461 -0.2032 0.9682
vn -0.0692 -0.4044 0.9120
vn -0.0000 -0.4031 0.9151
vn 0.0692 -0.4044 0.9120
vn 0.1461 -0.2032 0.9682
vn 0.1837 -0.0965 0.9782
vn 0.2039 -0.0323 0.9785
vn 0.6249 0.0211 0.7804
vn 0.7308 0.3183 0.6038
vn 0.6811 0.6633 0.3100
vn 0.5034 0.8615 -0.0665
vn 0.1709 0.8032 -0.5707
vn -0.0000 0.7071 -0.7071
vn -0.1709 0.8032 -0.5707
vn -0.5034 0.8615 -0.0665
vn -0.6811 0.6633 0.3100
vn -0.7308 0.3183 0.6038
vn -0.6249 0.0211 0.7804
vn -0.5379 -0.1516 0.8293
vn -0.3906 -0.3513 0.8509
vn -0.2414 -0.5076 0.8271
vn -0.1020 -0.6320 0.7682
vn -0.0000 -0.6978 0.7163
vn 0.1020 -0.6320 0.7682
vn 0.2414 -0.5076 0.8271
vn 0.3906 -0.3513 0.8509
vn 0.5379 -0.1516 0.8293
vn 0.8167 0.0151 0.5769
vn 0.8687 0.4187 0.2648
vn 0.6205 0.7530 -0.2190
vn 0.2651 0.8001 -0.5382
vn 0.0722 0.7645 -0.6405
vn -0.0000 0.7488 -0.6629
vn -0.0722 0.7645 -0.6405
vn -0.2651 0.8001 -0.5382
vn -0.6205 0.7530 -0.2190
vn -0.8687 0.4187 0.2648
vn -0.8167 0.0151 0.5769
vn -0.6558 -0.2757 0.7028
vn -0.4080 -0.5310 0.7427
vn -0.2039 -0.6669 0.7168
vn -0.0651 -0.7291 0.6813
vn -0.0000 -0.7465 0.6654
vn 0.0651 -0.7291 0.6813
vn 0.2039 -0.6669 0.7168
vn 0.4080 -0.5310 0.7427
vn 0.6558 -0.2757 0.7028
vn 0.8792 0.0120 0.4763
vn 0.8746 0.4660 0.1337
vn 0.5383 0.7838 -0.3098
vn 0.2194 0.8231 -0.5238
vn 0.0609 0.8047 -0.5906
vn -0.0000 0.7956 -0.6058
vn -0.0609 0.8047 -0.5906
vn -0.2194 0.8231 -0.5238
vn -0.5383 0.7838 -0.3098
vn -0.8746 0.4660 0.1337
vn -0.8792 0.0120 0.4763
vn -0.6925 -0.3460 0.6330
vn -0.4015 -0.6192 0.6748
vn -0.1878 -0.7374 0.6488
vn -0.0574 -0.7829 0.6195
vn -0.0000 -0.7942 0.6077
vn 0.0574 -0.7829 0.6195
vn 0.1878 -0.7374 0.6488
vn 0.4015 -0.6192 0.6748
vn 0.6925 -0.3460 0.6330
vn 0.9141 0.0085 0.4054
vn 0.8642 0.4975 0.0749
vn 0.4923 0.8139 -0.3085
vn 0.1998 0.8586 -0.4722
vn 0.0560 0.8493 -0.5249
vn -0.0000 0.8434 -0.5373
vn -0.0560 0.8493 -0.5249
vn -0.1998 0.8586 -0.4722
vn -0.4923 0.8139 -0.3085
vn -0.8642 0.4975 0.0749
vn -0.9141 0.0085 0.4054
vn -0.7177 -0.4028 0.5680
vn -0.3992 -0.6903 0.6035
vn -0.1800 -0.7976 0.5757
vn -0.0539 -0.8341 0.5490
vn -0.0000 -0.8424 0.5389
vn 0.0539 -0.8341 0.5490
vn 0.1800 -0.7976 0.5757
vn 0.3992 -0.6903 0.6035
vn 0.7177 -0.4028 0.5680
vn 0.9365 0.0046 0.3506
vn 0.8513 0.5217 0.0554
vn 0.4646 0.8440 -0.2678
vn 0.1892 0.8965 -0.4006
vn 0.0534 0.8938 -0.4452
vn -0.0000 0.8899 -0.4562
vn -0.0534 0.8938 -0.4452
vn -0.1892 0.8965 -0.4006
vn -0.4646 0.8440 -0.2678
vn -0.8513 0.5217 0.0554
vn -0.9365 0.0046 0.3506
vn -0.7384 -0.4522 0.5003
vn -0.3998 -0.7528 0.5230
vn -0.1760 -0.8526 0.4921
vn -0.0520 -0.8829 0.4667
vn -0.0000 -0.8892 0.4575
vn 0.0520 -0.8829 0.4667
vn 0.1760 -0.8526 0.4921
vn 0.3998 -0.7528 0.5230
vn 0.7384 -0.4522 0.5003
vn 0.9522 0.0006 0.3055
vn 0.8388 0.5410 0.0606
vn 0.4460 0.8715 -0.2039
vn 0.1826 0.9319 -0.3133
vn 0.0519 0.9346 -0.3520
vn -0.0000 0.9323 -0.3617
vn -0.0519 0.9346 -0.3520
vn -0.1826 0.9319 -0.3133
vn -0.4460 0.8715 -0.2039
vn -0.8388 0.5410 0.0606
vn -0.9522 0.0006 0.3055
vn -0.7561 -0.4962 0.4267
vn -0.4017 -0.8080 0.4310
vn -0.1737 -0.9016 0.3962
vn -0.0509 -0.9270 0.3715
vn -0.0000 -0.9318 0.3630
vn 0.0509 -0.9270 0.3715
vn 0.1737 -0.9016 0.3962
vn 0.4017 -0.8080 0.4310
vn 0.7561 -0.4962 0.4267
vn 0.9637 -0.0034 0.2668
vn 0.8270 0.5561 0.0824
vn 0.4315 0.8936 -0.1237
vn 0.1775 0.9609 -0.2126
vn 0.0507 0.9679 -0.2460
vn -0.0000 0.9670 -0.2548
vn -0.0507 0.9679 -0.2460
vn -0.1775 0.9609 -0.2126
vn -0.4315 0.8936 -0.1237
vn -0.8270 0.5561 0.0824
vn -0.9637 -0.0034 0.2668
vn -0.7709 -0.5347 0.3461
vn -0.4030 -0.8548 0.3268
vn -0.1718 -0.9421 0.2879
vn -0.0500 -0.9633 0.2639
vn -0.0000 -0.9667 0.2560
vn 0.0500 -0.9633 0.2639
vn 0.1718 -0.9421 0.2879
vn 0.4030 -0.8548 0.3268
vn 0.7709 -0.5347 0.3461
vn 0.9726 -0.0070 0.2324
vn 0.8155 0.5671 0.1159
vn 0.4182 0.9078 -0.0323
vn 0.1726 0.9797 -0.1019
vn 0.0494 0.9903 -0.1299
vn -0.0000 0.9905 -0.1376
vn -0.0494 0.9903 -0.1299
vn -0.1726 0.9797 -0.1019
vn -0.4182 0.9078 -0.0323
vn -0.8155 0.5671 0.1159
vn -0.9726 -0.0070 0.2324
vn -0.7823 -0.5666 0.2586
vn -0.4024 -0.8906 0.2119
vn -0.1694 -0.9710 0.1690
vn -0.0490 -0.9881 0.1460
vn -0.0000 -0.9903 0.1387
vn 0.0490 -0.9881 0.1460
vn 0.1694 -0.9710 0.1690
vn 0.4024 -0.8906 0.2119
vn 0.7823 -0.5666 0.2586
vn 0.9795 -0.0056 0.2013
vn 0.8029 0.5790 0.1422
vn 0.4040 0.9137 0.0432
vn 0.1668 0.9860 -0.0092
vn 0.0479 0.9983 -0.0320
vn -0.0000 0.9993 -0.0386
vn -0.0479 0.9983 -0.0320
vn -0.1668 0.9860 -0.0092
vn -0.4040 0.9137 0.0432
vn -0.8029 0.5790 0.1422
vn -0.9795 -0.0056 0.2013
vn -0.7901 -0.5857 0.1811
vn -0.3984 -0.9103 0.1120
vn -0.1656 -0.9839 0.0674
vn -0.0477 -0.9978 0.0461
vn -0.0000 -0.9992 0.0396
vn 0.0477 -0.9978 0.0461
vn 0.1656 -0.9839 0.0674
vn 0.3984 -0.9103 0.1120
vn 0.7901 -0.5857 0.1811
vn 0.9846 -0.0001 0.1749
vn 0.7929 0.5933 0.1390
vn 0.3916 0.9178 0.0654
vn 0.1612 0.9866 0.0241
vn 0.0463 0.9989 0.0055
vn -0.0000 1.0000 -0.0000
vn -0.0463 0.9989 0.0055
vn -0.1612 0.9866 0.0241
vn -0.3916 0.9178 0.0654
vn -0.7929 0.5933 0.1390
vn -0.9846 -0.0001 0.1749
vn -0.7927 -0.5934 0.1395
vn -0.3915 -0.9178 0.0662
vn -0.1612 -0.9866 0.0250
vn -0.0463 -0.9989 0.0064
vn -0.0000 -1.0000 0.0009
vn 0.0463 -0.9989 0.0064
vn 0.1612 -0.9866 0.0250
vn 0.3915 -0.9178 0.0662
vn 0.7927 -0.5934 0.1395
vn 0.9884 -0.0000 0.1517
vn 0.7892 0.6023 0.1198
vn 0.3833 0.9220 0.0556
vn 0.1569 0.9874 0.0206
vn 0.0450 0.9990 0.0050
vn -0.0000 1.0000 0.0004
vn -0.0450 0.9990 0.0050
vn -0.1569 0.9874 0.0206
vn -0.3833 0.9220 0.0556
vn -0.7892 0.6023 0.1198
vn -0.9884 -0.0000 0.1517
vn -0.7892 -0.6023 0.1198
vn -0.3833 -0.9220 0.0556
vn -0.1569 -0.9874 0.0206
vn -0.0450 -0.9990 0.0050
vn -0.0000 -1.0000 0.0004
vn 0.0450 -0.9990 0.0050
vn 0.1569 -0.9874 0.0206
vn 0.3833 -0.9220 0.0556
vn 0.7892 -0.6023 0.1198
vn 0.9914 -0.0000 0.1308
vn 0.7860 0.6097 0.1025
vn 0.3764 0.9253 0.0469
vn 0.1535 0.9880 0.0173
vn 0.0440 0.9990 0.0042
vn -0.0000 1.0000 0.0003
vn -0.0440 0.9990 0.0042
vn -0.1535 0.9880 0.0173
vn -0.3764 0.9253 0.0469
vn -0.7860 0.6097 0.1025
vn -0.9914 -0.0000 0.1308
vn -0.7860 -0.6097 0.1025
vn -0.3764 -0.9253 0.0469
vn -0.1535 -0.9880 0.0173
vn -0.0440 -0.9990 0.0042
vn -0.0000 -1.0000 0.0003
vn 0.0440 -0.9990 0.0042
vn 0.1535 -0.9880 0.0173
vn 0.3764 -0.9253 0.0469
vn 0.7860 -0.6097 0.1025
vn 0.9937 -0.0000 0.1119
vn 0.7830 0.6158 0.0872
vn 0.3706 0.9280 0.0394
vn 0.1506 0.9885 0.0145
vn 0.0431 0.9991 0.0035
vn -0.0431 0.9991 0.0035
vn -0.1506 0.9885 0.0145
vn -0.3706 0.9280 0.0394
vn -0.7830 0.6158 0.0872
vn -0.9937 -0.0000 0.1119
vn -0.7830 -0.6158 0.0872
vn -0.3706 -0.9280 0.0394
vn -0.1506 -0.9885 0.0145
vn -0.0431 -0.9991 0.0035
vn 0.0431 -0.9991 0.0035
vn 0.1506 -0.9885 0.0145
vn 0.3706 -0.9280 0.0394
vn 0.7830 -0.6158 0.0872
vn 0.9955 -0.0000 0.0947
vn 0.7805 0.6209 0.0734
vn 0.3658 0.9301 0.0329
vn 0.1483 0.9889 0.0121
vn 0.0424 0.9991 0.0029
vn -0.0000 1.0000 0.0002
vn -0.0424 0.9991 0.0029
vn -0.1483 0.9889 0.0121
vn -0.3658 0.9301 0.0329
vn -0.7805 0.6209 0.0734
vn -0.9955 -0.0000 0.0947
vn -0.7805 -0.6209 0.0734
vn -0.3658 -0.9301 0.0329
vn -0.1483 -0.9889 0.0121
vn -0.0424 -0.9991 0.0029
vn -0.0000 -1.0000 0.0002
vn 0.0424 -0.9991 0.0029
vn 0.1483 -0.9889 0.0121
vn 0.3658 -0.9301 0.0329
vn 0.7805 -0.6209 0.0734
vn 0.9969 -0.0000 0.0791
vn 0.7782 0.6250 0.0610
vn 0.3619 0.9318 0.0271
vn 0.1464 0.9892 0.0099
vn 0.0419 0.9991 0.0024
vn -0.0419 0.9991 0.0024
vn -0.1464 0.9892 0.0099
vn -0.3619 0.9318 0.0271
vn -0.7782 0.6250 0.0610
vn -0.9969 -0.0000 0.0791
vn -0.7782 -0.6250 0.0610
vn -0.3619 -0.9318 0.0271
vn -0.1464 -0.9892 0.0099
vn -0.0419 -0.9991 0.0024
vn 0.0419 -0.9991 0.0024
vn 0.1464 -0.9892 0.0099
vn 0.3619 -0.9318 0.0271
vn 0.7782 -0.6250 0.0610
vn 0.9979 -0.0000 0.0649
vn 0.7763 0.6284 0.0499
vn 0.3586 0.9332 0.0220
vn 0.1448 0.9894 0.0080
vn 0.0414 0.9991 0.0019
vn -0.0000 1.0000 0.0001
vn -0.0414 0.9991 0.0019
vn -0.1448 0.9894 0.0080
vn -0.3586 0.9332 0.0220
vn -0.7763 0.6284 0.0499
vn -0.9979 -0.0000 0.0649
vn -0.7763 -0.6284 0.0499
vn -0.3586 -0.9332 0.0220
vn -0.1448 -0.9894 0.0080
vn -0.0414 -0.9991 0.0019
vn -0.0000 -1.0000 0.0001
vn 0.0414 -0.9991 0.0019
vn 0.1448 -0.9894 0.0080
vn 0.3586 -0.9332 0.0220
vn 0.7763 -0.6284 0.0499
vn 0.9986 -0.0000 0.0520
vn 0.7747 0.6311 0.0399
vn 0.3560 0.9343 0.0175
vn 0.1436 0.9896 0.0064
vn 0.0410 0.9992 0.0015
vn -0.0410 0.9992 0.0015
vn -0.1436 0.9896 0.0064
vn -0.3560 0.9343 0.0175
vn -0.7747 0.6311 0.0399
vn -0.9986 -0.0000 0.0520
vn -0.7747 -0.6311 0.0399
vn -0.3560 -0.9343 0.0175
vn -0.1436 -0.9896 0.0064
vn -0.0410 -0.9992 0.0015
vn 0.0410 -0.9992 0.0015
vn 0.1436 -0.9896 0.0064
vn 0.3560 -0.9343 0.0175
vn 0.7747 -0.6311 0.0399
vn 0.9992 -0.0000 0.0404
vn 0.7734 0.6332 0.0309
vn 0.3540 0.9351 0.0135
vn 0.1426 0.9898 0.0049
vn 0.0407 0.9992 0.0012
vn -0.0407 0.9992 0.0012
vn -0.1426 0.9898 0.0049
vn -0.3540 0.9351 0.0135
vn -0.7734 0.6332 0.0309
vn -0.9992 -0.0000 0.0404
vn -0.7734 -0.6332 0.0309
vn -0.3540 -0.9351 0.0135
vn -0.1426 -0.9898 0.0049
vn -0.0407 -0.9992 0.0012
vn 0.0407 -0.9992 0.0012
vn 0.1426 -0.9898 0.0049
vn 0.3540 -0.9351 0.0135
vn 0.7734 -0.6332 0.0309
vn 0.9995 -0.0000 0.0301
vn 0.7723 0.6348 0.0230
vn 0.3525 0.9358 0.0100
vn 0.1419 0.9899 0.0037
vn 0.0405 0.9992 0.0009
vn -0.0405 0.9992 0.0009
vn -0.1419 0.9899 0.0037
vn -0.3525 0.9358 0.0100
vn -0.7723 0.6348 0.0230
vn -0.9995 -0.0000 0.0301
vn -0.7723 -0.6348 0.0230
vn -0.3525 -0.9358 0.0100
vn -0.1419 -0.9899 0.0037
vn -0.0405 -0.9992 0.0009
vn 0.0405 -0.9992 0.0009
vn 0.1419 -0.9899 0.0037
vn 0.3525 -0.9358 0.0100
vn 0.7723 -0.6348 0.0230
vn 0.9998 -0.0000 0.0211
vn 0.7716 0.6360 0.0161
vn 0.3513 0.9362 0.0070
vn 0.1414 0.9900 0.0025
vn 0.0404 0.9992 0.0006
vn -0.0404 0.9992 0.0006
vn -0.1414 0.9900 0.0025
vn -0.3513 0.9362 0.0070
vn -0.7716 0.6360 0.0161
vn -0.9998 -0.0000 0.0211
vn -0.7716 -0.6360 0.0161
vn -0.3513 -0.9362 0.0070
vn -0.1414 -0.9900 0.0025
vn -0.0404 -0.9992 0.0006
vn -0.0000 -1.0000 -0.0000
vn 0.0404 -0.9992 0.0006
vn 0.1414 -0.9900 0.0025
vn 0.3513 -0.9362 0.0070
vn 0.7716 -0.6360 0.0161
vn 0.9999 -0.0000 0.0134
vn 0.7710 0.6368 0.0102
vn 0.3505 0.9365 0.0044
vn 0.1410 0.9900 0.0016
vn 0.0403 0.9992 0.0004
vn -0.0403 0.9992 0.0004
vn -0.1410 0.9900 0.0016
vn -0.3505 0.9365 0.0044
vn -0.7710 0.6368 0.0102
vn -0.9999 -0.0000 0.0134
vn -0.7710 -0.6368 0.0102
vn -0.3505 -0.9365 0.0044
vn -0.1410 -0.9900 0.0016
vn -0.0403 -0.9992 0.0004
vn 0.0403 -0.9992 0.0004
vn 0.1410 -0.9900 0.0016
vn 0.3505 -0.9365 0.0044
vn 0.7710 -0.6368 0.0102
vn 1.0000 -0.0000 0.0071
vn 0.7706 0.6373 0.0054
vn 0.3500 0.9367 0.0024
vn 0.1408 0.9900 0.0009
vn 0.0402 0.9992 0.0002
vn -0.0402 0.9992 0.0002
vn -0.1408 0.9900 0.0009
vn -0.3500 0.9367 0.0024
vn -0.7706 0.6373 0.0054
vn -1.0000 -0.0000 0.0071
vn -0.7706 -0.6373 0.0054
vn -0.3500 -0.9367 0.0024
vn -0.1408 -0.9900 0.0009
vn -0.0402 -0.9992 0.0002
vn 0.0402 -0.9992 0.0002
vn 0.1408 -0.9900 0.0009
vn 0.3500 -0.9367 0.0024
vn 0.7706 -0.6373 0.0054
vn 0.9916 -0.0000 0.1296
vn 0.7520 0.6522 0.0955
vn 0.3371 0.9406 0.0395
vn 0.1351 0.9907 0.0142
vn 0.0380 0.9993 0.0033
vn -0.0380 0.9993 0.0033
vn -0.1351 0.9907 0.0142
vn -0.3371 0.9406 0.0395
vn -0.7520 0.6522 0.0955
vn -0.9916 -0.0000 0.1296
vn -0.7520 -0.6522 0.0955
vn -0.3371 -0.9406 0.0395
vn -0.1351 -0.9907 0.0142
vn -0.0380 -0.9993 0.0033
vn 0.0380 -0.9993 0.0033
vn 0.1351 -0.9907 0.0142
vn 0.3371 -0.9406 0.0395
vn 0.7520 -0.6522 0.0955
vn 0.9926 -0.0000 0.1214
vn 0.7710 0.6296 0.0957
vn 0.3508 0.9354 0.0434
vn 0.1412 0.9899 0.0160
vn 0.0408 0.9992 0.0040
vn -0.0408 0.9992 0.0040
vn -0.1412 0.9899 0.0160
vn -0.3508 0.9354 0.0434
vn -0.7710 0.6296 0.0957
vn -0.9926 -0.0000 0.1214
vn -0.7710 -0.6296 0.0957
vn -0.3508 -0.9354 0.0434
vn -0.1412 -0.9899 0.0160
vn -0.0408 -0.9992 0.0040
vn 0.0408 -0.9992 0.0040
vn 0.1412 -0.9899 0.0160
vn 0.3508 -0.9354 0.0434
vn 0.7710 -0.6296 0.0957
vn 1.0000 -0.0000 -0.0000
vn 0.7618 0.6478 -0.0000
vn 0.3391 0.9407 -0.0000
vn 0.1357 0.9907 -0.0000
vn 0.0387 0.9993 -0.0000
vn -0.0387 0.9993 -0.0000
vn -0.1357 0.9907 -0.0000
vn -0.3391 0.9407 -0.0000
vn -0.7618 0.6478 -0.0000
vn -1.0000 -0.0000 -0.0000
vn -0.7618 -0.6478 -0.0000
vn -0.3391 -0.9407 -0.0000
vn -0.1357 -0.9907 -0.0000
vn -0.0387 -0.9993 -0.0000
vn 0.0387 -0.9993 -0.0000
vn 0.1357 -0.9907 -0.0000
vn 0.3391 -0.9407 -0.0000
vn 0.7618 -0.6478 -0.0000
vn 1.0000 -0.0000 -0.0001
vn 0.7618 0.6478 -0.0001
vn -0.7618 0.6478 -0.0001
vn -1.0000 -0.0000 -0.0001
vn -0.7618 -0.6478 -0.0001
vn 0.7618 -0.6478 -0.0001
vn 1.0000 -0.0000 -0.0003
vn 0.7618 0.6478 -0.0003
vn 0.3391 0.9407 -0.0001
vn -0.3391 0.9407 -0.0001
vn -0.7618 0.6478 -0.0003
vn -1.0000 -0.0000 -0.0003
vn -0.7618 -0.6478 -0.0003
vn -0.3391 -0.9407 -0.0001
vn 0.3391 -0.9407 -0.0001
vn 0.7618 -0.6478 -0.0003
vn 1.0000 -0.0000 -0.0008
vn 0.7619 0.6477 -0.0006
vn 0.3392 0.9407 -0.0003
vn 0.1357 0.9907 -0.0001
vn -0.1357 0.9907 -0.0001
vn -0.3392 0.9407 -0.0003
vn -0.7619 0.6477 -0.0006
vn -1.0000 -0.0000 -0.0008
vn -0.7619 -0.6477 -0.0006
vn -0.3392 -0.9407 -0.0003
vn -0.1357 -0.9907 -0.0001
vn 0.1357 -0.9907 -0.0001
vn 0.3392 -0.9407 -0.0003
vn 0.7619 -0.6477 -0.0006
vn 1.0000 -0.0000 -0.0017
vn 0.7619 0.6476 -0.0013
vn 0.3393 0.9407 -0.0006
vn 0.1358 0.9907 -0.0002
vn -0.1358 0.9907 -0.0002
vn -0.3393 0.9407 -0.0006
vn -0.7619 0.6476 -0.0013
vn -1.0000 -0.0000 -0.0017
vn -0.7619 -0.6476 -0.0013
vn -0.3393 -0.9407 -0.0006
vn -0.1358 -0.9907 -0.0002
vn 0.1358 -0.9907 -0.0002
vn 0.3393 -0.9407 -0.0006
vn 0.7619 -0.6476 -0.0013
vn 1.0000 -0.0000 -0.0034
vn 0.7621 0.6475 -0.0025
vn 0.3394 0.9406 -0.0011
vn 0.1358 0.9907 -0.0004
vn 0.0387 0.9992 -0.0001
vn -0.0387 0.9992 -0.0001
vn -0.1358 0.9907 -0.0004
vn -0.3394 0.9406 -0.0011
vn -0.7621 0.6475 -0.0025
vn -1.0000 -0.0000 -0.0034
vn -0.7621 -0.6475 -0.0025
vn -0.3394 -0.9406 -0.0011
vn -0.1358 -0.9907 -0.0004
vn -0.0387 -0.9992 -0.0001
vn 0.0387 -0.9992 -0.0001
vn 0.1358 -0.9907 -0.0004
vn 0.3394 -0.9406 -0.0011
vn 0.7621 -0.6475 -0.0025
vn 1.0000 -0.0000 -0.0060
vn 0.7623 0.6472 -0.0045
vn 0.3396 0.9406 -0.0019
vn 0.1359 0.9907 -0.0007
vn 0.0388 0.9992 -0.0002
vn -0.0388 0.9992 -0.0002
vn -0.1359 0.9907 -0.0007
vn -0.3396 0.9406 -0.0019
vn -0.7623 0.6472 -0.0045
vn -1.0000 -0.0000 -0.0060
vn -0.7623 -0.6472 -0.0045
vn -0.3396 -0.9406 -0.0019
vn -0.1359 -0.9907 -0.0007
vn -0.0388 -0.9992 -0.0002
vn 0.0388 -0.9992 -0.0002
vn 0.1359 -0.9907 -0.0007
vn 0.3396 -0.9406 -0.0019
vn 0.7623 -0.6472 -0.0045
vn 0.9999 -0.0000 -0.0101
vn 0.7626 0.6468 -0.0076
vn 0.3400 0.9404 -0.0032
vn 0.1361 0.9907 -0.0012
vn 0.0388 0.9992 -0.0003
vn -0.0388 0.9992 -0.0003
vn -0.1361 0.9907 -0.0012
vn -0.3400 0.9404 -0.0032
vn -0.7626 0.6468 -0.0076
vn -0.9999 -0.0000 -0.0101
vn -0.7626 -0.6468 -0.0076
vn -0.3400 -0.9404 -0.0032
vn -0.1361 -0.9907 -0.0012
vn -0.0388 -0.9992 -0.0003
vn 0.0388 -0.9992 -0.0003
vn 0.1361 -0.9907 -0.0012
vn 0.3400 -0.9404 -0.0032
vn 0.7626 -0.6468 -0.0076
vn 0.9999 -0.0000 -0.0162
vn 0.7631 0.6462 -0.0122
vn 0.3406 0.9402 -0.0052
vn 0.1364 0.9907 -0.0019
vn 0.0389 0.9992 -0.0005
vn -0.0389 0.9992 -0.0005
vn -0.1364 0.9907 -0.0019
vn -0.3406 0.9402 -0.0052
vn -0.7631 0.6462 -0.0122
vn -0.9999 -0.0000 -0.0162
vn -0.7631 -0.6462 -0.0122
vn -0.3406 -0.9402 -0.0052
vn -0.1364 -0.9907 -0.0019
vn -0.0389 -0.9992 -0.0005
vn 0.0389 -0.9992 -0.0005
vn 0.1364 -0.9907 -0.0019
vn 0.3406 -0.9402 -0.0052
vn 0.7631 -0.6462 -0.0122
vn 0.9997 -0.0000 -0.0250
vn 0.7638 0.6452 -0.0189
vn 0.3416 0.9398 -0.0080
vn 0.1368 0.9906 -0.0029
vn 0.0390 0.9992 -0.0007
vn -0.0000 1.0000 -0.0001
vn -0.0390 0.9992 -0.0007
vn -0.1368 0.9906 -0.0029
vn -0.3416 0.9398 -0.0080
vn -0.7638 0.6452 -0.0189
vn -0.9997 -0.0000 -0.0250
vn -0.7638 -0.6452 -0.0189
vn -0.3416 -0.9398 -0.0080
vn -0.1368 -0.9906 -0.0029
vn -0.0390 -0.9992 -0.0007
vn -0.0000 -1.0000 -0.0001
vn 0.0390 -0.9992 -0.0007
vn 0.1368 -0.9906 -0.0029
vn 0.3416 -0.9398 -0.0080
vn 0.7638 -0.6452 -0.0189
vn 0.9993 -0.0000 -0.0373
vn 0.7648 0.6436 -0.0282
vn 0.3430 0.9393 -0.0121
vn 0.1375 0.9905 -0.0044
vn 0.0392 0.9992 -0.0011
vn -0.0392 0.9992 -0.0011
vn -0.1375 0.9905 -0.0044
vn -0.3430 0.9393 -0.0121
vn -0.7648 0.6436 -0.0282
vn -0.9993 -0.0000 -0.0373
vn -0.7648 -0.6436 -0.0282
vn -0.3430 -0.9393 -0.0121
vn -0.1375 -0.9905 -0.0044
vn -0.0392 -0.9992 -0.0011
vn 0.0392 -0.9992 -0.0011
vn 0.1375 -0.9905 -0.0044
vn 0.3430 -0.9393 -0.0121
vn 0.7648 -0.6436 -0.0282
vn 0.9985 -0.0000 -0.0542
vn 0.7661 0.6413 -0.0412
vn 0.3450 0.9384 -0.0177
vn 0.1384 0.9903 -0.0064
vn 0.0395 0.9992 -0.0016
vn -0.0395 0.9992 -0.0016
vn -0.1384 0.9903 -0.0064
vn -0.3450 0.9384 -0.0177
vn -0.7661 0.6413 -0.0412
vn -0.9985 -0.0000 -0.0542
vn -0.7661 -0.6413 -0.0412
vn -0.3450 -0.9384 -0.0177
vn -0.1384 -0.9903 -0.0064
vn -0.0395 -0.9992 -0.0016
vn 0.0395 -0.9992 -0.0016
vn 0.1384 -0.9903 -0.0064
vn 0.3450 -0.9384 -0.0177
vn 0.7661 -0.6413 -0.0412
vn 0.9970 -0.0000 -0.0771
vn 0.7678 0.6380 -0.0588
vn 0.3479 0.9372 -0.0255
vn 0.1398 0.9901 -0.0093
vn 0.0400 0.9992 -0.0022
vn -0.0000 1.0000 -0.0002
vn -0.0400 0.9992 -0.0022
vn -0.1398 0.9901 -0.0093
vn -0.3479 0.9372 -0.0255
vn -0.7678 0.6380 -0.0588
vn -0.9970 -0.0000 -0.0771
vn -0.7678 -0.6380 -0.0588
vn -0.3480 -0.9372 -0.0255
vn -0.1398 -0.9901 -0.0093
vn -0.0400 -0.9992 -0.0022
vn -0.0000 -1.0000 -0.0002
vn 0.0400 -0.9992 -0.0022
vn 0.1398 -0.9901 -0.0093
vn 0.3480 -0.9372 -0.0255
vn 0.7678 -0.6380 -0.0588
vn 0.9942 -0.0000 -0.1076
vn 0.7697 0.6330 -0.0825
vn 0.3521 0.9353 -0.0362
vn 0.1418 0.9898 -0.0132
vn 0.0406 0.9992 -0.0032
vn -0.0406 0.9992 -0.0032
vn -0.1418 0.9898 -0.0132
vn -0.3521 0.9353 -0.0362
vn -0.7697 0.6330 -0.0825
vn -0.9942 -0.0000 -0.1076
vn -0.7697 -0.6330 -0.0825
vn -0.3521 -0.9353 -0.0362
vn -0.1418 -0.9898 -0.0132
vn -0.0406 -0.9992 -0.0032
vn 0.0406 -0.9992 -0.0032
vn 0.1418 -0.9898 -0.0132
vn 0.3521 -0.9353 -0.0362
vn 0.7697 -0.6330 -0.0825
vn 0.9890 -0.0000 -0.1478
vn 0.7716 0.6258 -0.1143
vn 0.3579 0.9324 -0.0509
vn 0.1447 0.9893 -0.0187
vn 0.0414 0.9991 -0.0045
vn -0.0000 1.0000 -0.0003
vn -0.0414 0.9991 -0.0045
vn -0.1447 0.9893 -0.0187
vn -0.3579 0.9324 -0.0509
vn -0.7716 0.6258 -0.1143
vn -0.9890 -0.0000 -0.1478
vn -0.7716 -0.6258 -0.1143
vn -0.3579 -0.9324 -0.0509
vn -0.1447 -0.9893 -0.0187
vn -0.0414 -0.9991 -0.0045
vn -0.0000 -1.0000 -0.0003
vn 0.0414 -0.9991 -0.0045
vn 0.1447 -0.9893 -0.0187
vn 0.3579 -0.9324 -0.0509
vn 0.7716 -0.6258 -0.1143
vn 0.9796 -0.0040 -0.2008
vn 0.7769 0.6129 -0.1441
vn 0.3674 0.9288 -0.0491
vn 0.1490 0.9888 -0.0018
vn 0.0427 0.9989 0.0185
vn -0.0000 0.9997 0.0245
vn -0.0427 0.9989 0.0185
vn -0.1490 0.9888 -0.0018
vn -0.3674 0.9288 -0.0491
vn -0.7769 0.6129 -0.1441
vn -0.9796 -0.0040 -0.2008
vn -0.7684 -0.6170 -0.1701
vn -0.3643 -0.9266 -0.0938
vn -0.1484 -0.9876 -0.0509
vn -0.0427 -0.9986 -0.0314
vn -0.0000 -0.9997 -0.0254
vn 0.0427 -0.9986 -0.0314
vn 0.1484 -0.9876 -0.0509
vn 0.3643 -0.9266 -0.0938
vn 0.7684 -0.6170 -0.1701
vn 0.9626 -0.0057 -0.2707
vn 0.7844 0.5984 -0.1630
vn 0.3814 0.9243 -0.0112
vn 0.1550 0.9861 0.0605
vn 0.0444 0.9949 0.0901
vn -0.0000 0.9951 0.0986
vn -0.0444 0.9949 0.0901
vn -0.1550 0.9861 0.0605
vn -0.3814 0.9243 -0.0112
vn -0.7844 0.5984 -0.1630
vn -0.9626 -0.0057 -0.2707
vn -0.7573 -0.5966 -0.2657
vn -0.3698 -0.9099 -0.1879
vn -0.1528 -0.9791 -0.1344
vn -0.0442 -0.9932 -0.1081
vn -0.0000 -0.9950 -0.0999
vn 0.0442 -0.9932 -0.1081
vn 0.1528 -0.9791 -0.1344
vn 0.3698 -0.9099 -0.1879
vn 0.7573 -0.5966 -0.2657
vn 0.9328 -0.0006 -0.3604
vn 0.7890 0.5832 -0.1933
vn 0.4002 0.9159 0.0321
vn 0.1631 0.9767 0.1397
vn 0.0467 0.9821 0.1827
vn -0.0000 0.9808 0.1948
vn -0.0467 0.9821 0.1827
vn -0.1631 0.9767 0.1397
vn -0.4002 0.9159 0.0321
vn -0.7890 0.5832 -0.1933
vn -0.9328 -0.0006 -0.3604
vn -0.7362 -0.5558 -0.3860
vn -0.3737 -0.8743 -0.3096
vn -0.1579 -0.9570 -0.2433
vn -0.0461 -0.9771 -0.2079
vn -0.0000 -0.9805 -0.1965
vn 0.0461 -0.9771 -0.2079
vn 0.1579 -0.9570 -0.2433
vn 0.3737 -0.8743 -0.3096
vn 0.7362 -0.5558 -0.3860
vn 0.8800 0.0057 -0.4749
vn 0.7854 0.5583 -0.2672
vn 0.4294 0.9023 0.0392
vn 0.1764 0.9632 0.2029
vn 0.0504 0.9622 0.2675
vn -0.0000 0.9584 0.2855
vn -0.0504 0.9622 0.2675
vn -0.1764 0.9632 0.2029
vn -0.4294 0.9023 0.0392
vn -0.7854 0.5583 -0.2672
vn -0.8800 0.0057 -0.4749
vn -0.6994 -0.4958 -0.5148
vn -0.3762 -0.8173 -0.4365
vn -0.1652 -0.9208 -0.3533
vn -0.0491 -0.9513 -0.3045
vn -0.0000 -0.9576 -0.2880
vn 0.0491 -0.9513 -0.3045
vn 0.1652 -0.9208 -0.3533
vn 0.3762 -0.8173 -0.4365
vn 0.6994 -0.4958 -0.5148
vn 0.7833 0.0119 -0.6215
vn 0.7536 0.5118 -0.4125
vn 0.4765 0.8782 -0.0423
vn 0.2043 0.9523 0.2266
vn 0.0582 0.9393 0.3380
vn -0.0000 0.9295 0.3688
vn -0.0582 0.9393 0.3380
vn -0.2043 0.9523 0.2266
vn -0.4765 0.8782 -0.0423
vn -0.7536 0.5118 -0.4125
vn -0.7833 0.0119 -0.6215
vn -0.6356 -0.4081 -0.6554
vn -0.3751 -0.7258 -0.5767
vn -0.1776 -0.8635 -0.4720
vn -0.0552 -0.9151 -0.3995
vn -0.0000 -0.9280 -0.3726
vn 0.0552 -0.9151 -0.3995
vn 0.1776 -0.8635 -0.4720
vn 0.3751 -0.7258 -0.5767
vn 0.6356 -0.4081 -0.6554
vn 0.5485 0.0169 -0.8360
vn 0.5864 0.3884 -0.7109
vn 0.4666 0.7413 -0.4825
vn 0.3044 0.9388 -0.1614
vn 0.1093 0.9567 0.2698
vn -0.0000 0.8983 0.4394
vn -0.1093 0.9567 0.2698
vn -0.3043 0.9388 -0.1614
vn -0.4666 0.7413 -0.4825
vn -0.5864 0.3884 -0.7109
vn -0.5485 0.0169 -0.8360
vn -0.4746 -0.2512 -0.8436
vn -0.3284 -0.5095 -0.7953
vn -0.1977 -0.6896 -0.6967
vn -0.0819 -0.8267 -0.5566
vn -0.0000 -0.8913 -0.4535
vn 0.0819 -0.8267 -0.5566
vn 0.1977 -0.6896 -0.6967
vn 0.3284 -0.5095 -0.7953
vn 0.4746 -0.2512 -0.8436
vn 0.1681 0.0025 -0.9858
vn 0.1896 0.0837 -0.9783
vn 0.2267 0.3061 -0.9246
vn 0.1966 0.7160 -0.6699
vn 0.0450 0.8910 -0.4519
vn -0.0000 0.8636 -0.5042
vn -0.0450 0.8910 -0.4519
vn -0.1966 0.7160 -0.6699
vn -0.2267 0.3061 -0.9246
vn -0.1896 0.0837 -0.9783
vn -0.1681 0.0025 -0.9858
vn -0.1646 -0.0599 -0.9845
vn -0.1521 -0.1797 -0.9719
vn -0.1108 -0.3691 -0.9228
vn -0.0303 -0.5274 -0.8491
vn -0.0000 -0.5136 -0.8580
vn 0.0303 -0.5274 -0.8491
vn 0.1108 -0.3691 -0.9228
vn 0.1521 -0.1797 -0.9719
vn 0.1646 -0.0599 -0.9845
vn 0.4990 0.0739 0.8635
vn 0.5443 0.6028 0.5835
vn 0.2611 0.9289 0.2627
vn 0.0625 0.9554 0.2885
vn -0.0000 0.9341 0.3571
vn -0.0625 0.9554 0.2885
vn -0.2611 0.9289 0.2627
vn -0.5443 0.6028 0.5835
vn -0.4990 0.0739 0.8635
vn -0.3280 -0.1778 0.9278
vn -0.1433 -0.3547 0.9239
vn -0.0374 -0.4121 0.9103
vn -0.0000 -0.3786 0.9256
vn 0.0374 -0.4121 0.9103
vn 0.1433 -0.3547 0.9239
vn 0.3280 -0.1778 0.9278
vn 0.8398 0.1268 0.5278
vn 0.7150 0.6868 -0.1304
vn 0.2351 0.7669 -0.5972
vn 0.0548 0.7257 -0.6858
vn -0.0000 0.7124 -0.7018
vn -0.0548 0.7257 -0.6858
vn -0.2351 0.7669 -0.5972
vn -0.7150 0.6868 -0.1304
vn -0.8398 0.1268 0.5278
vn -0.4226 -0.4738 0.7726
vn -0.1650 -0.6454 0.7458
vn -0.0485 -0.6971 0.7153
vn -0.0000 -0.7107 0.7035
vn 0.0485 -0.6971 0.7153
vn 0.1650 -0.6454 0.7458
vn 0.4226 -0.4738 0.7726
vn 0.8821 0.1552 0.4447
vn 0.5406 0.7910 -0.2864
vn 0.1111 0.7944 -0.5972
vn 0.0269 0.7731 -0.6337
vn -0.0000 0.7670 -0.6416
vn -0.0269 0.7731 -0.6337
vn -0.1111 0.7944 -0.5972
vn -0.5406 0.7910 -0.2864
vn -0.8821 0.1552 0.4447
vn -0.3449 -0.6055 0.7172
vn -0.0968 -0.7341 0.6721
vn -0.0257 -0.7600 0.6494
vn -0.0000 -0.7663 0.6425
vn 0.0257 -0.7600 0.6494
vn 0.0968 -0.7341 0.6721
vn 0.3449 -0.6055 0.7172
vn 0.9204 0.1266 0.3698
vn 0.4168 0.8324 -0.3652
vn 0.0811 0.8376 -0.5403
vn 0.0199 0.8272 -0.5615
vn -0.0000 0.8242 -0.5663
vn -0.0199 0.8272 -0.5615
vn -0.0811 0.8376 -0.5403
vn -0.4168 0.8324 -0.3652
vn -0.9204 0.1266 0.3698
vn -0.3144 -0.7097 0.6305
vn -0.0761 -0.8060 0.5870
vn -0.0195 -0.8205 0.5712
vn -0.0000 -0.8238 0.5669
vn 0.0195 -0.8205 0.5712
vn 0.0761 -0.8060 0.5870
vn 0.3144 -0.7097 0.6305
vn 0.9405 0.0882 0.3281
vn 0.3588 0.8731 -0.3302
vn 0.0703 0.8885 -0.4535
vn 0.0174 0.8826 -0.4697
vn -0.0000 0.8808 -0.4734
vn -0.0174 0.8826 -0.4697
vn -0.0703 0.8885 -0.4535
vn -0.3588 0.8731 -0.3302
vn -0.9405 0.0882 0.3281
vn -0.2995 -0.7910 0.5336
vn -0.0678 -0.8688 0.4904
vn -0.0172 -0.8785 0.4774
vn -0.0000 -0.8806 0.4739
vn 0.0172 -0.8785 0.4774
vn 0.0678 -0.8688 0.4904
vn 0.2995 -0.7910 0.5336
vn 0.9544 0.0475 0.2948
vn 0.3270 0.9113 -0.2502
vn 0.0648 0.9363 -0.3451
vn 0.0161 0.9334 -0.3586
vn -0.0161 0.9334 -0.3586
vn -0.0648 0.9363 -0.3451
vn -0.3270 0.9113 -0.2502
vn -0.9544 0.0475 0.2948
vn -0.2913 -0.8593 0.4203
vn -0.0634 -0.9242 0.3766
vn -0.0160 -0.9308 0.3651
vn -0.0000 -0.9321 0.3621
vn 0.0160 -0.9308 0.3651
vn 0.0634 -0.9242 0.3766
vn 0.2913 -0.8593 0.4203
vn 0.9655 0.0082 0.2603
vn 0.3059 0.9412 -0.1437
vn 0.0612 0.9740 -0.2180
vn 0.0152 0.9732 -0.2294
vn -0.0000 0.9727 -0.2321
vn -0.0152 0.9732 -0.2294
vn -0.0612 0.9740 -0.2180
vn -0.3059 0.9412 -0.1437
vn -0.9655 0.0082 0.2603
vn -0.2854 -0.9136 0.2897
vn -0.0604 -0.9676 0.2453
vn -0.0152 -0.9719 0.2351
vn -0.0000 -0.9726 0.2325
vn 0.0152 -0.9719 0.2351
vn 0.0604 -0.9676 0.2453
vn 0.2854 -0.9136 0.2897
vn 0.9751 -0.0215 0.2207
vn 0.2885 0.9571 -0.0267
vn 0.0580 0.9948 -0.0833
vn 0.0145 0.9956 -0.0927
vn -0.0000 0.9955 -0.0950
vn -0.0145 0.9956 -0.0927
vn -0.0580 0.9948 -0.0833
vn -0.2885 0.9571 -0.0267
vn -0.9751 -0.0215 0.2207
vn -0.2788 -0.9485 0.1505
vn -0.0577 -0.9926 0.1065
vn -0.0144 -0.9951 0.0976
vn -0.0000 -0.9954 0.0953
vn 0.0144 -0.9951 0.0976
vn 0.0577 -0.9926 0.1065
vn 0.2788 -0.9485 0.1505
vn 0.9830 -0.0056 0.1835
vn 0.2719 0.9616 0.0382
vn 0.0549 0.9985 -0.0040
vn 0.0137 0.9998 -0.0115
vn -0.0000 0.9999 -0.0134
vn -0.0137 0.9998 -0.0115
vn -0.0549 0.9985 -0.0040
vn -0.2719 0.9616 0.0382
vn -0.9830 -0.0056 0.1835
vn -0.2704 -0.9606 0.0635
vn -0.0548 -0.9982 0.0229
vn -0.0137 -0.9998 0.0155
vn -0.0000 -0.9999 0.0136
vn 0.0137 -0.9998 0.0155
vn 0.0548 -0.9982 0.0229
vn 0.2704 -0.9606 0.0635
vn 0.9879 -0.0000 0.1549
vn 0.2605 0.9646 0.0410
vn 0.0524 0.9986 0.0076
vn 0.0131 0.9999 0.0016
vn -0.0131 0.9999 0.0016
vn -0.0524 0.9986 0.0076
vn -0.2605 0.9646 0.0410
vn -0.9879 -0.0000 0.1549
vn -0.2605 -0.9646 0.0410
vn -0.0524 -0.9986 0.0076
vn -0.0131 -0.9999 0.0016
vn 0.0131 -0.9999 0.0016
vn 0.0524 -0.9986 0.0076
vn 0.2605 -0.9646 0.0410
vn 0.9915 -0.0000 0.1298
vn 0.2522 0.9671 0.0331
vn 0.0504 0.9987 0.0061
vn 0.0126 0.9999 0.0013
vn -0.0126 0.9999 0.0013
vn -0.0504 0.9987 0.0061
vn -0.2522 0.9671 0.0331
vn -0.9915 -0.0000 0.1298
vn -0.2522 -0.9671 0.0331
vn -0.0504 -0.9987 0.0061
vn -0.0126 -0.9999 0.0013
vn 0.0126 -0.9999 0.0013
vn 0.0504 -0.9987 0.0061
vn 0.2522 -0.9671 0.0331
vn 0.9942 -0.0000 0.1075
vn 0.2456 0.9690 0.0266
vn 0.0489 0.9988 0.0049
vn 0.0122 0.9999 0.0010
vn -0.0122 0.9999 0.0010
vn -0.0489 0.9988 0.0049
vn -0.2456 0.9690 0.0266
vn -0.9942 -0.0000 0.1075
vn -0.2456 -0.9690 0.0266
vn -0.0489 -0.9988 0.0049
vn -0.0122 -0.9999 0.0010
vn 0.0122 -0.9999 0.0010
vn 0.0489 -0.9988 0.0049
vn 0.2456 -0.9690 0.0266
vn 0.9962 -0.0000 0.0876
vn 0.2404 0.9704 0.0212
vn 0.0478 0.9989 0.0039
vn 0.0119 0.9999 0.0008
vn -0.0119 0.9999 0.0008
vn -0.0478 0.9989 0.0039
vn -0.2404 0.9704 0.0212
vn -0.9962 -0.0000 0.0876
vn -0.2404 -0.9704 0.0212
vn -0.0478 -0.9989 0.0039
vn -0.0119 -0.9999 0.0008
vn 0.0119 -0.9999 0.0008
vn 0.0478 -0.9989 0.0039
vn 0.2404 -0.9704 0.0212
vn 0.9976 -0.0000 0.0699
vn 0.2364 0.9715 0.0166
vn 0.0469 0.9989 0.0030
vn 0.0117 0.9999 0.0006
vn -0.0117 0.9999 0.0006
vn -0.0469 0.9989 0.0030
vn -0.2364 0.9715 0.0166
vn -0.9976 -0.0000 0.0699
vn -0.2364 -0.9715 0.0166
vn -0.0469 -0.9989 0.0030
vn -0.0117 -0.9999 0.0006
vn 0.0117 -0.9999 0.0006
vn 0.0469 -0.9989 0.0030
vn 0.2364 -0.9715 0.0166
vn 0.9985 -0.0000 0.0542
vn 0.2332 0.9723 0.0126
vn 0.0462 0.9989 0.0023
vn 0.0115 0.9999 0.0005
vn -0.0115 0.9999 0.0005
vn -0.0462 0.9989 0.0023
vn -0.2332 0.9723 0.0126
vn -0.9985 -0.0000 0.0542
vn -0.2332 -0.9723 0.0126
vn -0.0462 -0.9989 0.0023
vn -0.0115 -0.9999 0.0005
vn 0.0115 -0.9999 0.0005
vn 0.0462 -0.9989 0.0023
vn 0.2332 -0.9723 0.0126
vn 0.9992 -0.0000 0.0402
vn 0.2309 0.9729 0.0093
vn 0.0457 0.9990 0.0017
vn 0.0114 0.9999 0.0004
vn -0.0114 0.9999 0.0004
vn -0.0457 0.9990 0.0017
vn -0.2309 0.9729 0.0093
vn -0.9992 -0.0000 0.0402
vn -0.2309 -0.9729 0.0093
vn -0.0457 -0.9990 0.0017
vn -0.0114 -0.9999 0.0004
vn 0.0114 -0.9999 0.0004
vn 0.0457 -0.9990 0.0017
vn 0.2309 -0.9729 0.0093
vn 0.9996 -0.0000 0.0281
vn 0.2292 0.9733 0.0064
vn 0.0453 0.9990 0.0012
vn 0.0113 0.9999 0.0002
vn -0.0113 0.9999 0.0002
vn -0.0453 0.9990 0.0012
vn -0.2292 0.9733 0.0064
vn -0.9996 -0.0000 0.0281
vn -0.2292 -0.9733 0.0064
vn -0.0453 -0.9990 0.0012
vn -0.0113 -0.9999 0.0002
vn 0.0113 -0.9999 0.0002
vn 0.0453 -0.9990 0.0012
vn 0.2292 -0.9733 0.0064
vn 0.9998 -0.0000 0.0178
vn 0.2281 0.9736 0.0040
vn 0.0451 0.9990 0.0007
vn 0.0112 0.9999 0.0002
vn -0.0112 0.9999 0.0002
vn -0.0451 0.9990 0.0007
vn -0.2281 0.9736 0.0040
vn -0.9998 -0.0000 0.0178
vn -0.2281 -0.9736 0.0040
vn -0.0451 -0.9990 0.0007
vn -0.0112 -0.9999 0.0002
vn 0.0112 -0.9999 0.0002
vn 0.0451 -0.9990 0.0007
vn 0.2281 -0.9736 0.0040
vn 1.0000 -0.0000 0.0095
vn 0.2274 0.9738 0.0021
vn 0.0449 0.9990 0.0004
vn 0.0112 0.9999 0.0001
vn -0.0112 0.9999 0.0001
vn -0.0449 0.9990 0.0004
vn -0.2274 0.9738 0.0021
vn -1.0000 -0.0000 0.0095
vn -0.2274 -0.9738 0.0021
vn -0.0449 -0.9990 0.0004
vn -0.0112 -0.9999 0.0001
vn 0.0112 -0.9999 0.0001
vn 0.0449 -0.9990 0.0004
vn 0.2274 -0.9738 0.0021
vn 0.9936 -0.0000 0.1130
vn 0.2148 0.9764 0.0219
vn 0.0429 0.9991 0.0040
vn 0.0106 0.9999 0.0008
vn -0.0106 0.9999 0.0008
vn -0.0429 0.9991 0.0040
vn -0.2148 0.9764 0.0219
vn -0.9936 -0.0000 0.1130
vn -0.2148 -0.9764 0.0219
vn -0.0429 -0.9991 0.0040
vn -0.0106 -0.9999 0.0008
vn 0.0106 -0.9999 0.0008
vn 0.0429 -0.9991 0.0040
vn 0.2148 -0.9764 0.0219
vn 0.9951 -0.0000 0.0991
vn 0.2292 0.9730 0.0252
vn 0.0447 0.9990 0.0045
vn 0.0112 0.9999 0.0010
vn -0.0112 0.9999 0.0010
vn -0.0447 0.9990 0.0045
vn -0.2292 0.9730 0.0252
vn -0.9951 -0.0000 0.0991
vn -0.2292 -0.9730 0.0252
vn -0.0447 -0.9990 0.0045
vn -0.0112 -0.9999 0.0010
vn 0.0112 -0.9999 0.0010
vn 0.0447 -0.9990 0.0045
vn 0.2292 -0.9730 0.0252
vn 0.2175 0.9761 -0.0000
vn 0.0428 0.9991 -0.0000
vn 0.0107 0.9999 -0.0000
vn -0.0107 0.9999 -0.0000
vn -0.0428 0.9991 -0.0000
vn -0.2175 0.9761 -0.0000
vn -0.2175 -0.9761 -0.0000
vn -0.0428 -0.9991 -0.0000
vn -0.0107 -0.9999 -0.0000
vn 0.0107 -0.9999 -0.0000
vn 0.0428 -0.9991 -0.0000
vn 0.2175 -0.9761 -0.0000
vn 0.2175 0.9761 -0.0001
vn -0.2175 0.9761 -0.0001
vn -0.2175 -0.9761 -0.0001
vn 0.2175 -0.9761 -0.0001
vn 1.0000 -0.0000 -0.0009
vn 0.2175 0.9761 -0.0002
vn -0.2175 0.9761 -0.0002
vn -1.0000 -0.0000 -0.0009
vn -0.2175 -0.9761 -0.0002
vn 0.2175 -0.9761 -0.0002
vn 1.0000 -0.0000 -0.0020
vn 0.2176 0.9760 -0.0004
vn 0.0428 0.9991 -0.0001
vn -0.0428 0.9991 -0.0001
vn -0.2176 0.9760 -0.0004
vn -1.0000 -0.0000 -0.0020
vn -0.2176 -0.9760 -0.0004
vn -0.0428 -0.9991 -0.0001
vn 0.0428 -0.9991 -0.0001
vn 0.2176 -0.9760 -0.0004
vn 1.0000 -0.0000 -0.0043
vn 0.2178 0.9760 -0.0009
vn 0.0429 0.9991 -0.0002
vn -0.0429 0.9991 -0.0002
vn -0.2178 0.9760 -0.0009
vn -1.0000 -0.0000 -0.0043
vn -0.2178 -0.9760 -0.0009
vn -0.0429 -0.9991 -0.0002
vn 0.0429 -0.9991 -0.0002
vn 0.2178 -0.9760 -0.0009
vn 1.0000 -0.0000 -0.0083
vn 0.2182 0.9759 -0.0018
vn 0.0429 0.9991 -0.0003
vn 0.0107 0.9999 -0.0001
vn -0.0107 0.9999 -0.0001
vn -0.0429 0.9991 -0.0003
vn -0.2182 0.9759 -0.0018
vn -1.0000 -0.0000 -0.0083
vn -0.2182 -0.9759 -0.0018
vn -0.0429 -0.9991 -0.0003
vn -0.0107 -0.9999 -0.0001
vn 0.0107 -0.9999 -0.0001
vn 0.0429 -0.9991 -0.0003
vn 0.2182 -0.9759 -0.0018
vn 0.9999 -0.0000 -0.0149
vn 0.2188 0.9758 -0.0032
vn 0.0431 0.9991 -0.0006
vn -0.0431 0.9991 -0.0006
vn -0.2188 0.9758 -0.0032
vn -0.9999 -0.0000 -0.0149
vn -0.2188 -0.9758 -0.0032
vn -0.0431 -0.9991 -0.0006
vn 0.0431 -0.9991 -0.0006
vn 0.2188 -0.9758 -0.0032
vn 0.2199 0.9755 -0.0055
vn 0.0433 0.9991 -0.0010
vn 0.0108 0.9999 -0.0002
vn -0.0108 0.9999 -0.0002
vn -0.0433 0.9991 -0.0010
vn -0.2199 0.9755 -0.0055
vn -0.2199 -0.9755 -0.0055
vn -0.0433 -0.9991 -0.0010
vn -0.0108 -0.9999 -0.0002
vn 0.0108 -0.9999 -0.0002
vn 0.0433 -0.9991 -0.0010
vn 0.2199 -0.9755 -0.0055
vn 0.9992 -0.0000 -0.0403
vn 0.2215 0.9751 -0.0089
vn 0.0436 0.9990 -0.0016
vn 0.0109 0.9999 -0.0003
vn -0.0109 0.9999 -0.0003
vn -0.0436 0.9990 -0.0016
vn -0.2215 0.9751 -0.0089
vn -0.9992 -0.0000 -0.0403
vn -0.2215 -0.9751 -0.0089
vn -0.0436 -0.9990 -0.0016
vn -0.0109 -0.9999 -0.0003
vn 0.0109 -0.9999 -0.0003
vn 0.0436 -0.9990 -0.0016
vn 0.2215 -0.9751 -0.0089
vn 0.9980 -0.0000 -0.0625
vn 0.2242 0.9744 -0.0141
vn 0.0442 0.9990 -0.0026
vn 0.0110 0.9999 -0.0005
vn -0.0110 0.9999 -0.0005
vn -0.0442 0.9990 -0.0026
vn -0.2242 0.9744 -0.0141
vn -0.9980 -0.0000 -0.0625
vn -0.2242 -0.9744 -0.0141
vn -0.0442 -0.9990 -0.0026
vn -0.0110 -0.9999 -0.0005
vn 0.0110 -0.9999 -0.0005
vn 0.0442 -0.9990 -0.0026
vn 0.2242 -0.9744 -0.0141
vn 0.9956 -0.0000 -0.0939
vn 0.2282 0.9734 -0.0218
vn 0.0450 0.9990 -0.0039
vn 0.0112 0.9999 -0.0008
vn -0.0112 0.9999 -0.0008
vn -0.0450 0.9990 -0.0039
vn -0.2282 0.9734 -0.0218
vn -0.9956 -0.0000 -0.0939
vn -0.2282 -0.9734 -0.0218
vn -0.0450 -0.9990 -0.0039
vn -0.0112 -0.9999 -0.0008
vn 0.0112 -0.9999 -0.0008
vn 0.0450 -0.9990 -0.0039
vn 0.2282 -0.9734 -0.0218
vn 0.9904 -0.0000 -0.1379
vn 0.2345 0.9716 -0.0332
vn 0.0464 0.9989 -0.0060
vn 0.0116 0.9999 -0.0013
vn -0.0116 0.9999 -0.0013
vn -0.0464 0.9989 -0.0060
vn -0.2345 0.9716 -0.0332
vn -0.9904 -0.0000 -0.1379
vn -0.2345 -0.9716 -0.0332
vn -0.0464 -0.9989 -0.0060
vn -0.0116 -0.9999 -0.0013
vn 0.0116 -0.9999 -0.0013
vn 0.0464 -0.9989 -0.0060
vn 0.2345 -0.9716 -0.0332
vn 0.9799 -0.0120 -0.1992
vn 0.2452 0.9692 -0.0224
vn 0.0485 0.9986 0.0206
vn 0.0121 0.9995 0.0280
vn -0.0000 0.9996 0.0298
vn -0.0121 0.9995 0.0280
vn -0.0485 0.9986 0.0206
vn -0.2452 0.9692 -0.0224
vn -0.9799 -0.0120 -0.1992
vn -0.2426 -0.9669 -0.0790
vn -0.0484 -0.9981 -0.0392
vn -0.0121 -0.9994 -0.0319
vn -0.0000 -0.9995 -0.0301
vn 0.0121 -0.9994 -0.0319
vn 0.0484 -0.9981 -0.0392
vn 0.2426 -0.9669 -0.0790
vn 0.9586 -0.0050 -0.2849
vn 0.2625 0.9643 0.0341
vn 0.0517 0.9932 0.1043
vn 0.0129 0.9932 0.1157
vn -0.0000 0.9929 0.1185
vn -0.0129 0.9932 0.1157
vn -0.0517 0.9932 0.1043
vn -0.2625 0.9643 0.0341
vn -0.9586 -0.0050 -0.2849
vn -0.2520 -0.9493 -0.1881
vn -0.0513 -0.9898 -0.1326
vn -0.0129 -0.9925 -0.1217
vn -0.0000 -0.9929 -0.1189
vn 0.0129 -0.9925 -0.1217
vn 0.0513 -0.9898 -0.1326
vn 0.2520 -0.9493 -0.1881
vn 0.9194 0.0428 -0.3909
vn 0.2904 0.9524 0.0922
vn 0.0569 0.9761 0.2096
vn 0.0142 0.9736 0.2278
vn -0.0000 0.9726 0.2323
vn -0.0142 0.9736 0.2278
vn -0.0569 0.9761 0.2096
vn -0.2904 0.9524 0.0922
vn -0.9194 0.0428 -0.3909
vn -0.2634 -0.9057 -0.3323
vn -0.0558 -0.9656 -0.2541
vn -0.0141 -0.9713 -0.2373
vn -0.0000 -0.9725 -0.2329
vn 0.0141 -0.9713 -0.2373
vn 0.0558 -0.9656 -0.2541
vn 0.2634 -0.9057 -0.3323
vn 0.8449 0.1062 -0.5243
vn 0.3479 0.9349 0.0705
vn 0.0685 0.9530 0.2953
vn 0.0171 0.9442 0.3289
vn -0.0000 0.9414 0.3373
vn -0.0171 0.9442 0.3289
vn -0.0685 0.9530 0.2952
vn -0.3479 0.9349 0.0705
vn -0.8449 0.1062 -0.5243
vn -0.2796 -0.8254 -0.4904
vn -0.0653 -0.9246 -0.3754
vn -0.0169 -0.9380 -0.3463
vn -0.0000 -0.9410 -0.3383
vn 0.0169 -0.9380 -0.3463
vn 0.0653 -0.9246 -0.3754
vn 0.2796 -0.8254 -0.4904
vn 0.6757 0.1586 -0.7199
vn 0.4272 0.8470 -0.3163
vn 0.1440 0.9656 0.2165
vn 0.0361 0.9210 0.3880
vn -0.0000 0.9030 0.4297
vn -0.0361 0.9210 0.3880
vn -0.1440 0.9656 0.2165
vn -0.4272 0.8470 -0.3163
vn -0.6757 0.1586 -0.7199
vn -0.2906 -0.6298 -0.7203
vn -0.1073 -0.8198 -0.5625
vn -0.0328 -0.8824 -0.4693
vn -0.0000 -0.9011 -0.4337
vn 0.0328 -0.8824 -0.4693
vn 0.1073 -0.8198 -0.5625
vn 0.2906 -0.6298 -0.7203
vn 0.2349 0.0387 -0.9713
vn 0.2461 0.5256 -0.8144
vn 0.1179 0.8940 -0.4323
vn 0.0195 0.9230 -0.3843
vn -0.0000 0.8661 -0.4999
vn -0.0195 0.9230 -0.3843
vn -0.1179 0.8940 -0.4323
vn -0.2461 0.5256 -0.8144
vn -0.2349 0.0387 -0.9713
vn -0.1609 -0.2648 -0.9508
vn -0.0721 -0.4963 -0.8652
vn -0.0157 -0.5730 -0.8194
vn -0.0000 -0.5243 -0.8515
vn 0.0157 -0.5730 -0.8194
vn 0.0721 -0.4963 -0.8652
vn 0.1609 -0.2648 -0.9508
vn 0.7286 0.0201 0.6847
vn 0.7945 0.2339 0.5604
vn 0.5140 0.7923 0.3286
vn -0.0000 0.9419 0.3359
vn -0.5140 0.7923 0.3286
vn -0.7945 0.2339 0.5604
vn -0.7286 0.0201 0.6847
vn -0.6863 -0.0891 0.7218
vn -0.4510 -0.3594 0.8169
vn -0.0000 -0.4035 0.9150
vn 0.4510 -0.3594 0.8169
vn 0.6863 -0.0891 0.7218
vn 1.0000 -0.0013 0.0032
vn 0.9618 0.1971 -0.1902
vn 0.5691 0.5829 -0.5800
vn -0.0000 0.7094 -0.7048
vn -0.5691 0.5829 -0.5800
vn -0.9618 0.1971 -0.1902
vn -1.0000 -0.0013 0.0032
vn -0.9574 -0.2027 0.2055
vn -0.5644 -0.5892 0.5782
vn -0.0000 -0.7137 0.7005
vn 0.5644 -0.5892 0.5782
vn 0.9574 -0.2027 0.2055
vn 1.0000 -0.0015 0.0030
vn 0.9666 0.1986 -0.1623
vn 0.5872 0.6186 -0.5221
vn -0.0000 0.7646 -0.6446
vn -0.5872 0.6186 -0.5221
vn -0.9666 0.1986 -0.1623
vn -1.0000 -0.0015 0.0030
vn -0.9624 -0.2057 0.1772
vn -0.5794 -0.6264 0.5214
vn -0.0000 -0.7687 0.6396
vn 0.5794 -0.6264 0.5214
vn 0.9624 -0.2057 0.1772
vn 1.0000 -0.0017 0.0027
vn 0.9707 0.1997 -0.1339
vn 0.6044 0.6548 -0.4537
vn -0.0000 0.8221 -0.5693
vn -0.6044 0.6548 -0.4537
vn -0.9707 0.1997 -0.1339
vn -1.0000 -0.0017 0.0027
vn -0.9668 -0.2084 0.1477
vn -0.5933 -0.6645 0.4543
vn -0.0000 -0.8259 0.5639
vn 0.5933 -0.6645 0.4543
vn 0.9668 -0.2084 0.1477
vn 0.9975 0.0020 0.0712
vn 0.9630 0.2599 -0.0713
vn 0.5783 0.7283 -0.3676
vn -0.0000 0.8806 -0.4739
vn -0.5783 0.7283 -0.3676
vn -0.9630 0.2599 -0.0713
vn -0.9975 0.0020 0.0712
vn -0.9481 -0.2477 0.1995
vn -0.5263 -0.7356 0.4264
vn -0.0000 -0.8809 0.4733
vn 0.5263 -0.7356 0.4264
vn 0.9481 -0.2477 0.1995
vn 0.9779 0.0053 0.2091
vn 0.9094 0.4148 0.0294
vn 0.4620 0.8498 -0.2539
vn -0.0000 0.9339 -0.3576
vn -0.4620 0.8498 -0.2539
vn -0.9094 0.4148 0.0294
vn -0.9779 0.0053 0.2091
vn -0.8632 -0.3884 0.3226
vn -0.3945 -0.8350 0.3836
vn -0.0000 -0.9306 0.3659
vn 0.3945 -0.8350 0.3836
vn 0.8632 -0.3884 0.3226
vn 0.9668 0.0005 0.2554
vn 0.8208 0.5650 0.0842
vn 0.3180 0.9363 -0.1491
vn -0.0000 0.9736 -0.2281
vn -0.3180 0.9363 -0.1491
vn -0.8208 0.5650 0.0842
vn -0.9668 0.0005 0.2554
vn -0.7692 -0.5540 0.3185
vn -0.2882 -0.9163 0.2782
vn -0.0000 -0.9717 0.2363
vn 0.2882 -0.9163 0.2782
vn 0.7692 -0.5540 0.3185
vn 0.9762 -0.0088 0.2168
vn 0.7447 0.6594 0.1033
vn 0.2256 0.9730 -0.0490
vn -0.0000 0.9957 -0.0925
vn -0.2256 0.9730 -0.0490
vn -0.7447 0.6594 0.1033
vn -0.9762 -0.0088 0.2168
vn -0.7144 -0.6675 0.2101
vn -0.2177 -0.9671 0.1319
vn -0.0000 -0.9952 0.0977
vn 0.2177 -0.9671 0.1319
vn 0.7144 -0.6675 0.2101
vn 0.9832 -0.0026 0.1823
vn 0.6844 0.7199 0.1153
vn 0.1794 0.9837 0.0158
vn -0.0000 0.9999 -0.0117
vn -0.1794 0.9837 0.0158
vn -0.6844 0.7199 0.1153
vn -0.9832 -0.0026 0.1823
vn -0.6793 -0.7219 0.1318
vn -0.1786 -0.9830 0.0419
vn -0.0000 -0.9999 0.0153
vn 0.1786 -0.9830 0.0419
vn 0.6793 -0.7219 0.1318
vn 0.9881 -0.0000 0.1538
vn 0.6457 0.7572 0.0985
vn 0.1534 0.9880 0.0208
vn -0.0000 1.0000 0.0013
vn -0.1534 0.9880 0.0208
vn -0.6457 0.7572 0.0985
vn -0.9881 -0.0000 0.1538
vn -0.6457 -0.7572 0.0985
vn -0.1534 -0.9880 0.0208
vn -0.0000 -1.0000 0.0013
vn 0.1534 -0.9880 0.0208
vn 0.6457 -0.7572 0.0985
vn 0.9917 -0.0000 0.1288
vn 0.6177 0.7825 0.0787
vn 0.1369 0.9905 0.0154
vn -0.0000 1.0000 0.0010
vn -0.1369 0.9905 0.0154
vn -0.6177 0.7825 0.0787
vn -0.9917 -0.0000 0.1288
vn -0.6177 -0.7825 0.0787
vn -0.1369 -0.9905 0.0154
vn -0.0000 -1.0000 0.0010
vn 0.1369 -0.9905 0.0154
vn 0.6177 -0.7825 0.0787
vn 0.9943 -0.0000 0.1066
vn 0.5958 0.8007 0.0627
vn 0.1256 0.9920 0.0117
vn -0.0000 1.0000 0.0007
vn -0.1256 0.9920 0.0117
vn -0.5958 0.8007 0.0627
vn -0.9943 -0.0000 0.1066
vn -0.5958 -0.8007 0.0627
vn -0.1256 -0.9920 0.0117
vn -0.0000 -1.0000 0.0007
vn 0.1256 -0.9920 0.0117
vn 0.5958 -0.8007 0.0627
vn 0.9962 -0.0000 0.0869
vn 0.5786 0.8141 0.0496
vn 0.1177 0.9930 0.0089
vn -0.0000 1.0000 0.0006
vn -0.1177 0.9930 0.0089
vn -0.5786 0.8141 0.0496
vn -0.9962 -0.0000 0.0869
vn -0.5786 -0.8141 0.0496
vn -0.1177 -0.9930 0.0089
vn -0.0000 -1.0000 0.0006
vn 0.1177 -0.9930 0.0089
vn 0.5786 -0.8141 0.0496
vn 0.9976 -0.0000 0.0693
vn 0.5653 0.8240 0.0386
vn 0.1119 0.9937 0.0067
vn -0.1119 0.9937 0.0067
vn -0.5653 0.8240 0.0386
vn -0.9976 -0.0000 0.0693
vn -0.5653 -0.8240 0.0386
vn -0.1119 -0.9937 0.0067
vn 0.1119 -0.9937 0.0067
vn 0.5653 -0.8240 0.0386
vn 0.9986 -0.0000 0.0536
vn 0.5550 0.8313 0.0293
vn 0.1078 0.9942 0.0050
vn -0.1078 0.9942 0.0050
vn -0.5550 0.8313 0.0293
vn -0.9986 -0.0000 0.0536
vn -0.5550 -0.8313 0.0293
vn -0.1078 -0.9942 0.0050
vn 0.1078 -0.9942 0.0050
vn 0.5550 -0.8313 0.0293
vn 0.9992 -0.0000 0.0398
vn 0.5474 0.8366 0.0214
vn 0.1049 0.9945 0.0036
vn -0.1049 0.9945 0.0036
vn -0.5474 0.8366 0.0214
vn -0.9992 -0.0000 0.0398
vn -0.5474 -0.8366 0.0214
vn -0.1049 -0.9945 0.0036
vn 0.1049 -0.9945 0.0036
vn 0.5474 -0.8366 0.0214
vn 0.9996 -0.0000 0.0278
vn 0.5419 0.8403 0.0148
vn 0.1028 0.9947 0.0025
vn -0.1028 0.9947 0.0025
vn -0.5419 0.8403 0.0148
vn -0.9996 -0.0000 0.0278
vn -0.5419 -0.8403 0.0148
vn -0.1028 -0.9947 0.0025
vn 0.1028 -0.9947 0.0025
vn 0.5419 -0.8403 0.0148
vn 0.9998 -0.0000 0.0176
vn 0.5382 0.8428 0.0093
vn 0.1015 0.9948 0.0015
vn -0.1015 0.9948 0.0015
vn -0.5382 0.8428 0.0093
vn -0.9998 -0.0000 0.0176
vn -0.5382 -0.8428 0.0093
vn -0.1015 -0.9948 0.0015
vn 0.1015 -0.9948 0.0015
vn 0.5382 -0.8428 0.0093
vn 1.0000 -0.0000 0.0094
vn 0.5359 0.8443 0.0049
vn 0.1007 0.9949 0.0008
vn -0.1007 0.9949 0.0008
vn -0.5359 0.8443 0.0049
vn -1.0000 -0.0000 0.0094
vn -0.5359 -0.8443 0.0049
vn -0.1007 -0.9949 0.0008
vn 0.1007 -0.9949 0.0008
vn 0.5359 -0.8443 0.0049
vn 0.9940 -0.0000 0.1091
vn 0.5087 0.8594 0.0514
vn 0.0933 0.9956 0.0079
vn -0.0000 1.0000 0.0005
vn -0.0933 0.9956 0.0079
vn -0.5087 0.8594 0.0514
vn -0.9940 -0.0000 0.1091
vn -0.5087 -0.8594 0.0514
vn -0.0933 -0.9956 0.0079
vn -0.0000 -1.0000 0.0005
vn 0.0933 -0.9956 0.0079
vn 0.5087 -0.8594 0.0514
vn 0.9950 -0.0000 0.0999
vn 0.5258 0.8488 0.0556
vn 0.0966 0.9953 0.0093
vn -0.0966 0.9953 0.0093
vn -0.5258 0.8488 0.0556
vn -0.9950 -0.0000 0.0999
vn -0.5258 -0.8488 0.0556
vn -0.0966 -0.9953 0.0093
vn 0.0966 -0.9953 0.0093
vn 0.5258 -0.8488 0.0556
vn 0.5030 0.8643 -0.0000
vn 0.0898 0.9960 -0.0000
vn -0.0898 0.9960 -0.0000
vn -0.5030 0.8643 -0.0000
vn -0.5030 -0.8643 -0.0000
vn -0.0898 -0.9960 -0.0000
vn 0.0898 -0.9960 -0.0000
vn 0.5030 -0.8643 -0.0000
vn 0.5031 0.8643 -0.0000
vn -0.5031 0.8643 -0.0000
vn -0.5031 -0.8643 -0.0000
vn 0.5031 -0.8643 -0.0000
vn 0.5031 0.8642 -0.0000
vn -0.5031 0.8642 -0.0000
vn -0.5031 -0.8642 -0.0000
vn 0.5031 -0.8642 -0.0000
vn 0.5031 0.8642 -0.0001
vn 0.0899 0.9960 -0.0000
vn -0.0899 0.9960 -0.0000
vn -0.5031 0.8642 -0.0001
vn -0.5031 -0.8642 -0.0001
vn -0.0899 -0.9960 -0.0000
vn 0.0899 -0.9960 -0.0000
vn 0.5031 -0.8642 -0.0001
vn 0.5032 0.8642 -0.0004
vn 0.0899 0.9960 -0.0001
vn -0.0899 0.9960 -0.0001
vn -0.5032 0.8642 -0.0004
vn -0.5032 -0.8642 -0.0004
vn -0.0899 -0.9960 -0.0001
vn 0.0899 -0.9960 -0.0001
vn 0.5032 -0.8642 -0.0004
vn 0.5035 0.8640 -0.0010
vn 0.0900 0.9959 -0.0002
vn -0.0900 0.9959 -0.0002
vn -0.5035 0.8640 -0.0010
vn -0.5035 -0.8640 -0.0010
vn -0.0900 -0.9959 -0.0002
vn 0.0900 -0.9959 -0.0002
vn 0.5035 -0.8640 -0.0010
vn 0.5041 0.8637 -0.0021
vn 0.0901 0.9959 -0.0003
vn -0.0901 0.9959 -0.0003
vn -0.5041 0.8637 -0.0021
vn -0.5041 -0.8637 -0.0021
vn -0.0901 -0.9959 -0.0003
vn 0.0901 -0.9959 -0.0003
vn 0.5041 -0.8637 -0.0021
vn 1.0000 -0.0000 -0.0082
vn 0.5051 0.8630 -0.0041
vn 0.0905 0.9959 -0.0006
vn -0.0905 0.9959 -0.0006
vn -0.5051 0.8630 -0.0041
vn -1.0000 -0.0000 -0.0082
vn -0.5051 -0.8630 -0.0041
vn -0.0905 -0.9959 -0.0006
vn 0.0905 -0.9959 -0.0006
vn 0.5051 -0.8630 -0.0041
vn 0.9999 -0.0000 -0.0147
vn 0.5070 0.8619 -0.0073
vn 0.0910 0.9958 -0.0012
vn -0.0910 0.9958 -0.0012
vn -0.5070 0.8619 -0.0073
vn -0.9999 -0.0000 -0.0147
vn -0.5070 -0.8619 -0.0073
vn -0.0910 -0.9958 -0.0012
vn 0.0910 -0.9958 -0.0012
vn 0.5070 -0.8619 -0.0073
vn 0.9997 -0.0000 -0.0248
vn 0.5101 0.8600 -0.0125
vn 0.0920 0.9958 -0.0020
vn -0.0920 0.9958 -0.0020
vn -0.5101 0.8600 -0.0125
vn -0.9997 -0.0000 -0.0248
vn -0.5101 -0.8600 -0.0125
vn -0.0920 -0.9958 -0.0020
vn 0.0920 -0.9958 -0.0020
vn 0.5101 -0.8600 -0.0125
vn 0.9992 -0.0000 -0.0399
vn 0.5152 0.8568 -0.0203
vn 0.0937 0.9956 -0.0032
vn -0.0937 0.9956 -0.0032
vn -0.5152 0.8568 -0.0203
vn -0.9992 -0.0000 -0.0399
vn -0.5152 -0.8568 -0.0203
vn -0.0937 -0.9956 -0.0032
vn 0.0937 -0.9956 -0.0032
vn 0.5152 -0.8568 -0.0203
vn 0.9981 -0.0000 -0.0620
vn 0.5232 0.8516 -0.0321
vn 0.0964 0.9953 -0.0052
vn -0.0964 0.9953 -0.0052
vn -0.5232 0.8516 -0.0321
vn -0.9981 -0.0000 -0.0620
vn -0.5232 -0.8516 -0.0321
vn -0.0964 -0.9953 -0.0052
vn 0.0964 -0.9953 -0.0052
vn 0.5232 -0.8516 -0.0321
vn 0.9956 -0.0000 -0.0933
vn 0.5355 0.8431 -0.0497
vn 0.1009 0.9949 -0.0083
vn -0.0000 1.0000 -0.0005
vn -0.1009 0.9949 -0.0083
vn -0.5355 0.8431 -0.0497
vn -0.9956 -0.0000 -0.0933
vn -0.5355 -0.8431 -0.0497
vn -0.1009 -0.9949 -0.0083
vn -0.0000 -1.0000 -0.0005
vn 0.1009 -0.9949 -0.0083
vn 0.5355 -0.8431 -0.0497
vn 0.9905 -0.0000 -0.1372
vn 0.5540 0.8290 -0.0763
vn 0.1083 0.9940 -0.0132
vn -0.0000 1.0000 -0.0008
vn -0.1083 0.9940 -0.0132
vn -0.5540 0.8290 -0.0763
vn -0.9905 -0.0000 -0.1372
vn -0.5540 -0.8290 -0.0763
vn -0.1083 -0.9940 -0.0132
vn -0.0000 -1.0000 -0.0008
vn 0.1083 -0.9940 -0.0132
vn 0.5540 -0.8290 -0.0763
vn 0.9801 -0.0075 -0.1985
vn 0.5867 0.8041 -0.0964
vn 0.1218 0.9925 0.0077
vn -0.0000 0.9996 0.0286
vn -0.1218 0.9925 0.0077
vn -0.5867 0.8041 -0.0964
vn -0.9801 -0.0075 -0.1985
vn -0.5760 -0.8057 -0.1379
vn -0.1210 -0.9913 -0.0513
vn -0.0000 -0.9995 -0.0313
vn 0.1210 -0.9913 -0.0513
vn 0.5760 -0.8057 -0.1379
vn 0.9587 -0.0060 -0.2844
vn 0.6387 0.7624 -0.1044
vn 0.1489 0.9858 0.0780
vn -0.0000 0.9932 0.1165
vn -0.1489 0.9858 0.0780
vn -0.6387 0.7624 -0.1044
vn -0.9587 -0.0060 -0.2844
vn -0.6027 -0.7547 -0.2591
vn -0.1444 -0.9775 -0.1540
vn -0.0000 -0.9927 -0.1209
vn 0.1444 -0.9775 -0.1540
vn 0.6027 -0.7547 -0.2591
vn 0.9171 0.0102 -0.3986
vn 0.7140 0.6809 -0.1630
vn 0.2233 0.9649 0.1383
vn -0.0000 0.9737 0.2279
vn -0.2233 0.9649 0.1383
vn -0.7140 0.6809 -0.1630
vn -0.9171 0.0102 -0.3986
vn -0.6433 -0.6415 -0.4179
vn -0.2012 -0.9323 -0.3005
vn -0.0000 -0.9714 -0.2373
vn 0.2012 -0.9323 -0.3005
vn 0.6433 -0.6415 -0.4179
vn 0.9306 0.0108 -0.3658
vn 0.8411 0.5262 -0.1254
vn 0.3793 0.9002 0.2138
vn -0.0000 0.9436 0.3311
vn -0.3793 0.9002 0.2138
vn -0.8411 0.5262 -0.1254
vn -0.9306 0.0108 -0.3658
vn -0.7588 -0.4734 -0.4474
vn -0.3113 -0.8639 -0.3959
vn -0.0000 -0.9389 -0.3442
vn 0.3113 -0.8639 -0.3959
vn 0.7588 -0.4734 -0.4474
vn 0.9919 0.0048 -0.1272
vn 0.9524 0.3035 0.0275
vn 0.5515 0.7681 0.3253
vn -0.0000 0.9028 0.4301
vn -0.5515 0.7681 0.3253
vn -0.9524 0.3035 0.0275
vn -0.9919 0.0048 -0.1272
vn -0.9297 -0.2752 -0.2449
vn -0.4827 -0.7693 -0.4187
vn -0.0000 -0.9013 -0.4332
vn 0.4827 -0.7693 -0.4187
vn 0.9297 -0.2752 -0.2449
vn 0.7217 0.0121 -0.6921
vn 0.7572 0.1991 -0.6220
vn 0.5119 0.7309 -0.4514
vn -0.0000 0.8809 -0.4732
vn -0.5119 0.7309 -0.4514
vn -0.7572 0.1991 -0.6220
vn -0.7217 0.0121 -0.6921
vn -0.7004 -0.1139 -0.7046
vn -0.4854 -0.4641 -0.7410
vn -0.0000 -0.5532 -0.8330
vn 0.4854 -0.4641 -0.7410
vn 0.7004 -0.1139 -0.7046
vn -0.6956 0.7046 -0.1402
vn 0.1355 0.7045 -0.6967
vn 0.8308 -0.0000 -0.5566
vn 0.6956 -0.7047 0.1401
vn -0.1356 -0.7047 0.6964
vn -0.8310 -0.0002 0.5563
vn -0.7076 0.6943 -0.1315
vn 0.1459 0.7346 -0.6626
vn 0.8552 0.0221 -0.5178
vn 0.6871 -0.7097 0.1555
vn -0.1640 -0.7269 0.6669
vn -0.8505 -0.0346 0.5248
vn -0.7048 0.6978 -0.1277
vn 0.1880 0.7838 -0.5918
vn 0.8906 0.0660 -0.4500
vn 0.6845 -0.7140 0.1475
vn -0.1969 -0.7803 0.5936
vn -0.8839 -0.0857 0.4598
vn -0.6938 0.7131 -0.1006
vn 0.2268 0.8327 -0.5051
vn 0.9154 0.0964 -0.3909
vn 0.6720 -0.7311 0.1177
vn -0.2305 -0.8313 0.5057
vn -0.9077 -0.1225 0.4012
vn -0.6786 0.7324 -0.0548
vn 0.2642 0.8768 -0.4019
vn 0.9348 0.1179 -0.3350
vn 0.6550 -0.7524 0.0693
vn -0.2642 -0.8768 0.4018
vn -0.9269 -0.1498 0.3441
vn -0.6614 0.7500 0.0069
vn 0.2998 0.9110 -0.2830
vn 0.9508 0.1317 -0.2806
vn 0.6360 -0.7716 0.0046
vn -0.2971 -0.9121 0.2825
vn -0.9430 -0.1686 0.2868
vn -0.6438 0.7613 0.0768
vn 0.3310 0.9305 -0.1571
vn 0.9633 0.1402 -0.2287
vn 0.6189 -0.7824 -0.0691
vn -0.3273 -0.9318 0.1568
vn -0.9568 -0.1769 0.2307
vn -0.6279 0.7704 0.1105
vn 0.3428 0.9362 -0.0770
vn 0.9695 0.1580 -0.1872
vn 0.6186 -0.7782 -0.1084
vn -0.3484 -0.9341 0.0784
vn -0.9685 -0.1640 0.1872
vn -0.6273 0.7721 0.1017
vn 0.3457 0.9367 -0.0561
vn 0.9741 0.1618 -0.1580
vn 0.6224 -0.7762 -0.1009
vn -0.3529 -0.9339 0.0573
vn -0.9743 -0.1605 0.1580
vn -0.6294 0.7723 0.0862
vn 0.3474 0.9365 -0.0476
vn 0.9777 0.1618 -0.1339
vn 0.6250 -0.7759 -0.0856
vn -0.3538 -0.9341 0.0484
vn -0.9779 -0.1606 0.1339
vn -0.6309 0.7725 0.0723
vn 0.3487 0.9364 -0.0400
vn 0.9804 0.1617 -0.1123
vn 0.6269 -0.7757 -0.0718
vn -0.3545 -0.9342 0.0406
vn -0.9806 -0.1606 0.1124
vn -0.6320 0.7727 0.0598
vn 0.3497 0.9363 -0.0331
vn 0.9825 0.1616 -0.0930
vn 0.6284 -0.7756 -0.0595
vn -0.3549 -0.9343 0.0336
vn -0.9826 -0.1607 0.0930
vn -0.6327 0.7728 0.0487
vn 0.3505 0.9362 -0.0270
vn 0.9840 0.1616 -0.0757
vn 0.6296 -0.7754 -0.0484
vn -0.3552 -0.9344 0.0273
vn -0.9841 -0.1607 0.0757
vn -0.6333 0.7730 0.0387
vn 0.3512 0.9361 -0.0214
vn 0.9850 0.1615 -0.0601
vn 0.6304 -0.7753 -0.0385
vn -0.3553 -0.9345 0.0217
vn -0.9852 -0.1608 0.0602
vn -0.6336 0.7731 0.0297
vn 0.3517 0.9360 -0.0165
vn 0.9858 0.1615 -0.0463
vn 0.6311 -0.7752 -0.0296
vn -0.3553 -0.9346 0.0167
vn -0.9859 -0.1608 0.0463
vn -0.6338 0.7732 0.0219
vn 0.3521 0.9359 -0.0121
vn 0.9863 0.1615 -0.0340
vn 0.6316 -0.7750 -0.0218
vn -0.3553 -0.9347 0.0123
vn -0.9864 -0.1609 0.0340
vn -0.6338 0.7733 0.0150
vn 0.3524 0.9358 -0.0083
vn 0.9866 0.1614 -0.0234
vn 0.6319 -0.7749 -0.0150
vn -0.3552 -0.9348 0.0084
vn -0.9867 -0.1609 0.0234
vn -0.6337 0.7735 0.0092
vn 0.3527 0.9357 -0.0051
vn 0.9868 0.1614 -0.0144
vn 0.6322 -0.7748 -0.0092
vn -0.3550 -0.9349 0.0052
vn -0.9869 -0.1610 0.0144
vn -0.6340 0.7733 0.0043
vn 0.3533 0.9355 -0.0028
vn 0.9869 0.1612 -0.0078
vn 0.6328 -0.7743 -0.0050
vn -0.3551 -0.9348 0.0024
vn -0.9870 -0.1608 0.0067
vn -0.6069 0.7918 0.0692
vn 0.3808 0.9236 -0.0439
vn 0.9813 0.1560 -0.1129
vn 0.6484 -0.7576 -0.0746
vn -0.3203 -0.9466 0.0364
vn -0.9796 -0.1672 0.1116
vn -0.6489 0.7573 0.0733
vn 0.3197 0.9468 -0.0357
vn 0.9798 0.1673 -0.1095
vn 0.6066 -0.7921 -0.0678
vn -0.3815 -0.9234 0.0431
vn -0.9815 -0.1559 0.1108
vn -0.6334 0.7738 0.0003
vn 0.3542 0.9352 0.0002
vn 0.9870 0.1610 0.0006
vn 0.6334 -0.7738 0.0004
vn -0.3542 -0.9352 0.0002
vn -0.9870 -0.1610 0.0006
vn -0.6330 0.7741 -0.0000
vn 0.3539 0.9353 -0.0000
vn 0.9869 0.1612 -0.0000
vn 0.6330 -0.7741 -0.0000
vn -0.3539 -0.9353 -0.0000
vn -0.9869 -0.1612 -0.0000
vn -0.6330 0.7741 -0.0001
vn 0.9869 0.1612 0.0001
vn 0.6330 -0.7741 0.0001
vn -0.9869 -0.1612 -0.0001
vn -0.6331 0.7741 -0.0002
vn 0.3539 0.9353 0.0001
vn 0.9869 0.1612 0.0003
vn 0.6330 -0.7741 0.0002
vn -0.3539 -0.9353 -0.0001
vn -0.9869 -0.1612 -0.0003
vn -0.6331 0.7741 -0.0005
vn 0.3538 0.9353 0.0003
vn 0.9869 0.1612 0.0008
vn 0.6330 -0.7742 0.0005
vn -0.3540 -0.9352 -0.0003
vn -0.9869 -0.1611 -0.0008
vn -0.6332 0.7740 -0.0011
vn 0.3537 0.9354 0.0006
vn 0.9869 0.1612 0.0018
vn 0.6329 -0.7742 0.0011
vn -0.3541 -0.9352 -0.0006
vn -0.9869 -0.1611 -0.0018
vn -0.6333 0.7739 -0.0024
vn 0.3535 0.9354 0.0013
vn 0.9869 0.1612 0.0037
vn 0.6328 -0.7743 0.0024
vn -0.3542 -0.9352 -0.0013
vn -0.9869 -0.1611 -0.0037
vn -0.6334 0.7738 -0.0045
vn 0.3533 0.9355 0.0025
vn 0.9869 0.1613 0.0070
vn 0.6326 -0.7744 0.0045
vn -0.3545 -0.9351 -0.0025
vn -0.9869 -0.1611 -0.0070
vn -0.6336 0.7736 -0.0079
vn 0.3529 0.9356 0.0044
vn 0.9868 0.1613 0.0123
vn 0.6324 -0.7746 0.0079
vn -0.3548 -0.9349 -0.0044
vn -0.9869 -0.1610 -0.0123
vn -0.6338 0.7733 -0.0131
vn 0.3524 0.9358 0.0073
vn 0.9867 0.1614 0.0204
vn 0.6319 -0.7749 0.0131
vn -0.3552 -0.9348 -0.0074
vn -0.9868 -0.1609 -0.0204
vn -0.6341 0.7730 -0.0209
vn 0.3517 0.9361 0.0116
vn 0.9863 0.1615 0.0326
vn 0.6313 -0.7753 0.0208
vn -0.3557 -0.9345 -0.0118
vn -0.9865 -0.1608 -0.0326
vn -0.6342 0.7725 -0.0322
vn 0.3505 0.9364 0.0178
vn 0.9856 0.1617 0.0501
vn 0.6302 -0.7758 0.0320
vn -0.3563 -0.9342 -0.0181
vn -0.9857 -0.1606 -0.0501
vn -0.6340 0.7718 -0.0482
vn 0.3488 0.9368 0.0265
vn 0.9840 0.1619 0.0748
vn 0.6284 -0.7764 0.0478
vn -0.3569 -0.9337 -0.0271
vn -0.9842 -0.1604 -0.0748
vn -0.6330 0.7710 -0.0704
vn 0.3461 0.9374 0.0385
vn 0.9807 0.1622 0.1090
vn 0.6253 -0.7773 0.0695
vn -0.3573 -0.9331 -0.0397
vn -0.9810 -0.1601 -0.1091
vn -0.6306 0.7697 -0.0995
vn 0.3419 0.9380 0.0563
vn 0.9744 0.1620 0.1561
vn 0.6196 -0.7788 0.0977
vn -0.3567 -0.9324 -0.0589
vn -0.9746 -0.1603 -0.1563
vn -0.6364 0.7632 -0.1117
vn 0.3310 0.9364 0.1166
vn 0.9626 0.1491 0.2262
vn 0.6106 -0.7850 0.1048
vn -0.3435 -0.9315 -0.1196
vn -0.9591 -0.1696 -0.2266
vn -0.6433 0.7586 -0.1032
vn 0.2977 0.9273 0.2269
vn 0.9361 0.1372 0.3239
vn 0.6105 -0.7870 0.0884
vn -0.3150 -0.9203 -0.2318
vn -0.9311 -0.1632 -0.3263
vn -0.6421 0.7584 -0.1123
vn 0.2447 0.9066 0.3438
vn 0.8866 0.1166 0.4476
vn 0.6078 -0.7892 0.0881
vn -0.2728 -0.8945 -0.3542
vn -0.8822 -0.1355 -0.4509
vn -0.6154 0.7712 -0.1626
vn 0.1738 0.8792 0.4437
vn 0.7963 0.0763 0.6001
vn 0.5800 -0.8049 0.1252
vn -0.2175 -0.8572 -0.4667
vn -0.7947 -0.0837 -0.6012
vn -0.5741 0.7996 -0.1765
vn 0.1593 0.8492 0.5034
vn 0.7320 0.0497 0.6795
vn 0.5737 -0.7997 0.1769
vn -0.1598 -0.8495 -0.5028
vn -0.7329 -0.0502 -0.6785
vn -0.6305 0.7518 -0.1930
vn 0.2851 0.7517 -0.5947
vn 0.9157 0.0001 -0.4019
vn 0.6305 -0.7518 0.1929
vn -0.2852 -0.7518 0.5945
vn -0.9157 -0.0002 0.4018
vn -0.6334 0.7557 -0.1667
vn 0.3014 0.7766 -0.5532
vn 0.9279 0.0014 -0.3728
vn 0.6127 -0.7690 0.1824
vn -0.3035 -0.7757 0.5534
vn -0.9229 -0.0254 0.3841
vn -0.6174 0.7770 -0.1227
vn 0.3367 0.8201 -0.4627
vn 0.9446 0.0213 -0.3274
vn 0.5956 -0.7916 0.1363
vn -0.3350 -0.8209 0.4624
vn -0.9397 -0.0505 0.3382
vn -0.5993 0.7980 -0.0633
vn 0.3705 0.8566 -0.3590
vn 0.9579 0.0344 -0.2851
vn 0.5761 -0.8139 0.0746
vn -0.3660 -0.8589 0.3583
vn -0.9534 -0.0684 0.2938
vn -0.5803 0.8144 0.0093
vn 0.4024 0.8824 -0.2439
vn 0.9685 0.0420 -0.2454
vn 0.5560 -0.8312 -0.0005
vn -0.3957 -0.8857 0.2428
vn -0.9648 -0.0797 0.2507
vn -0.5620 0.8236 0.0766
vn 0.4254 0.8947 -0.1362
vn 0.9765 0.0507 -0.2095
vn 0.5424 -0.8371 -0.0717
vn -0.4216 -0.8966 0.1357
vn -0.9743 -0.0793 0.2106
vn -0.5504 0.8291 0.0986
vn 0.4312 0.8986 -0.0805
vn 0.9817 0.0655 -0.1791
vn 0.5440 -0.8334 -0.0973
vn -0.4374 -0.8955 0.0817
vn -0.9816 -0.0663 0.1791
vn -0.5519 0.8294 0.0863
vn 0.4335 0.8986 -0.0678
vn 0.9858 0.0662 -0.1541
vn 0.5468 -0.8329 -0.0855
vn -0.4395 -0.8956 0.0687
vn -0.9859 -0.0657 0.1541
vn -0.5535 0.8296 0.0738
vn 0.4352 0.8985 -0.0580
vn 0.9891 0.0662 -0.1319
vn 0.5488 -0.8327 -0.0732
vn -0.4406 -0.8958 0.0588
vn -0.9891 -0.0657 0.1319
vn -0.5546 0.8297 0.0626
vn 0.4366 0.8983 -0.0493
vn 0.9915 0.0662 -0.1119
vn 0.5504 -0.8326 -0.0621
vn -0.4414 -0.8959 0.0498
vn -0.9915 -0.0658 0.1119
vn -0.5555 0.8299 0.0525
vn 0.4376 0.8982 -0.0413
vn 0.9934 0.0661 -0.0938
vn 0.5517 -0.8324 -0.0521
vn -0.4420 -0.8960 0.0417
vn -0.9934 -0.0658 0.0938
vn -0.5561 0.8300 0.0433
vn 0.4385 0.8981 -0.0341
vn 0.9948 0.0661 -0.0775
vn 0.5526 -0.8323 -0.0430
vn -0.4424 -0.8961 0.0345
vn -0.9948 -0.0658 0.0775
vn -0.5565 0.8301 0.0350
vn 0.4391 0.8980 -0.0276
vn 0.9958 0.0661 -0.0627
vn 0.5534 -0.8322 -0.0348
vn -0.4427 -0.8962 0.0279
vn -0.9959 -0.0658 0.0627
vn -0.5567 0.8302 0.0276
vn 0.4396 0.8979 -0.0218
vn 0.9966 0.0661 -0.0494
vn 0.5540 -0.8321 -0.0274
vn -0.4428 -0.8963 0.0219
vn -0.9966 -0.0658 0.0494
vn -0.5569 0.8303 0.0209
vn 0.4400 0.8978 -0.0165
vn 0.9971 0.0661 -0.0375
vn 0.5544 -0.8320 -0.0208
vn -0.4429 -0.8964 0.0167
vn -0.9971 -0.0659 0.0375
vn -0.5569 0.8304 0.0151
vn 0.4404 0.8977 -0.0119
vn 0.9974 0.0661 -0.0270
vn 0.5548 -0.8319 -0.0150
vn -0.4429 -0.8965 0.0120
vn -0.9975 -0.0659 0.0270
vn -0.5569 0.8305 0.0100
vn 0.4406 0.8976 -0.0079
vn 0.9977 0.0661 -0.0180
vn 0.5550 -0.8318 -0.0100
vn -0.4428 -0.8966 0.0080
vn -0.9977 -0.0659 0.0180
vn -0.5567 0.8307 0.0058
vn 0.4409 0.8975 -0.0046
vn 0.9978 0.0660 -0.0105
vn 0.5553 -0.8316 -0.0058
vn -0.4426 -0.8967 0.0046
vn -0.9978 -0.0659 0.0105
vn -0.5570 0.8305 0.0024
vn 0.4415 0.8973 -0.0022
vn 0.9978 0.0660 -0.0050
vn 0.5559 -0.8312 -0.0028
vn -0.4428 -0.8966 0.0019
vn -0.9978 -0.0659 0.0043
vn -0.5247 0.8489 0.0635
vn 0.4673 0.8823 -0.0569
vn 0.9907 0.0637 -0.1206
vn 0.5764 -0.8142 -0.0702
vn -0.4072 -0.9120 0.0493
vn -0.9904 -0.0687 0.1199
vn -0.5767 0.8140 0.0695
vn 0.4069 0.9122 -0.0488
vn 0.9905 0.0687 -0.1187
vn 0.5245 -0.8491 -0.0629
vn -0.4676 -0.8821 0.0564
vn -0.9908 -0.0637 0.1195
vn -0.5564 0.8309 0.0002
vn 0.4422 0.8969 0.0002
vn 0.9978 0.0659 0.0004
vn 0.5564 -0.8309 0.0002
vn -0.4421 -0.8969 0.0002
vn -0.9978 -0.0659 0.0003
vn -0.5560 0.8312 -0.0000
vn 0.4418 0.8971 -0.0000
vn 0.9978 0.0660 -0.0000
vn 0.5560 -0.8312 -0.0000
vn -0.4418 -0.8971 -0.0000
vn -0.9978 -0.0660 -0.0000
vn -0.5561 0.8311 -0.0001
vn 0.9978 0.0660 0.0001
vn 0.5560 -0.8312 0.0001
vn -0.9978 -0.0660 -0.0001
vn -0.5561 0.8311 -0.0002
vn 0.4417 0.8971 0.0001
vn 0.9978 0.0660 0.0003
vn 0.5560 -0.8312 0.0002
vn -0.4418 -0.8971 -0.0001
vn -0.9978 -0.0660 -0.0003
vn -0.5561 0.8311 -0.0004
vn 0.4417 0.8972 0.0003
vn 0.9978 0.0660 0.0007
vn 0.5560 -0.8312 0.0004
vn -0.4419 -0.8971 -0.0003
vn -0.9978 -0.0660 -0.0007
vn -0.5562 0.8311 -0.0009
vn 0.4416 0.8972 0.0007
vn 0.9978 0.0660 0.0017
vn 0.5559 -0.8312 0.0009
vn -0.4419 -0.8970 -0.0007
vn -0.9978 -0.0660 -0.0017
vn -0.5563 0.8310 -0.0018
vn 0.4415 0.8973 0.0015
vn 0.9978 0.0660 0.0033
vn 0.5558 -0.8313 0.0018
vn -0.4420 -0.8970 -0.0015
vn -0.9978 -0.0659 -0.0033
vn -0.5564 0.8309 -0.0034
vn 0.4413 0.8973 0.0027
vn 0.9978 0.0660 0.0061
vn 0.5557 -0.8314 0.0034
vn -0.4422 -0.8969 -0.0027
vn -0.9978 -0.0659 -0.0061
vn -0.5566 0.8308 -0.0058
vn 0.4411 0.8975 0.0046
vn 0.9978 0.0660 0.0104
vn 0.5554 -0.8315 0.0058
vn -0.4424 -0.8968 -0.0046
vn -0.9978 -0.0659 -0.0104
vn -0.5568 0.8306 -0.0095
vn 0.4407 0.8976 0.0076
vn 0.9977 0.0661 0.0171
vn 0.5551 -0.8317 0.0095
vn -0.4427 -0.8966 -0.0076
vn -0.9977 -0.0659 -0.0171
vn -0.5571 0.8303 -0.0150
vn 0.4401 0.8978 0.0118
vn 0.9975 0.0661 0.0268
vn 0.5546 -0.8320 0.0149
vn -0.4431 -0.8964 -0.0119
vn -0.9975 -0.0658 -0.0268
vn -0.5574 0.8300 -0.0227
vn 0.4393 0.8981 0.0179
vn 0.9970 0.0661 0.0407
vn 0.5538 -0.8323 0.0226
vn -0.4435 -0.8961 -0.0181
vn -0.9970 -0.0658 -0.0407
vn -0.5575 0.8295 -0.0336
vn 0.4381 0.8985 0.0264
vn 0.9960 0.0662 0.0599
vn 0.5526 -0.8328 0.0333
vn -0.4438 -0.8957 -0.0267
vn -0.9960 -0.0657 -0.0600
vn -0.5573 0.8289 -0.0484
vn 0.4362 0.8990 0.0379
vn 0.9941 0.0663 0.0863
vn 0.5506 -0.8334 0.0478
vn -0.4440 -0.8952 -0.0385
vn -0.9941 -0.0657 -0.0863
vn -0.5563 0.8281 -0.0684
vn 0.4332 0.8997 0.0533
vn 0.9903 0.0664 0.1218
vn 0.5474 -0.8342 0.0673
vn -0.4437 -0.8945 -0.0546
vn -0.9904 -0.0655 -0.1218
vn -0.5550 0.8268 -0.0916
vn 0.4284 0.9002 0.0780
vn 0.9834 0.0649 0.1696
vn 0.5417 -0.8358 0.0893
vn -0.4412 -0.8938 -0.0803
vn -0.9832 -0.0668 -0.1697
vn -0.5632 0.8213 -0.0913
vn 0.4163 0.8972 0.1473
vn 0.9706 0.0513 0.2352
vn 0.5356 -0.8403 0.0837
vn -0.4243 -0.8931 -0.1492
vn -0.9687 -0.0764 -0.2362
vn -0.5728 0.8167 -0.0697
vn 0.3816 0.8872 0.2593
vn 0.9459 0.0412 0.3217
vn 0.5401 -0.8398 0.0553
vn -0.3945 -0.8806 -0.2627
vn -0.9432 -0.0686 -0.3250
vn -0.5766 0.8144 -0.0660
vn 0.3297 0.8666 0.3747
vn 0.9021 0.0216 0.4310
vn 0.5415 -0.8396 0.0431
vn -0.3519 -0.8546 -0.3819
vn -0.8993 -0.0437 -0.4351
vn -0.5580 0.8278 -0.0575
vn 0.3127 0.8445 0.4348
vn 0.8702 0.0171 0.4923
vn 0.5579 -0.8279 0.0576
vn -0.3129 -0.8446 -0.4345
vn -0.8705 -0.0172 -0.4920
vn -0.1355 0.7045 -0.6967
vn 0.6956 0.7046 -0.1402
vn 0.8310 -0.0002 0.5563
vn 0.1356 -0.7047 0.6964
vn -0.6956 -0.7047 0.1401
vn -0.8308 -0.0000 -0.5566
vn -0.1459 0.7346 -0.6626
vn 0.7076 0.6943 -0.1315
vn 0.8505 -0.0346 0.5248
vn 0.1640 -0.7269 0.6669
vn -0.6871 -0.7097 0.1555
vn -0.8552 0.0221 -0.5178
vn -0.1880 0.7838 -0.5918
vn 0.7048 0.6978 -0.1277
vn 0.8839 -0.0857 0.4598
vn 0.1969 -0.7803 0.5936
vn -0.6845 -0.7140 0.1475
vn -0.8906 0.0660 -0.4500
vn -0.2268 0.8327 -0.5051
vn 0.6938 0.7131 -0.1006
vn 0.9077 -0.1225 0.4012
vn 0.2305 -0.8313 0.5057
vn -0.6720 -0.7311 0.1177
vn -0.9154 0.0964 -0.3909
vn -0.2642 0.8768 -0.4019
vn 0.6786 0.7324 -0.0548
vn 0.9269 -0.1498 0.3441
vn 0.2642 -0.8768 0.4018
vn -0.6550 -0.7524 0.0693
vn -0.9348 0.1179 -0.3350
vn -0.2998 0.9110 -0.2830
vn 0.6614 0.7500 0.0069
vn 0.9430 -0.1686 0.2868
vn 0.2971 -0.9121 0.2825
vn -0.6360 -0.7716 0.0046
vn -0.9508 0.1317 -0.2806
vn -0.3310 0.9305 -0.1571
vn 0.6438 0.7613 0.0768
vn 0.9568 -0.1769 0.2307
vn 0.3273 -0.9318 0.1568
vn -0.6189 -0.7824 -0.0691
vn -0.9633 0.1402 -0.2287
vn -0.3428 0.9362 -0.0770
vn 0.6279 0.7704 0.1105
vn 0.9685 -0.1640 0.1872
vn 0.3484 -0.9341 0.0784
vn -0.6186 -0.7782 -0.1084
vn -0.9695 0.1580 -0.1872
vn -0.3457 0.9367 -0.0561
vn 0.6273 0.7721 0.1017
vn 0.9743 -0.1605 0.1580
vn 0.3529 -0.9339 0.0573
vn -0.6224 -0.7762 -0.1009
vn -0.9741 0.1618 -0.1580
vn -0.3474 0.9365 -0.0476
vn 0.6294 0.7723 0.0862
vn 0.9779 -0.1606 0.1339
vn 0.3538 -0.9341 0.0484
vn -0.6250 -0.7759 -0.0856
vn -0.9777 0.1618 -0.1339
vn -0.3487 0.9364 -0.0400
vn 0.6309 0.7725 0.0723
vn 0.9806 -0.1606 0.1124
vn 0.3545 -0.9342 0.0406
vn -0.6269 -0.7757 -0.0718
vn -0.9804 0.1617 -0.1123
vn -0.3497 0.9363 -0.0331
vn 0.6320 0.7727 0.0598
vn 0.9826 -0.1607 0.0930
vn 0.3549 -0.9343 0.0336
vn -0.6284 -0.7756 -0.0595
vn -0.9825 0.1616 -0.0930
vn -0.3505 0.9362 -0.0270
vn 0.6327 0.7728 0.0487
vn 0.9841 -0.1607 0.0757
vn 0.3552 -0.9344 0.0273
vn -0.6296 -0.7754 -0.0484
vn -0.9840 0.1616 -0.0757
vn -0.3512 0.9361 -0.0214
vn 0.6333 0.7730 0.0387
vn 0.9852 -0.1608 0.0602
vn 0.3553 -0.9345 0.0217
vn -0.6304 -0.7753 -0.0385
vn -0.9850 0.1615 -0.0601
vn -0.3517 0.9360 -0.0165
vn 0.6336 0.7731 0.0297
vn 0.9859 -0.1608 0.0463
vn 0.3553 -0.9346 0.0167
vn -0.6311 -0.7752 -0.0296
vn -0.9858 0.1615 -0.0463
vn -0.3521 0.9359 -0.0121
vn 0.6338 0.7732 0.0219
vn 0.9864 -0.1609 0.0340
vn 0.3553 -0.9347 0.0123
vn -0.6316 -0.7750 -0.0218
vn -0.9863 0.1615 -0.0340
vn -0.3524 0.9358 -0.0083
vn 0.6338 0.7733 0.0150
vn 0.9867 -0.1609 0.0234
vn 0.3552 -0.9348 0.0084
vn -0.6319 -0.7749 -0.0150
vn -0.9866 0.1614 -0.0234
vn -0.3527 0.9357 -0.0051
vn 0.6337 0.7735 0.0092
vn 0.9869 -0.1610 0.0144
vn 0.3550 -0.9349 0.0052
vn -0.6322 -0.7748 -0.0092
vn -0.9868 0.1614 -0.0144
vn -0.3533 0.9355 -0.0028
vn 0.6340 0.7733 0.0043
vn 0.9870 -0.1608 0.0067
vn 0.3551 -0.9348 0.0024
vn -0.6328 -0.7743 -0.0050
vn -0.9869 0.1612 -0.0078
vn -0.3808 0.9236 -0.0439
vn 0.6069 0.7918 0.0692
vn 0.9796 -0.1672 0.1116
vn 0.3203 -0.9466 0.0364
vn -0.6484 -0.7576 -0.0746
vn -0.9813 0.1560 -0.1129
vn -0.3197 0.9468 -0.0357
vn 0.6489 0.7573 0.0733
vn 0.9815 -0.1559 0.1108
vn 0.3815 -0.9234 0.0431
vn -0.6066 -0.7921 -0.0678
vn -0.9798 0.1673 -0.1095
vn -0.3542 0.9352 0.0002
vn 0.6334 0.7738 0.0003
vn 0.9870 -0.1610 0.0006
vn 0.3542 -0.9352 0.0002
vn -0.6334 -0.7738 0.0004
vn -0.9870 0.1610 0.0006
vn -0.3539 0.9353 -0.0000
vn 0.6330 0.7741 -0.0000
vn 0.9869 -0.1612 -0.0000
vn 0.3539 -0.9353 -0.0000
vn -0.6330 -0.7741 -0.0000
vn -0.9869 0.1612 -0.0000
vn 0.6330 0.7741 -0.0001
vn 0.9869 -0.1612 -0.0001
vn -0.6330 -0.7741 0.0001
vn -0.9869 0.1612 0.0001
vn -0.3539 0.9353 0.0001
vn 0.6331 0.7741 -0.0002
vn 0.9869 -0.1612 -0.0003
vn 0.3539 -0.9353 -0.0001
vn -0.6330 -0.7741 0.0002
vn -0.9869 0.1612 0.0003
vn -0.3538 0.9353 0.0003
vn 0.6331 0.7741 -0.0005
vn 0.9869 -0.1611 -0.0008
vn 0.3540 -0.9352 -0.0003
vn -0.6330 -0.7742 0.0005
vn -0.9869 0.1612 0.0008
vn -0.3537 0.9354 0.0006
vn 0.6332 0.7740 -0.0011
vn 0.9869 -0.1611 -0.0018
vn 0.3541 -0.9352 -0.0006
vn -0.6329 -0.7742 0.0011
vn -0.9869 0.1612 0.0018
vn -0.3535 0.9354 0.0013
vn 0.6333 0.7739 -0.0024
vn 0.9869 -0.1611 -0.0037
vn 0.3542 -0.9352 -0.0013
vn -0.6328 -0.7743 0.0024
vn -0.9869 0.1612 0.0037
vn -0.3533 0.9355 0.0025
vn 0.6334 0.7738 -0.0045
vn 0.9869 -0.1611 -0.0070
vn 0.3545 -0.9351 -0.0025
vn -0.6326 -0.7744 0.0045
vn -0.9869 0.1613 0.0070
vn -0.3529 0.9356 0.0044
vn 0.6336 0.7736 -0.0079
vn 0.9869 -0.1610 -0.0123
vn 0.3548 -0.9349 -0.0044
vn -0.6324 -0.7746 0.0079
vn -0.9868 0.1613 0.0123
vn -0.3524 0.9358 0.0073
vn 0.6338 0.7733 -0.0131
vn 0.9868 -0.1609 -0.0204
vn 0.3552 -0.9348 -0.0074
vn -0.6319 -0.7749 0.0131
vn -0.9867 0.1614 0.0204
vn -0.3517 0.9361 0.0116
vn 0.6341 0.7730 -0.0209
vn 0.9864 -0.1608 -0.0326
vn 0.3557 -0.9345 -0.0118
vn -0.6313 -0.7753 0.0208
vn -0.9863 0.1615 0.0326
vn -0.3505 0.9364 0.0178
vn 0.6342 0.7725 -0.0322
vn 0.9857 -0.1606 -0.0501
vn 0.3563 -0.9342 -0.0181
vn -0.6302 -0.7758 0.0320
vn -0.9856 0.1617 0.0501
vn -0.3488 0.9368 0.0265
vn 0.6340 0.7718 -0.0482
vn 0.9842 -0.1604 -0.0748
vn 0.3569 -0.9337 -0.0271
vn -0.6284 -0.7764 0.0478
vn -0.9840 0.1619 0.0748
vn -0.3461 0.9374 0.0385
vn 0.6330 0.7710 -0.0704
vn 0.9810 -0.1601 -0.1091
vn 0.3573 -0.9331 -0.0397
vn -0.6253 -0.7773 0.0695
vn -0.9807 0.1622 0.1090
vn -0.3419 0.9380 0.0563
vn 0.6306 0.7697 -0.0995
vn 0.9746 -0.1603 -0.1563
vn 0.3567 -0.9324 -0.0589
vn -0.6196 -0.7788 0.0977
vn -0.9744 0.1620 0.1561
vn -0.3310 0.9364 0.1166
vn 0.6364 0.7632 -0.1117
vn 0.9591 -0.1696 -0.2266
vn 0.3435 -0.9315 -0.1196
vn -0.6106 -0.7850 0.1048
vn -0.9626 0.1491 0.2262
vn -0.2977 0.9273 0.2269
vn 0.6433 0.7586 -0.1032
vn 0.9311 -0.1632 -0.3263
vn 0.3150 -0.9203 -0.2318
vn -0.6105 -0.7870 0.0884
vn -0.9361 0.1372 0.3239
vn -0.2447 0.9066 0.3438
vn 0.6421 0.7584 -0.1123
vn 0.8822 -0.1355 -0.4509
vn 0.2728 -0.8945 -0.3542
vn -0.6078 -0.7892 0.0881
vn -0.8866 0.1166 0.4476
vn -0.1738 0.8792 0.4437
vn 0.6154 0.7712 -0.1626
vn 0.7947 -0.0837 -0.6012
vn 0.2175 -0.8572 -0.4667
vn -0.5800 -0.8049 0.1252
vn -0.7963 0.0763 0.6001
vn -0.1593 0.8492 0.5034
vn 0.5741 0.7996 -0.1765
vn 0.7329 -0.0502 -0.6785
vn 0.1598 -0.8495 -0.5028
vn -0.5737 -0.7997 0.1769
vn -0.7320 0.0497 0.6795
vn -0.2851 0.7517 -0.5947
vn 0.6305 0.7518 -0.1930
vn 0.9157 -0.0002 0.4018
vn 0.2852 -0.7518 0.5945
vn -0.6305 -0.7518 0.1929
vn -0.9157 0.0001 -0.4019
vn -0.3014 0.7766 -0.5532
vn 0.6334 0.7557 -0.1667
vn 0.9229 -0.0254 0.3841
vn 0.3035 -0.7757 0.5534
vn -0.6127 -0.7690 0.1824
vn -0.9279 0.0014 -0.3728
vn -0.3367 0.8201 -0.4627
vn 0.6174 0.7770 -0.1227
vn 0.9397 -0.0505 0.3382
vn 0.3350 -0.8209 0.4624
vn -0.5956 -0.7916 0.1363
vn -0.9446 0.0213 -0.3274
vn -0.3705 0.8566 -0.3590
vn 0.5993 0.7980 -0.0633
vn 0.9534 -0.0684 0.2938
vn 0.3660 -0.8589 0.3583
vn -0.5761 -0.8139 0.0746
vn -0.9579 0.0344 -0.2851
vn -0.4024 0.8824 -0.2439
vn 0.5803 0.8144 0.0093
vn 0.9648 -0.0797 0.2507
vn 0.3957 -0.8857 0.2428
vn -0.5560 -0.8312 -0.0005
vn -0.9685 0.0420 -0.2454
vn -0.4254 0.8947 -0.1362
vn 0.5620 0.8236 0.0766
vn 0.9743 -0.0793 0.2106
vn 0.4216 -0.8966 0.1357
vn -0.5424 -0.8371 -0.0717
vn -0.9765 0.0507 -0.2095
vn -0.4312 0.8986 -0.0805
vn 0.5504 0.8291 0.0986
vn 0.9816 -0.0663 0.1791
vn 0.4374 -0.8955 0.0817
vn -0.5440 -0.8334 -0.0973
vn -0.9817 0.0655 -0.1791
vn -0.4335 0.8986 -0.0678
vn 0.5519 0.8294 0.0863
vn 0.9859 -0.0657 0.1541
vn 0.4395 -0.8956 0.0687
vn -0.5468 -0.8329 -0.0855
vn -0.9858 0.0662 -0.1541
vn -0.4352 0.8985 -0.0580
vn 0.5535 0.8296 0.0738
vn 0.9891 -0.0657 0.1319
vn 0.4406 -0.8958 0.0588
vn -0.5488 -0.8327 -0.0732
vn -0.9891 0.0662 -0.1319
vn -0.4366 0.8983 -0.0493
vn 0.5546 0.8297 0.0626
vn 0.9915 -0.0658 0.1119
vn 0.4414 -0.8959 0.0498
vn -0.5504 -0.8326 -0.0621
vn -0.9915 0.0662 -0.1119
vn -0.4376 0.8982 -0.0413
vn 0.5555 0.8299 0.0525
vn 0.9934 -0.0658 0.0938
vn 0.4420 -0.8960 0.0417
vn -0.5517 -0.8324 -0.0521
vn -0.9934 0.0662 -0.0938
vn -0.4385 0.8981 -0.0341
vn 0.5561 0.8300 0.0433
vn 0.9948 -0.0658 0.0775
vn 0.4424 -0.8961 0.0345
vn -0.5526 -0.8323 -0.0430
vn -0.9948 0.0661 -0.0775
vn -0.4391 0.8980 -0.0276
vn 0.5565 0.8301 0.0350
vn 0.9959 -0.0658 0.0627
vn 0.4427 -0.8962 0.0279
vn -0.5534 -0.8322 -0.0348
vn -0.9958 0.0661 -0.0627
vn -0.4396 0.8979 -0.0218
vn 0.5567 0.8302 0.0276
vn 0.9966 -0.0658 0.0494
vn 0.4428 -0.8963 0.0219
vn -0.5540 -0.8321 -0.0274
vn -0.9966 0.0661 -0.0494
vn -0.4400 0.8978 -0.0165
vn 0.5569 0.8303 0.0209
vn 0.9971 -0.0659 0.0375
vn 0.4429 -0.8964 0.0167
vn -0.5544 -0.8320 -0.0208
vn -0.9971 0.0661 -0.0375
vn -0.4404 0.8977 -0.0119
vn 0.5569 0.8304 0.0151
vn 0.9975 -0.0659 0.0270
vn 0.4429 -0.8965 0.0120
vn -0.5548 -0.8319 -0.0150
vn -0.9974 0.0661 -0.0270
vn -0.4406 0.8976 -0.0079
vn 0.5569 0.8305 0.0100
vn 0.9977 -0.0659 0.0180
vn 0.4428 -0.8966 0.0080
vn -0.5550 -0.8318 -0.0100
vn -0.9977 0.0661 -0.0180
vn -0.4409 0.8975 -0.0046
vn 0.5567 0.8307 0.0058
vn 0.9978 -0.0659 0.0105
vn 0.4426 -0.8967 0.0046
vn -0.5553 -0.8316 -0.0058
vn -0.9978 0.0660 -0.0105
vn -0.4415 0.8973 -0.0022
vn 0.5570 0.8305 0.0024
vn 0.9978 -0.0659 0.0043
vn 0.4428 -0.8966 0.0019
vn -0.5559 -0.8312 -0.0028
vn -0.9978 0.0660 -0.0050
vn -0.4673 0.8823 -0.0569
vn 0.5247 0.8489 0.0635
vn 0.9904 -0.0687 0.1199
vn 0.4072 -0.9120 0.0493
vn -0.5764 -0.8142 -0.0702
vn -0.9907 0.0637 -0.1206
vn -0.4069 0.9122 -0.0488
vn 0.5767 0.8140 0.0695
vn 0.9908 -0.0637 0.1195
vn 0.4676 -0.8821 0.0564
vn -0.5245 -0.8491 -0.0629
vn -0.9905 0.0687 -0.1187
vn -0.4422 0.8969 0.0002
vn 0.5564 0.8309 0.0002
vn 0.9978 -0.0659 0.0003
vn 0.4421 -0.8969 0.0002
vn -0.5564 -0.8309 0.0002
vn -0.9978 0.0659 0.0004
vn -0.4418 0.8971 -0.0000
vn 0.5560 0.8312 -0.0000
vn 0.9978 -0.0660 -0.0000
vn 0.4418 -0.8971 -0.0000
vn -0.5560 -0.8312 -0.0000
vn -0.9978 0.0660 -0.0000
vn 0.5561 0.8311 -0.0001
vn 0.9978 -0.0660 -0.0001
vn -0.5560 -0.8312 0.0001
vn -0.9978 0.0660 0.0001
vn -0.4417 0.8971 0.0001
vn 0.5561 0.8311 -0.0002
vn 0.9978 -0.0660 -0.0003
vn 0.4418 -0.8971 -0.0001
vn -0.5560 -0.8312 0.0002
vn -0.9978 0.0660 0.0003
vn -0.4417 0.8972 0.0003
vn 0.5561 0.8311 -0.0004
vn 0.9978 -0.0660 -0.0007
vn 0.4419 -0.8971 -0.0003
vn -0.5560 -0.8312 0.0004
vn -0.9978 0.0660 0.0007
vn -0.4416 0.8972 0.0007
vn 0.5562 0.8311 -0.0009
vn 0.9978 -0.0660 -0.0017
vn 0.4419 -0.8970 -0.0007
vn -0.5559 -0.8312 0.0009
vn -0.9978 0.0660 0.0017
vn -0.4415 0.8973 0.0015
vn 0.5563 0.8310 -0.0018
vn 0.9978 -0.0659 -0.0033
vn 0.4420 -0.8970 -0.0015
vn -0.5558 -0.8313 0.0018
vn -0.9978 0.0660 0.0033
vn -0.4413 0.8973 0.0027
vn 0.5564 0.8309 -0.0034
vn 0.9978 -0.0659 -0.0061
vn 0.4422 -0.8969 -0.0027
vn -0.5557 -0.8314 0.0034
vn -0.9978 0.0660 0.0061
vn -0.4411 0.8975 0.0046
vn 0.5566 0.8308 -0.0058
vn 0.9978 -0.0659 -0.0104
vn 0.4424 -0.8968 -0.0046
vn -0.5554 -0.8315 0.0058
vn -0.9978 0.0660 0.0104
vn -0.4407 0.8976 0.0076
vn 0.5568 0.8306 -0.0095
vn 0.9977 -0.0659 -0.0171
vn 0.4427 -0.8966 -0.0076
vn -0.5551 -0.8317 0.0095
vn -0.9977 0.0661 0.0171
vn -0.4401 0.8978 0.0118
vn 0.5571 0.8303 -0.0150
vn 0.9975 -0.0658 -0.0268
vn 0.4431 -0.8964 -0.0119
vn -0.5546 -0.8320 0.0149
vn -0.9975 0.0661 0.0268
vn -0.4393 0.8981 0.0179
vn 0.5574 0.8300 -0.0227
vn 0.9970 -0.0658 -0.0407
vn 0.4435 -0.8961 -0.0181
vn -0.5538 -0.8323 0.0226
vn -0.9970 0.0661 0.0407
vn -0.4381 0.8985 0.0264
vn 0.5575 0.8295 -0.0336
vn 0.9960 -0.0657 -0.0600
vn 0.4438 -0.8957 -0.0267
vn -0.5526 -0.8328 0.0333
vn -0.9960 0.0662 0.0599
vn -0.4362 0.8990 0.0379
vn 0.5573 0.8289 -0.0484
vn 0.9941 -0.0657 -0.0863
vn 0.4440 -0.8952 -0.0385
vn -0.5506 -0.8334 0.0478
vn -0.9941 0.0663 0.0863
vn -0.4332 0.8997 0.0533
vn 0.5563 0.8281 -0.0684
vn 0.9904 -0.0655 -0.1218
vn 0.4437 -0.8945 -0.0546
vn -0.5474 -0.8342 0.0673
vn -0.9903 0.0664 0.1218
vn -0.4284 0.9002 0.0780
vn 0.5550 0.8268 -0.0916
vn 0.9832 -0.0668 -0.1697
vn 0.4412 -0.8938 -0.0803
vn -0.5417 -0.8358 0.0893
vn -0.9834 0.0649 0.1696
vn -0.4163 0.8972 0.1473
vn 0.5632 0.8213 -0.0913
vn 0.9687 -0.0764 -0.2362
vn 0.4243 -0.8931 -0.1492
vn -0.5356 -0.8403 0.0837
vn -0.9706 0.0513 0.2352
vn -0.3816 0.8872 0.2593
vn 0.5728 0.8167 -0.0697
vn 0.9432 -0.0686 -0.3250
vn 0.3945 -0.8806 -0.2627
vn -0.5401 -0.8398 0.0553
vn -0.9459 0.0412 0.3217
vn -0.3297 0.8666 0.3747
vn 0.5766 0.8144 -0.0660
vn 0.8993 -0.0437 -0.4351
vn 0.3519 -0.8546 -0.3819
vn -0.5415 -0.8396 0.0431
vn -0.9021 0.0216 0.4310
vn -0.3127 0.8445 0.4348
vn 0.5580 0.8278 -0.0575
vn 0.8705 -0.0172 -0.4920
vn 0.3129 -0.8446 -0.4345
vn -0.5579 -0.8279 0.0576
vn -0.8702 0.0171 0.4923
vn -0.3416 -0.8756 0.3416
vn -0.2616 0.6171 0.7421
vn -0.7421 0.6171 0.2616
vn -0.1166 0.9365 0.3307
vn -0.3416 0.8756 0.3416
vn -0.3307 0.9365 0.1166
vn -0.3416 -0.8756 -0.3416
vn -0.7421 0.6171 -0.2616
vn -0.2616 0.6171 -0.7421
vn -0.3416 0.8756 -0.3416
vn -0.1166 0.9365 -0.3307
vn -0.3307 0.9365 -0.1166
vn 0.3416 -0.8756 0.3416
vn 0.7421 0.6171 0.2616
vn 0.2616 0.6171 0.7421
vn 0.3416 0.8756 0.3416
vn 0.1166 0.9365 0.3307
vn 0.3307 0.9365 0.1166
vn 0.3416 -0.8756 -0.3416
vn 0.2616 0.6171 -0.7421
vn 0.7421 0.6171 -0.2616
vn 0.3416 0.8756 -0.3416
vn 0.3307 0.9365 -0.1166
vn 0.1166 0.9365 -0.3307
vn -0.0000 -0.6437 -0.7653
vn -0.0000 0.6437 -0.7653
vn 0.4498 -0.6437 -0.6191
vn 0.4498 0.6437 -0.6191
vn 0.7278 -0.6437 -0.2365
vn 0.7278 0.6437 -0.2365
vn 0.7278 -0.6437 0.2365
vn 0.7278 0.6437 0.2365
vn 0.4498 -0.6437 0.6191
vn 0.4498 0.6437 0.6191
vn -0.0000 -0.6437 0.7653
vn -0.0000 0.6437 0.7653
vn -0.4498 -0.6437 0.6191
vn -0.4498 0.6437 0.6191
vn -0.7278 -0.6437 0.2365
vn -0.7278 0.6437 0.2365
vn -0.7278 -0.6437 -0.2365
vn -0.7278 0.6437 -0.2365
vn -0.4498 -0.6437 -0.6191
vn -0.4498 0.6437 -0.6191
vn -0.5774 -0.5774 0.5774
vn -0.5774 0.5774 0.5774
vn -0.5774 -0.5774 -0.5774
vn -0.5774 0.5774 -0.5774
vn 0.5774 -0.5774 0.5774
vn 0.5774 0.5774 0.5774
vn 0.5774 -0.5774 -0.5774
vn 0.5774 0.5774 -0.5774
vn -0.0000 0.8406 -0.5417
vn -0.0000 -0.0000 -1.0000
vn -0.0000 -0.8406 -0.5417
vn -0.0000 -0.9956 -0.0936
vn 0.0664 0.9943 -0.0835
vn 0.1528 0.9684 -0.1974
vn 0.3453 0.8152 -0.4650
vn 0.5417 -0.0000 -0.8406
vn 0.3453 -0.8152 -0.4650
vn 0.1528 -0.9684 -0.1974
vn 0.0664 -0.9943 -0.0835
vn 0.1157 0.9915 -0.0602
vn 0.2666 0.9532 -0.1428
vn 0.5617 0.7655 -0.3140
vn 0.8487 -0.0000 -0.5289
vn 0.5617 -0.7655 -0.3140
vn 0.2666 -0.9532 -0.1428
vn 0.1157 -0.9915 -0.0602
vn 0.1451 0.9889 -0.0310
vn 0.3342 0.9396 -0.0741
vn 0.6711 0.7247 -0.1561
vn 0.9692 -0.0000 -0.2463
vn 0.6711 -0.7247 -0.1561
vn 0.3342 -0.9396 -0.0741
vn 0.1451 -0.9889 -0.0310
vn 0.1545 0.9880 -0.0000
vn 0.3564 0.9344 -0.0000
vn 0.7048 0.7094 -0.0000
vn 0.7048 -0.7094 -0.0000
vn 0.3564 -0.9344 -0.0000
vn 0.1545 -0.9880 -0.0000
vn 0.1451 0.9889 0.0310
vn 0.3342 0.9396 0.0741
vn 0.6711 0.7247 0.1561
vn 0.9692 -0.0000 0.2463
vn 0.6711 -0.7247 0.1561
vn 0.3342 -0.9396 0.0741
vn 0.1451 -0.9889 0.0310
vn 0.1157 0.9915 0.0602
vn 0.2666 0.9532 0.1428
vn 0.5617 0.7655 0.3140
vn 0.8487 -0.0000 0.5289
vn 0.5617 -0.7655 0.3140
vn 0.2666 -0.9532 0.1428
vn 0.1157 -0.9915 0.0602
vn 0.0664 0.9943 0.0835
vn 0.1528 0.9684 0.1974
vn 0.3453 0.8152 0.4650
vn 0.5417 -0.0000 0.8406
vn 0.3453 -0.8152 0.4650
vn 0.1528 -0.9684 0.1974
vn 0.0664 -0.9943 0.0835
vn -0.0000 0.9956 0.0936
vn -0.0000 0.9753 0.2207
vn -0.0000 0.8406 0.5417
vn -0.0000 -0.0000 1.0000
vn -0.0000 -0.8406 0.5417
vn -0.0000 -0.9753 0.2207
vn -0.0000 -0.9956 0.0936
vn -0.0664 0.9943 0.0835
vn -0.1528 0.9684 0.1974
vn -0.3453 0.8152 0.4650
vn -0.5417 -0.0000 0.8406
vn -0.3453 -0.8152 0.4650
vn -0.1528 -0.9684 0.1974
vn -0.0664 -0.9943 0.0835
vn -0.1157 0.9915 0.0602
vn -0.2666 0.9532 0.1428
vn -0.5617 0.7655 0.3140
vn -0.8487 -0.0000 0.5289
vn -0.5617 -0.7655 0.3140
vn -0.2666 -0.9532 0.1428
vn -0.1157 -0.9915 0.0602
vn -0.1451 0.9889 0.0310
vn -0.3342 0.9396 0.0741
vn -0.6711 0.7247 0.1561
vn -0.9692 -0.0000 0.2463
vn -0.6711 -0.7247 0.1561
vn -0.3342 -0.9396 0.0741
vn -0.1451 -0.9889 0.0310
vn -0.1545 0.9880 -0.0000
vn -0.3564 0.9344 -0.0000
vn -0.7048 0.7094 -0.0000
vn -0.7048 -0.7094 -0.0000
vn -0.3564 -0.9344 -0.0000
vn -0.1545 -0.9880 -0.0000
vn -0.1451 0.9889 -0.0310
vn -0.3342 0.9396 -0.0741
vn -0.6711 0.7247 -0.1561
vn -0.9692 -0.0000 -0.2463
vn -0.6711 -0.7247 -0.1561
vn -0.3342 -0.9396 -0.0741
vn -0.1451 -0.9889 -0.0310
vn -0.1157 0.9915 -0.0602
vn -0.2666 0.9532 -0.1428
vn -0.5617 0.7655 -0.3140
vn -0.8487 -0.0000 -0.5289
vn -0.5617 -0.7655 -0.3140
vn -0.2666 -0.9532 -0.1428
vn -0.1157 -0.9915 -0.0602
vn -0.0664 0.9943 -0.0835
vn -0.1528 0.9684 -0.1974
vn -0.3453 0.8152 -0.4650
vn -0.5417 -0.0000 -0.8406
vn -0.3453 -0.8152 -0.4650
vn -0.1528 -0.9684 -0.1974
vn -0.0664 -0.9943 -0.0835
vn -0.0000 0.9956 -0.0936
vn -0.0000 0.9753 -0.2207
vn -0.0000 -0.9753 -0.2207
vn -0.7808 -0.5774 0.2387
vn -0.7808 0.5774 0.2387
vn -0.2387 -0.5774 -0.7808
vn -0.2387 0.5774 -0.7808
vn 0.2387 -0.5774 0.7808
vn 0.2387 0.5774 0.7808
vn 0.7808 -0.5774 -0.2387
vn 0.7808 0.5774 -0.2387
vn -0.2387 -0.5774 0.7808
vn -0.2387 0.5774 0.7808
vn -0.7808 -0.5774 -0.2387
vn -0.7808 0.5774 -0.2387
vn 0.7808 -0.5774 0.2387
vn 0.7808 0.5774 0.2387
vn 0.2387 -0.5774 -0.7808
vn 0.2387 0.5774 -0.7808
vn -0.0000 -0.9115 -0.4114
vn -0.0000 -0.3725 -0.9280
vn -0.0000 0.9115 -0.4114
vn -0.0000 0.3725 -0.9280
vn 0.1271 -0.9115 -0.3912
vn 0.2868 -0.3725 -0.8826
vn 0.1271 0.9115 -0.3912
vn 0.2868 0.3725 -0.8826
vn 0.2418 -0.9115 -0.3328
vn 0.5455 -0.3725 -0.7508
vn 0.2418 0.9115 -0.3328
vn 0.5455 0.3725 -0.7508
vn 0.3328 -0.9115 -0.2418
vn 0.7508 -0.3725 -0.5455
vn 0.3328 0.9115 -0.2418
vn 0.7508 0.3725 -0.5455
vn 0.3912 -0.9115 -0.1271
vn 0.8826 -0.3725 -0.2868
vn 0.3912 0.9115 -0.1271
vn 0.8826 0.3725 -0.2868
vn 0.4114 -0.9115 -0.0000
vn 0.9280 -0.3725 -0.0000
vn 0.4114 0.9115 -0.0000
vn 0.9280 0.3725 -0.0000
vn 0.3912 -0.9115 0.1271
vn 0.8826 -0.3725 0.2868
vn 0.3912 0.9115 0.1271
vn 0.8826 0.3725 0.2868
vn 0.3328 -0.9115 0.2418
vn 0.7508 -0.3725 0.5455
vn 0.3328 0.9115 0.2418
vn 0.7508 0.3725 0.5455
vn 0.2418 -0.9115 0.3328
vn 0.5455 -0.3725 0.7508
vn 0.2418 0.9115 0.3328
vn 0.5455 0.3725 0.7508
vn 0.1271 -0.9115 0.3912
vn 0.2868 -0.3725 0.8826
vn 0.1271 0.9115 0.3912
vn 0.2868 0.3725 0.8826
vn -0.0000 -0.9115 0.4114
vn -0.0000 -0.3725 0.9280
vn -0.0000 0.9115 0.4114
vn -0.0000 0.3725 0.9280
vn -0.1271 -0.9115 0.3912
vn -0.2868 -0.3725 0.8826
vn -0.1271 0.9115 0.3912
vn -0.2868 0.3725 0.8826
vn -0.2418 -0.9115 0.3328
vn -0.5455 -0.3725 0.7508
vn -0.2418 0.9115 0.3328
vn -0.5455 0.3725 0.7508
vn -0.3328 -0.9115 0.2418
vn -0.7508 -0.3725 0.5455
vn -0.3328 0.9115 0.2418
vn -0.7508 0.3725 0.5455
vn -0.3912 -0.9115 0.1271
vn -0.8826 -0.3725 0.2868
vn -0.3912 0.9115 0.1271
vn -0.8826 0.3725 0.2868
vn -0.4114 -0.9115 -0.0000
vn -0.9280 -0.3725 -0.0000
vn -0.4114 0.9115 -0.0000
vn -0.9280 0.3725 -0.0000
vn -0.3912 -0.9115 -0.1271
vn -0.8826 -0.3725 -0.2868
vn -0.3912 0.9115 -0.1271
vn -0.8826 0.3725 -0.2868
vn -0.3328 -0.9115 -0.2418
vn -0.7508 -0.3725 -0.5455
vn -0.3328 0.9115 -0.2418
vn -0.7508 0.3725 -0.5455
vn -0.2418 -0.9115 -0.3328
vn -0.5455 -0.3725 -0.7508
vn -0.2418 0.9115 -0.3328
vn -0.5455 0.3725 -0.7508
vn -0.1271 -0.9115 -0.3912
vn -0.2868 -0.3725 -0.8826
vn -0.1271 0.9115 -0.3912
vn -0.2868 0.3725 -0.8826
vn 0.5299 0.8480 -0.0000
vn -0.4675 0.8840 -0.0000
vn -0.4675 -0.8840 -0.0000
vn 0.5299 -0.8480 -0.0000
vn 0.9659 -0.0000 -0.2588
vn 0.5119 0.8480 -0.1372
vn -0.4516 0.8840 0.1210
vn -0.9659 -0.0000 0.2588
vn -0.4516 -0.8840 0.1210
vn 0.5119 -0.8480 -0.1372
vn 0.8660 -0.0000 -0.5000
vn 0.4589 0.8480 -0.2650
vn -0.4049 0.8840 0.2337
vn -0.8660 -0.0000 0.5000
vn -0.4049 -0.8840 0.2337
vn 0.4589 -0.8480 -0.2650
vn 0.7071 -0.0000 -0.7071
vn 0.3747 0.8480 -0.3747
vn -0.3306 0.8840 0.3306
vn -0.7071 -0.0000 0.7071
vn -0.3306 -0.8840 0.3306
vn 0.3747 -0.8480 -0.3747
vn 0.5000 -0.0000 -0.8660
vn 0.2650 0.8480 -0.4589
vn -0.2337 0.8840 0.4049
vn -0.5000 -0.0000 0.8660
vn -0.2337 -0.8840 0.4049
vn 0.2650 -0.8480 -0.4589
vn 0.2588 -0.0000 -0.9659
vn 0.1372 0.8480 -0.5119
vn -0.1210 0.8840 0.4516
vn -0.2588 -0.0000 0.9659
vn -0.1210 -0.8840 0.4516
vn 0.1372 -0.8480 -0.5119
vn -0.0000 0.8480 -0.5299
vn -0.0000 0.8840 0.4675
vn -0.0000 -0.8840 0.4675
vn -0.0000 -0.8480 -0.5299
vn -0.2588 -0.0000 -0.9659
vn -0.1372 0.8480 -0.5119
vn 0.1210 0.8840 0.4516
vn 0.2588 -0.0000 0.9659
vn 0.1210 -0.8840 0.4516
vn -0.1372 -0.8480 -0.5119
vn -0.5000 -0.0000 -0.8660
vn -0.2650 0.8480 -0.4589
vn 0.2337 0.8840 0.4049
vn 0.5000 -0.0000 0.8660
vn 0.2337 -0.8840 0.4049
vn -0.2650 -0.8480 -0.4589
vn -0.7071 -0.0000 -0.7071
vn -0.3747 0.8480 -0.3747
vn 0.3306 0.8840 0.3306
vn 0.7071 -0.0000 0.7071
vn 0.3306 -0.8840 0.3306
vn -0.3747 -0.8480 -0.3747
vn -0.8660 -0.0000 -0.5000
vn -0.4589 0.8480 -0.2650
vn 0.4049 0.8840 0.2337
vn 0.8660 -0.0000 0.5000
vn 0.4049 -0.8840 0.2337
vn -0.4589 -0.8480 -0.2650
vn -0.9659 -0.0000 -0.2588
vn -0.5119 0.8480 -0.1372
vn 0.4516 0.8840 0.1210
vn 0.9659 -0.0000 0.2588
vn 0.4516 -0.8840 0.1210
vn -0.5119 -0.8480 -0.1372
vn -0.5299 0.8480 -0.0000
vn 0.4675 0.8840 -0.0000
vn 0.4675 -0.8840 -0.0000
vn -0.5299 -0.8480 -0.0000
vn -0.5119 0.8480 0.1372
vn 0.4516 0.8840 -0.1210
vn 0.4516 -0.8840 -0.1210
vn -0.5119 -0.8480 0.1372
vn -0.4589 0.8480 0.2650
vn 0.4049 0.8840 -0.2337
vn 0.4049 -0.8840 -0.2337
vn -0.4589 -0.8480 0.2650
vn -0.3747 0.8480 0.3747
vn 0.3306 0.8840 -0.3306
vn 0.3306 -0.8840 -0.3306
vn -0.3747 -0.8480 0.3747
vn -0.2650 0.8480 0.4589
vn 0.2337 0.8840 -0.4049
vn 0.2337 -0.8840 -0.4049
vn -0.2650 -0.8480 0.4589
vn -0.1372 0.8480 0.5119
vn 0.1210 0.8840 -0.4516
vn 0.1210 -0.8840 -0.4516
vn -0.1372 -0.8480 0.5119
vn -0.0000 0.8480 0.5299
vn -0.0000 0.8840 -0.4675
vn -0.0000 -0.8840 -0.4675
vn -0.0000 -0.8480 0.5299
vn 0.1372 0.8480 0.5119
vn -0.1210 0.8840 -0.4516
vn -0.1210 -0.8840 -0.4516
vn 0.1372 -0.8480 0.5119
vn 0.2650 0.8480 0.4590
vn -0.2337 0.8840 -0.4049
vn -0.2337 -0.8840 -0.4049
vn 0.2650 -0.8480 0.4590
vn 0.3747 0.8480 0.3747
vn -0.3306 0.8840 -0.3306
vn -0.3306 -0.8840 -0.3306
vn 0.3747 -0.8480 0.3747
vn 0.4589 0.8480 0.2650
vn -0.4049 0.8840 -0.2337
vn -0.4049 -0.8840 -0.2337
vn 0.4589 -0.8480 0.2650
vn 0.5119 0.8480 0.1372
vn -0.4516 0.8840 -0.1210
vn -0.4516 -0.8840 -0.1210
vn 0.5119 -0.8480 0.1372
vn -0.2650 0.8480 -0.4590
vn -0.2650 0.8480 0.4590
vn -0.2650 -0.8480 0.4590
vn 0.2650 0.8480 0.4589
vn 0.2650 -0.8480 0.4589
vn -0.0000 -0.6789 -0.7342
vn -0.0000 0.6789 -0.7342
vn 0.1900 -0.6789 -0.7092
vn 0.1900 0.6789 -0.7092
vn 0.3671 -0.6789 -0.6359
vn 0.3671 0.6789 -0.6359
vn 0.5192 -0.6789 -0.5192
vn 0.5192 0.6789 -0.5192
vn 0.6359 -0.6789 -0.3671
vn 0.6359 0.6789 -0.3671
vn 0.7092 -0.6789 -0.1900
vn 0.7092 0.6789 -0.1900
vn 0.7342 -0.6789 -0.0000
vn 0.7342 0.6789 -0.0000
vn 0.7092 -0.6789 0.1900
vn 0.7092 0.6789 0.1900
vn 0.6359 -0.6789 0.3671
vn 0.6359 0.6789 0.3671
vn 0.5192 -0.6789 0.5192
vn 0.5192 0.6789 0.5192
vn 0.3671 -0.6789 0.6359
vn 0.3671 0.6789 0.6359
vn 0.1900 -0.6789 0.7092
vn 0.1900 0.6789 0.7092
vn -0.0000 -0.6789 0.7342
vn -0.0000 0.6789 0.7342
vn -0.1900 -0.6789 0.7092
vn -0.1900 0.6789 0.7092
vn -0.3671 -0.6789 0.6359
vn -0.3671 0.6789 0.6359
vn -0.5192 -0.6789 0.5192
vn -0.5192 0.6789 0.5192
vn -0.6359 -0.6789 0.3671
vn -0.6359 0.6789 0.3671
vn -0.7092 -0.6789 0.1900
vn -0.7092 0.6789 0.1900
vn -0.7342 -0.6789 -0.0000
vn -0.7342 0.6789 -0.0000
vn -0.7092 -0.6789 -0.1900
vn -0.7092 0.6789 -0.1900
vn -0.6359 -0.6789 -0.3671
vn -0.6359 0.6789 -0.3671
vn -0.5192 -0.6789 -0.5192
vn -0.5192 0.6789 -0.5192
vn -0.3671 -0.6789 -0.6359
vn -0.3671 0.6789 -0.6359
vn -0.1900 -0.6789 -0.7092
vn -0.1900 0.6789 -0.7092
vn 0.7887 -0.5774 -0.2113
vn 0.7887 0.5774 -0.2113
vn 0.2113 -0.5774 0.7887
vn 0.2113 0.5774 0.7887
vn -0.2113 -0.5774 -0.7887
vn -0.2113 0.5774 -0.7887
vn -0.7887 -0.5774 0.2113
vn -0.7887 0.5774 0.2113
vn 0.2113 -0.5774 -0.7887
vn 0.2113 0.5774 -0.7887
vn 0.7887 -0.5774 0.2113
vn 0.7887 0.5774 0.2113
vn -0.7887 -0.5774 -0.2113
vn -0.7887 0.5774 -0.2113
vn -0.2113 -0.5774 0.7887
vn -0.2113 0.5774 0.7887
vn 0.4590 0.8480 0.2650
vn 0.2650 0.8480 -0.4590
vn 0.2650 -0.8480 -0.4590
vn 0.4590 0.8480 -0.2650
vn 0.4590 -0.8480 0.2650
vn 0.4590 -0.8480 -0.2650
vn -0.0000 0.4114 -0.9115
vn -0.0000 0.9280 -0.3725
vn -0.0000 0.4114 0.9115
vn -0.0000 0.9280 0.3725
vn 0.1271 0.3912 -0.9115
vn 0.2868 0.8826 -0.3725
vn 0.1271 0.3912 0.9115
vn 0.2868 0.8826 0.3725
vn 0.2418 0.3328 -0.9115
vn 0.5455 0.7508 -0.3725
vn 0.2418 0.3328 0.9115
vn 0.5455 0.7508 0.3725
vn 0.3328 0.2418 -0.9115
vn 0.7508 0.5455 -0.3725
vn 0.3328 0.2418 0.9115
vn 0.7508 0.5455 0.3725
vn 0.3912 0.1271 -0.9115
vn 0.8826 0.2868 -0.3725
vn 0.3912 0.1271 0.9115
vn 0.8826 0.2868 0.3725
vn 0.4114 -0.0000 -0.9115
vn 0.9280 -0.0000 -0.3725
vn 0.4114 -0.0000 0.9115
vn 0.9280 -0.0000 0.3725
vn 0.3912 -0.1271 -0.9115
vn 0.8826 -0.2868 -0.3725
vn 0.3912 -0.1271 0.9115
vn 0.8826 -0.2868 0.3725
vn 0.3328 -0.2418 -0.9115
vn 0.7508 -0.5455 -0.3725
vn 0.3328 -0.2418 0.9115
vn 0.7508 -0.5455 0.3725
vn 0.2418 -0.3328 -0.9115
vn 0.5455 -0.7508 -0.3725
vn 0.2418 -0.3328 0.9115
vn 0.5455 -0.7508 0.3725
vn 0.1271 -0.3912 -0.9115
vn 0.2868 -0.8826 -0.3725
vn 0.1271 -0.3912 0.9115
vn 0.2868 -0.8826 0.3725
vn -0.0000 -0.4114 -0.9115
vn -0.0000 -0.9280 -0.3725
vn -0.0000 -0.4114 0.9115
vn -0.0000 -0.9280 0.3725
vn -0.1271 -0.3912 -0.9115
vn -0.2868 -0.8826 -0.3725
vn -0.1271 -0.3912 0.9115
vn -0.2868 -0.8826 0.3725
vn -0.2418 -0.3328 -0.9115
vn -0.5455 -0.7508 -0.3725
vn -0.2418 -0.3328 0.9115
vn -0.5455 -0.7508 0.3725
vn -0.3328 -0.2418 -0.9115
vn -0.7508 -0.5455 -0.3725
vn -0.3328 -0.2418 0.9115
vn -0.7508 -0.5455 0.3725
vn -0.3912 -0.1271 -0.9115
vn -0.8826 -0.2868 -0.3725
vn -0.3912 -0.1271 0.9115
vn -0.8826 -0.2868 0.3725
vn -0.4114 -0.0000 -0.9115
vn -0.9280 -0.0000 -0.3725
vn -0.4114 -0.0000 0.9115
vn -0.9280 -0.0000 0.3725
vn -0.3912 0.1271 -0.9115
vn -0.8826 0.2868 -0.3725
vn -0.3912 0.1271 0.9115
vn -0.8826 0.2868 0.3725
vn -0.3328 0.2418 -0.9115
vn -0.7508 0.5455 -0.3725
vn -0.3328 0.2418 0.9115
vn -0.7508 0.5455 0.3725
vn -0.2418 0.3328 -0.9115
vn -0.5455 0.7508 -0.3725
vn -0.2418 0.3328 0.9115
vn -0.5455 0.7508 0.3725
vn -0.1271 0.3912 -0.9115
vn -0.2868 0.8826 -0.3725
vn -0.1271 0.3912 0.9115
vn -0.2868 0.8826 0.3725
vn 0.5299 -0.0000 0.8480
vn -0.4675 -0.0000 0.8840
vn -0.4675 -0.0000 -0.8840
vn 0.5299 -0.0000 -0.8480
vn 0.9659 0.2588 -0.0000
vn 0.5119 0.1372 0.8480
vn -0.4516 -0.1210 0.8840
vn -0.9659 -0.2588 -0.0000
vn -0.4516 -0.1210 -0.8840
vn 0.5119 0.1372 -0.8480
vn 0.8660 0.5000 -0.0000
vn 0.4589 0.2650 0.8480
vn -0.4049 -0.2337 0.8840
vn -0.8660 -0.5000 -0.0000
vn -0.4049 -0.2337 -0.8840
vn 0.4589 0.2650 -0.8480
vn 0.7071 0.7071 -0.0000
vn 0.3747 0.3747 0.8480
vn -0.3306 -0.3306 0.8840
vn -0.7071 -0.7071 -0.0000
vn -0.3306 -0.3306 -0.8840
vn 0.3747 0.3747 -0.8480
vn 0.5000 0.8660 -0.0000
vn 0.2650 0.4590 0.8480
vn -0.2337 -0.4049 0.8840
vn -0.5000 -0.8660 -0.0000
vn -0.2337 -0.4049 -0.8840
vn 0.2650 0.4589 -0.8480
vn 0.2588 0.9659 -0.0000
vn 0.1372 0.5119 0.8480
vn -0.1210 -0.4516 0.8840
vn -0.2588 -0.9659 -0.0000
vn -0.1210 -0.4516 -0.8840
vn 0.1372 0.5119 -0.8480
vn -0.0000 0.5299 0.8480
vn -0.0000 -0.4675 0.8840
vn -0.0000 -0.4675 -0.8840
vn -0.0000 0.5299 -0.8480
vn -0.2588 0.9659 -0.0000
vn -0.1372 0.5119 0.8480
vn 0.1210 -0.4516 0.8840
vn 0.2588 -0.9659 -0.0000
vn 0.1210 -0.4516 -0.8840
vn -0.1372 0.5119 -0.8480
vn -0.5000 0.8660 -0.0000
vn -0.2650 0.4589 0.8480
vn 0.2337 -0.4049 0.8840
vn 0.5000 -0.8660 -0.0000
vn 0.2337 -0.4049 -0.8840
vn -0.2650 0.4589 -0.8480
vn -0.7071 0.7071 -0.0000
vn -0.3747 0.3747 0.8480
vn 0.3306 -0.3306 0.8840
vn 0.7071 -0.7071 -0.0000
vn 0.3306 -0.3306 -0.8840
vn -0.3747 0.3747 -0.8480
vn -0.8660 0.5000 -0.0000
vn -0.4589 0.2650 0.8480
vn 0.4049 -0.2337 0.8840
vn 0.8660 -0.5000 -0.0000
vn 0.4049 -0.2337 -0.8840
vn -0.4589 0.2650 -0.8480
vn -0.9659 0.2588 -0.0000
vn -0.5119 0.1372 0.8480
vn 0.4516 -0.1210 0.8840
vn 0.9659 -0.2588 -0.0000
vn 0.4516 -0.1210 -0.8840
vn -0.5119 0.1372 -0.8480
vn -0.5299 -0.0000 0.8480
vn 0.4675 -0.0000 0.8840
vn 0.4675 -0.0000 -0.8840
vn -0.5299 -0.0000 -0.8480
vn -0.5119 -0.1372 0.8480
vn 0.4516 0.1210 0.8840
vn 0.4516 0.1210 -0.8840
vn -0.5119 -0.1372 -0.8480
vn -0.4589 -0.2650 0.8480
vn 0.4049 0.2337 0.8840
vn 0.4049 0.2337 -0.8840
vn -0.4589 -0.2650 -0.8480
vn -0.3747 -0.3747 0.8480
vn 0.3306 0.3306 0.8840
vn 0.3306 0.3306 -0.8840
vn -0.3747 -0.3747 -0.8480
vn -0.2650 -0.4589 0.8480
vn 0.2337 0.4049 0.8840
vn 0.2337 0.4049 -0.8840
vn -0.2650 -0.4589 -0.8480
vn -0.1372 -0.5119 0.8480
vn 0.1210 0.4516 0.8840
vn 0.1210 0.4516 -0.8840
vn -0.1372 -0.5119 -0.8480
vn -0.0000 -0.5299 0.8480
vn -0.0000 0.4675 0.8840
vn -0.0000 0.4675 -0.8840
vn -0.0000 -0.5299 -0.8480
vn 0.1372 -0.5119 0.8480
vn -0.1210 0.4516 0.8840
vn -0.1210 0.4516 -0.8840
vn 0.1372 -0.5119 -0.8480
vn 0.2650 -0.4589 0.8480
vn -0.2337 0.4049 0.8840
vn -0.2337 0.4049 -0.8840
vn 0.2650 -0.4589 -0.8480
vn 0.3747 -0.3747 0.8480
vn -0.3306 0.3306 0.8840
vn -0.3306 0.3306 -0.8840
vn 0.3747 -0.3747 -0.8480
vn 0.4589 -0.2650 0.8480
vn -0.4049 0.2337 0.8840
vn -0.4049 0.2337 -0.8840
vn 0.4589 -0.2650 -0.8480
vn 0.5119 -0.1372 0.8480
vn -0.4516 0.1210 0.8840
vn -0.4516 0.1210 -0.8840
vn 0.5119 -0.1372 -0.8480
vn 0.2650 0.4589 0.8480
vn -0.0000 -0.5300 0.8480
vn 0.2650 -0.4590 -0.8480
vn -0.0000 0.8010 -0.5986
vn -0.0000 0.6690 0.7433
vn 0.2475 0.7618 -0.5986
vn 0.2067 0.6362 0.7433
vn 0.4708 0.6480 -0.5986
vn 0.3932 0.5412 0.7433
vn 0.6480 0.4708 -0.5986
vn 0.5412 0.3932 0.7433
vn 0.7618 0.2475 -0.5986
vn 0.6362 0.2067 0.7433
vn 0.8010 -0.0000 -0.5986
vn 0.6690 -0.0000 0.7433
vn 0.7618 -0.2475 -0.5986
vn 0.6362 -0.2067 0.7433
vn 0.6480 -0.4708 -0.5986
vn 0.5412 -0.3932 0.7433
vn 0.4708 -0.6480 -0.5986
vn 0.3932 -0.5412 0.7433
vn 0.2475 -0.7618 -0.5986
vn 0.2067 -0.6362 0.7433
vn -0.0000 -0.8010 -0.5986
vn -0.0000 -0.6690 0.7433
vn -0.2475 -0.7618 -0.5986
vn -0.2067 -0.6362 0.7433
vn -0.4708 -0.6480 -0.5986
vn -0.3932 -0.5412 0.7433
vn -0.6480 -0.4708 -0.5986
vn -0.5412 -0.3932 0.7433
vn -0.7618 -0.2475 -0.5986
vn -0.6362 -0.2067 0.7433
vn -0.8010 -0.0000 -0.5986
vn -0.6690 -0.0000 0.7433
vn -0.7618 0.2475 -0.5986
vn -0.6362 0.2067 0.7433
vn -0.6480 0.4708 -0.5986
vn -0.5412 0.3932 0.7433
vn -0.4708 0.6480 -0.5986
vn -0.3932 0.5412 0.7433
vn -0.2475 0.7618 -0.5986
vn -0.2067 0.6362 0.7433
vn -0.0000 0.7392 -0.6735
vn -0.0000 0.7392 0.6735
vn 0.2284 0.7030 -0.6735
vn 0.2284 0.7030 0.6735
vn 0.4345 0.5980 -0.6735
vn 0.4345 0.5980 0.6735
vn 0.5980 0.4345 -0.6735
vn 0.5980 0.4345 0.6735
vn 0.7030 0.2284 -0.6735
vn 0.7030 0.2284 0.6735
vn 0.7392 -0.0000 -0.6735
vn 0.7392 -0.0000 0.6735
vn 0.7030 -0.2284 -0.6735
vn 0.7030 -0.2284 0.6735
vn 0.5980 -0.4345 -0.6735
vn 0.5980 -0.4345 0.6735
vn 0.4345 -0.5980 -0.6735
vn 0.4345 -0.5980 0.6735
vn 0.2284 -0.7030 -0.6735
vn 0.2284 -0.7030 0.6735
vn -0.0000 -0.7392 -0.6735
vn -0.0000 -0.7392 0.6735
vn -0.2284 -0.7030 -0.6735
vn -0.2284 -0.7030 0.6735
vn -0.4345 -0.5980 -0.6735
vn -0.4345 -0.5980 0.6735
vn -0.5980 -0.4345 -0.6735
vn -0.5980 -0.4345 0.6735
vn -0.7030 -0.2284 -0.6735
vn -0.7030 -0.2284 0.6735
vn -0.7392 -0.0000 -0.6735
vn -0.7392 -0.0000 0.6735
vn -0.7030 0.2284 -0.6735
vn -0.7030 0.2284 0.6735
vn -0.5980 0.4345 -0.6735
vn -0.5980 0.4345 0.6735
vn -0.4345 0.5980 -0.6735
vn -0.4345 0.5980 0.6735
vn -0.2284 0.7030 -0.6735
vn -0.2284 0.7030 0.6735
vn 0.5300 -0.0000 0.8480
vn 0.5300 -0.0000 -0.8480
vn 0.4590 0.2650 -0.8480
vn -0.0000 0.5300 0.8480
vn -0.0000 0.5300 -0.8480
vn -0.2650 0.4590 0.8480
vn -0.2650 0.4590 -0.8480
vn -0.4590 0.2650 0.8480
vn -0.4590 0.2650 -0.8480
vn -0.4590 -0.2650 0.8480
vn -0.4590 -0.2650 -0.8480
vn -0.2650 -0.4590 0.8480
vn -0.2650 -0.4590 -0.8480
vn -0.0000 -0.5300 -0.8480
vn 0.2650 -0.4590 0.8480
vn 0.4590 -0.2650 0.8480
vn 0.4590 -0.2650 -0.8480
vn 0.2650 0.4590 -0.8480
vn 0.4590 0.2650 0.8480
vn -0.5300 -0.0000 0.8480
vn -0.5300 -0.0000 -0.8480
vn -0.1991 -0.7060 0.6796
vn -0.3467 -0.0119 0.9379
vn -0.8221 -0.3437 0.4539
vn -0.4754 0.5937 0.6492
vn -0.5291 0.8464 -0.0605
vn -0.9508 0.2620 0.1652
vn -0.1391 -0.9884 0.0605
vn -0.7621 -0.6261 -0.1652
vn -0.1928 -0.7358 -0.6492
vn -0.4691 0.5640 -0.6796
vn -0.3216 -0.1302 -0.9379
vn -0.8908 -0.0204 -0.4539
vn 0.4691 -0.5640 0.6796
vn 0.8908 0.0204 0.4539
vn 0.3216 0.1302 0.9379
vn 0.1391 0.9884 -0.0605
vn 0.1928 0.7358 0.6492
vn 0.7621 0.6261 0.1652
vn 0.5291 -0.8464 0.0605
vn 0.4754 -0.5937 -0.6492
vn 0.9508 -0.2620 -0.1652
vn 0.1991 0.7060 -0.6796
vn 0.8221 0.3437 -0.4539
vn 0.3467 0.0119 -0.9379
vn -0.5067 -0.3932 0.7673
vn -0.7243 0.6305 0.2793
vn -0.4052 -0.8705 -0.2793
vn -0.6228 0.1531 -0.7673
vn 0.6228 -0.1531 0.7673
vn 0.4052 0.8705 0.2793
vn 0.7243 -0.6305 -0.2793
vn 0.5067 0.3932 -0.7673
vn -0.2727 -0.8195 0.5040
vn -0.0139 0.6247 0.7807
vn -0.5692 0.6380 0.5185
vn 0.0763 0.9421 0.3265
vn -0.0518 0.9146 0.4010
vn -0.2007 0.9549 0.2190
vn -0.5614 -0.8195 -0.1151
vn -0.7631 0.6380 0.1027
vn -0.6070 0.6247 -0.4912
vn -0.3405 0.9146 -0.2181
vn -0.2011 0.9421 -0.2683
vn -0.2968 0.9549 0.0130
vn 0.3405 -0.9146 0.2181
vn 0.7946 0.6062 -0.0347
vn 0.4740 0.6127 0.6324
vn 0.5614 0.8195 0.1151
vn 0.2895 0.9280 0.2343
vn 0.3999 0.9150 -0.0538
vn 0.0518 -0.9146 -0.4010
vn -0.1798 0.6127 -0.7696
vn 0.5374 0.6062 -0.5864
vn 0.2726 0.8195 -0.5040
vn 0.2983 0.9150 -0.2718
vn 0.0066 0.9280 -0.3724
vn -0.3470 -0.4914 0.7988
vn -0.2013 0.6521 0.7309
vn -0.8350 -0.4914 -0.2477
vn -0.6893 0.6521 -0.3156
vn 0.6893 -0.6521 0.3156
vn 0.8350 0.4914 0.2477
vn 0.2013 -0.6521 -0.7309
vn 0.3470 0.4914 -0.7988
vn -0.4691 -0.5640 0.6796
vn -0.3216 0.1302 0.9379
vn -0.8908 0.0204 0.4539
vn -0.1928 0.7358 0.6492
vn -0.1391 0.9884 -0.0605
vn -0.7621 0.6261 0.1652
vn -0.5291 -0.8464 0.0605
vn -0.9508 -0.2620 -0.1652
vn -0.4754 -0.5937 -0.6492
vn -0.1991 0.7060 -0.6796
vn -0.3467 0.0119 -0.9379
vn -0.8221 0.3437 -0.4539
vn 0.1991 -0.7060 0.6796
vn 0.8221 -0.3437 0.4539
vn 0.3467 -0.0119 0.9379
vn 0.5291 0.8464 -0.0605
vn 0.4754 0.5937 0.6492
vn 0.9508 0.2620 0.1652
vn 0.1391 -0.9884 0.0605
vn 0.1928 -0.7358 -0.6492
vn 0.7621 -0.6261 -0.1652
vn 0.4691 0.5640 -0.6796
vn 0.8908 -0.0204 -0.4539
vn 0.3216 -0.1302 -0.9379
vn -0.6228 -0.1531 0.7673
vn -0.4052 0.8705 0.2793
vn -0.7243 -0.6305 -0.2793
vn -0.5067 0.3932 -0.7673
vn 0.5067 -0.3932 0.7673
vn 0.7243 0.6304 0.2793
vn 0.4052 -0.8705 -0.2793
vn 0.6228 0.1531 -0.7673
vn -0.3405 -0.9146 0.2181
vn -0.4740 0.6127 0.6324
vn -0.7946 0.6062 -0.0347
vn -0.2895 0.9280 0.2343
vn -0.5614 0.8195 0.1151
vn -0.3999 0.9150 -0.0538
vn -0.0518 -0.9146 -0.4010
vn -0.5374 0.6062 -0.5864
vn 0.1798 0.6127 -0.7696
vn -0.2726 0.8195 -0.5040
vn -0.0066 0.9280 -0.3724
vn -0.2983 0.9150 -0.2718
vn 0.2727 -0.8195 0.5040
vn 0.5692 0.6380 0.5185
vn 0.0139 0.6247 0.7807
vn 0.0518 0.9146 0.4010
vn -0.0763 0.9421 0.3265
vn 0.2007 0.9549 0.2190
vn 0.5614 -0.8195 -0.1151
vn 0.6070 0.6247 -0.4912
vn 0.7631 0.6380 0.1027
vn 0.3405 0.9146 -0.2181
vn 0.2968 0.9549 0.0130
vn 0.2011 0.9421 -0.2683
vn -0.6893 -0.6521 0.3156
vn -0.8350 0.4914 0.2477
vn -0.2013 -0.6521 -0.7309
vn -0.3470 0.4914 -0.7988
vn 0.3470 -0.4914 0.7988
vn 0.2013 0.6521 0.7309
vn 0.8350 -0.4914 -0.2477
vn 0.6893 0.6521 -0.3156
vn -0.3416 -0.8351 0.4312
vn -0.3416 -0.2482 0.9065
vn -0.8756 -0.3040 0.3754
vn -0.3416 0.4312 0.8351
vn -0.3416 0.9065 0.2482
vn -0.8756 0.3754 0.3040
vn -0.3416 -0.9065 -0.2482
vn -0.8756 -0.3754 -0.3040
vn -0.3416 -0.4312 -0.8351
vn -0.3416 0.8351 -0.4312
vn -0.3416 0.2482 -0.9065
vn -0.8756 0.3040 -0.3754
vn 0.3416 -0.8351 0.4312
vn 0.8756 -0.3040 0.3754
vn 0.3416 -0.2482 0.9065
vn 0.3416 0.9065 0.2482
vn 0.3416 0.4312 0.8351
vn 0.8756 0.3754 0.3040
vn 0.3416 -0.9065 -0.2482
vn 0.3416 -0.4312 -0.8351
vn 0.8756 -0.3754 -0.3040
vn 0.3416 0.8351 -0.4312
vn 0.8756 0.3040 -0.3754
vn 0.3416 0.2482 -0.9065
vn -0.5774 -0.5138 0.6345
vn -0.5773 0.6345 0.5138
vn -0.5773 -0.6345 -0.5138
vn -0.5774 0.5138 -0.6345
vn 0.5774 -0.5138 0.6345
vn 0.5773 0.6345 0.5138
vn 0.5773 -0.6345 -0.5138
vn 0.5774 0.5138 -0.6345
vn -0.5773 -0.5138 0.6345
vn -0.5774 0.6345 0.5138
vn -0.5774 -0.6345 -0.5138
vn -0.5773 0.5138 -0.6345
vn 0.5773 -0.5138 0.6345
vn 0.5774 0.6345 0.5138
vn 0.5774 -0.6345 -0.5138
vn 0.5773 0.5138 -0.6345
vn -0.3416 -0.7573 0.5566
vn -0.3416 -0.1033 0.9342
vn -0.8756 -0.2415 0.4184
vn -0.3416 0.5566 0.7573
vn -0.3416 0.9342 0.1033
vn -0.8756 0.4184 0.2415
vn -0.3416 -0.9342 -0.1033
vn -0.8756 -0.4184 -0.2415
vn -0.3416 -0.5566 -0.7573
vn -0.3416 0.7573 -0.5566
vn -0.3416 0.1033 -0.9342
vn -0.8756 0.2415 -0.4184
vn 0.3416 -0.7573 0.5566
vn 0.8756 -0.2415 0.4184
vn 0.3416 -0.1033 0.9342
vn 0.3416 0.9342 0.1033
vn 0.3416 0.5566 0.7573
vn 0.8756 0.4184 0.2415
vn 0.3416 -0.9342 -0.1033
vn 0.3416 -0.5566 -0.7573
vn 0.8756 -0.4184 -0.2415
vn 0.3416 0.7573 -0.5566
vn 0.8756 0.2415 -0.4184
vn 0.3416 0.1033 -0.9342
vt 0.062500 0.937500
vt 0.187500 0.937500
vt 0.437500 0.937500
vt 0.562500 0.937500
vt 0.812500 0.937500
vt 0.937500 0.937500
vt 0.312500 0.937500
vt 0.687500 0.937500
s 1
usemtl QuasarBoard
f 1/1/1 21/1/21 22/1/22 2/1/2
f 2/1/2 22/1/22 23/1/23 3/1/3
f 3/1/3 23/1/23 24/1/24 4/1/4
f 4/1/4 24/1/24 25/1/25 5/1/5
f 5/1/5 25/1/25 26/1/26 6/1/6
f 6/1/6 26/1/26 27/1/27 7/1/7
f 7/1/7 27/1/27 28/1/28 8/1/8
f 8/1/8 28/1/28 29/1/29 9/1/9
f 9/1/9 29/1/29 30/1/30 10/1/10
f 10/1/10 30/1/30 31/1/31 11/1/11
f 11/1/11 31/1/31 32/1/32 12/1/12
f 12/1/12 32/1/32 33/1/33 13/1/13
f 13/1/13 33/1/33 34/1/34 14/1/14
f 14/1/14 34/1/34 35/1/35 15/1/15
f 15/1/15 35/1/35 36/1/36 16/1/16
f 16/1/16 36/1/36 37/1/37 17/1/17
f 17/1/17 37/1/37 38/1/38 18/1/18
f 18/1/18 38/1/38 39/1/39 19/1/19
f 19/1/19 39/1/39 40/1/40 20/1/20
f 20/1/20 40/1/40 21/1/21 1/1/1
f 21/1/21 41/1/41 42/1/42 22/1/22
f 22/1/22 42/1/42 43/1/43 23/1/23
f 23/1/23 43/1/43 44/1/44 24/1/24
f 24/1/24 44/1/44 45/1/45 25/1/25
f 25/1/25 45/1/45 46/1/46 26/1/26
f 26/1/26 46/1/46 47/1/47 27/1/27
f 27/1/27 47/1/47 48/1/48 28/1/28
f 28/1/28 48/1/48 49/1/49 29/1/29
f 29/1/29 49/1/49 50/1/50 30/1/30
f 30/1/30 50/1/50 51/1/51 31/1/31
f 31/1/31 51/1/51 52/1/52 32/1/32
f 32/1/32 52/1/52 53/1/53 33/1/33
f 33/1/33 53/1/53 54/1/54 34/1/34
f 34/1/34 54/1/54 55/1/55 35/1/35
f 35/1/35 55/1/55 56/1/56 36/1/36
f 36/1/36 56/1/56 57/1/57 37/1/37
f 37/1/37 57/1/57 58/1/58 38/1/38
f 38/1/38 58/1/58 59/1/59 39/1/39
f 39/1/39 59/1/59 60/1/60 40/1/40
f 40/1/40 60/1/60 41/1/41 21/1/21
f 41/1/41 61/1/61 62/1/62 42/1/42
f 42/1/42 62/1/62 63/1/63 43/1/43
f 43/1/43 63/1/63 64/1/64 44/1/44
f 44/1/44 64/1/64 65/1/65 45/1/45
f 45/1/45 65/1/65 66/1/66 46/1/46
f 46/1/46 66/1/66 67/1/67 47/1/47
f 47/1/47 67/1/67 68/1/68 48/1/48
f 48/1/48 68/1/68 69/1/69 49/1/49
f 49/1/49 69/1/69 70/1/70 50/1/50
f 50/1/50 70/1/70 71/1/71 51/1/51
f 51/1/51 71/1/71 72/1/72 52/1/52
f 52/1/52 72/1/72 73/1/73 53/1/53
f 53/1/53 73/1/73 74/1/74 54/1/54
f 54/1/54 74/1/74 75/1/75 55/1/55
f 55/1/55 75/1/75 76/1/76 56/1/56
f 56/1/56 76/1/76 77/1/77 57/1/57
f 57/1/57 77/1/77 78/1/78 58/1/58
f 58/1/58 78/1/78 79/1/79 59/1/59
f 59/1/59 79/1/79 80/1/80 60/1/60
f 60/1/60 80/1/80 61/1/61 41/1/41
f 61/1/61 81/1/81 82/1/82 62/1/62
f 62/1/62 82/1/82 83/1/83 63/1/63
f 63/1/63 83/1/83 84/1/84 64/1/64
f 64/1/64 84/1/84 85/1/85 65/1/65
f 65/1/65 85/1/85 86/1/86 66/1/66
f 66/1/66 86/1/86 87/1/87 67/1/67
f 67/1/67 87/1/87 88/1/88 68/1/68
f 68/1/68 88/1/88 89/1/89 69/1/69
f 69/1/69 89/1/89 90/1/90 70/1/70
f 70/1/70 90/1/90 91/1/91 71/1/71
f 71/1/71 91/1/91 92/1/92 72/1/72
f 72/1/72 92/1/92 93/1/93 73/1/73
f 73/1/73 93/1/93 94/1/94 74/1/74
f 74/1/74 94/1/94 95/1/95 75/1/75
f 75/1/75 95/1/95 96/1/96 76/1/76
f 76/1/76 96/1/96 97/1/97 77/1/77
f 77/1/77 97/1/97 98/1/98 78/1/78
f 78/1/78 98/1/98 99/1/99 79/1/79
f 79/1/79 99/1/99 100/1/100 80/1/80
f 80/1/80 100/1/100 81/1/81 61/1/61
f 81/1/81 101/1/101 102/1/102 82/1/82
f 82/1/82 102/1/102 103/1/103 83/1/83
f 83/1/83 103/1/103 104/1/104 84/1/84
f 84/1/84 104/1/104 105/1/105 85/1/85
f 85/1/85 105/1/105 106/1/106 86/1/86
f 86/1/86 106/1/106 107/1/107 87/1/87
f 87/1/87 107/1/107 108/1/108 88/1/88
f 88/1/88 108/1/108 109/1/109 89/1/89
f 89/1/89 109/1/109 110/1/110 90/1/90
f 90/1/90 110/1/110 111/1/111 91/1/91
f 91/1/91 111/1/111 112/1/112 92/1/92
f 92/1/92 112/1/112 113/1/113 93/1/93
f 93/1/93 113/1/113 114/1/114 94/1/94
f 94/1/94 114/1/114 115/1/115 95/1/95
f 95/1/95 115/1/115 116/1/116 96/1/96
f 96/1/96 116/1/116 117/1/117 97/1/97
f 97/1/97 117/1/117 118/1/118 98/1/98
f 98/1/98 118/1/118 119/1/119 99/1/99
f 99/1/99 119/1/119 120/1/120 100/1/100
f 100/1/100 120/1/120 101/1/101 81/1/81
f 101/1/101 121/1/121 122/1/122 102/1/102
f 102/1/102 122/1/122 123/1/123 103/1/103
f 103/1/103 123/1/123 124/1/124 104/1/104
f 104/1/104 124/1/124 125/1/125 105/1/105
f 105/1/105 125/1/125 126/1/126 106/1/106
f 106/1/106 126/1/126 127/1/127 107/1/107
f 107/1/107 127/1/127 128/1/128 108/1/108
f 108/1/108 128/1/128 129/1/129 109/1/109
f 109/1/109 129/1/129 130/1/130 110/1/110
f 110/1/110 130/1/130 131/1/131 111/1/111
f 111/1/111 131/1/131 132/1/132 112/1/112
f 112/1/112 132/1/132 133/1/133 113/1/113
f 113/1/113 133/1/133 134/1/134 114/1/114
f 114/1/114 134/1/134 135/1/135 115/1/115
f 115/1/115 135/1/135 136/1/136 116/1/116
f 116/1/116 136/1/136 137/1/137 117/1/117
f 117/1/117 137/1/137 138/1/138 118/1/118
f 118/1/118 138/1/138 139/1/139 119/1/119
f 119/1/119 139/1/139 140/1/140 120/1/120
f 120/1/120 140/1/140 121/1/121 101/1/101
f 121/1/121 141/1/141 142/1/142 122/1/122
f 122/1/122 142/1/142 143/1/143 123/1/123
f 123/1/123 143/1/143 144/1/144 124/1/124
f 124/1/124 144/1/144 145/1/145 125/1/125
f 125/1/125 145/1/145 146/1/146 126/1/126
f 126/1/126 146/1/146 147/1/147 127/1/127
f 127/1/127 147/1/147 148/1/148 128/1/128
f 128/1/128 148/1/148 149/1/149 129/1/129
f 129/1/129 149/1/149 150/1/150 130/1/130
f 130/1/130 150/1/150 151/1/151 131/1/131
f 131/1/131 151/1/151 152/1/152 132/1/132
f 132/1/132 152/1/152 153/1/153 133/1/133
f 133/1/133 153/1/153 154/1/154 134/1/134
f 134/1/134 154/1/154 155/1/155 135/1/135
f 135/1/135 155/1/155 156/1/156 136/1/136
f 136/1/136 156/1/156 157/1/157 137/1/137
f 137/1/137 157/1/157 158/1/158 138/1/138
f 138/1/138 158/1/158 159/1/159 139/1/139
f 139/1/139 159/1/159 160/1/160 140/1/140
f 140/1/140 160/1/160 141/1/141 121/1/121
f 141/1/141 161/1/161 162/1/162 142/1/142
f 142/1/142 162/1/162 163/1/163 143/1/143
f 143/1/143 163/1/163 164/1/164 144/1/144
f 144/1/144 164/1/164 165/1/165 145/1/145
f 145/1/145 165/1/165 166/1/166 146/1/146
f 146/1/146 166/1/166 167/1/167 147/1/147
f 147/1/147 167/1/167 168/1/168 148/1/148
f 148/1/148 168/1/168 169/1/169 149/1/149
f 149/1/149 169/1/169 170/1/170 150/1/150
f 150/1/150 170/1/170 171/1/171 151/1/151
f 151/1/151 171/1/171 172/1/172 152/1/152
f 152/1/152 172/1/172 173/1/173 153/1/153
f 153/1/153 173/1/173 174/1/174 154/1/154
f 154/1/154 174/1/174 175/1/175 155/1/155
f 155/1/155 175/1/175 176/1/176 156/1/156
f 156/1/156 176/1/176 177/1/177 157/1/157
f 157/1/157 177/1/177 178/1/178 158/1/158
f 158/1/158 178/1/178 179/1/179 159/1/159
f 159/1/159 179/1/179 180/1/180 160/1/160
f 160/1/160 180/1/180 161/1/161 141/1/141
f 161/1/161 181/1/181 182/1/182 162/1/162
f 162/1/162 182/1/182 183/1/183 163/1/163
f 163/1/163 183/1/183 184/1/184 164/1/164
f 164/1/164 184/1/184 185/1/185 165/1/165
f 165/1/165 185/1/185 186/1/186 166/1/166
f 166/1/166 186/1/186 187/1/187 167/1/167
f 167/1/167 187/1/187 188/1/188 168/1/168
f 168/1/168 188/1/188 189/1/189 169/1/169
f 169/1/169 189/1/189 190/1/190 170/1/170
f 170/1/170 190/1/190 191/1/191 171/1/171
f 171/1/171 191/1/191 192/1/192 172/1/172
f 172/1/172 192/1/192 193/1/193 173/1/173
f 173/1/173 193/1/193 194/1/194 174/1/174
f 174/1/174 194/1/194 195/1/195 175/1/175
f 175/1/175 195/1/195 196/1/196 176/1/176
f 176/1/176 196/1/196 197/1/197 177/1/177
f 177/1/177 197/1/197 198/1/198 178/1/178
f 178/1/178 198/1/198 199/1/199 179/1/179
f 179/1/179 199/1/199 200/1/200 180/1/180
f 180/1/180 200/1/200 181/1/181 161/1/161
f 181/1/181 201/1/201 202/1/202 182/1/182
f 182/1/182 202/1/202 203/1/203 183/1/183
f 183/1/183 203/1/203 204/1/204 184/1/184
f 184/1/184 204/1/204 205/1/205 185/1/185
f 185/1/185 205/1/205 206/1/206 186/1/186
f 186/1/186 206/1/206 207/1/207 187/1/187
f 187/1/187 207/1/207 208/1/208 188/1/188
f 188/1/188 208/1/208 209/1/209 189/1/189
f 189/1/189 209/1/209 210/1/210 190/1/190
f 190/1/190 210/1/210 211/1/211 191/1/191
f 191/1/191 211/1/211 212/1/212 192/1/192
f 192/1/192 212/1/212 213/1/213 193/1/193
f 193/1/193 213/1/213 214/1/214 194/1/194
f 194/1/194 214/1/214 215/1/215 195/1/195
f 195/1/195 215/1/215 216/1/216 196/1/196
f 196/1/196 216/1/216 217/1/217 197/1/197
f 197/1/197 217/1/217 218/1/218 198/1/198
f 198/1/198 218/1/218 219/1/219 199/1/199
f 199/1/199 219/1/219 220/1/220 200/1/200
f 200/1/200 220/1/220 201/1/201 181/1/181
f 201/1/201 221/1/221 222/1/222 202/1/202
f 202/1/202 222/1/222 223/1/223 203/1/203
f 203/1/203 223/1/223 224/1/224 204/1/204
f 204/1/204 224/1/224 225/1/225 205/1/205
f 205/1/205 225/1/225 226/1/226 206/1/206
f 206/1/206 226/1/226 227/1/227 207/1/207
f 207/1/207 227/1/227 228/1/228 208/1/208
f 208/1/208 228/1/228 229/1/229 209/1/209
f 209/1/209 229/1/229 230/1/230 210/1/210
f 210/1/210 230/1/230 231/1/231 211/1/211
f 211/1/211 231/1/231 232/1/232 212/1/212
f 212/1/212 232/1/232 233/1/233 213/1/213
f 213/1/213 233/1/233 234/1/234 214/1/214
f 214/1/214 234/1/234 235/1/235 215/1/215
f 215/1/215 235/1/235 236/1/236 216/1/216
f 216/1/216 236/1/236 237/1/237 217/1/217
f 217/1/217 237/1/237 238/1/238 218/1/218
f 218/1/218 238/1/238 239/1/239 219/1/219
f 219/1/219 239/1/239 240/1/240 220/1/220
f 220/1/220 240/1/240 221/1/221 201/1/201
f 221/1/221 241/1/241 242/1/242 222/1/222
f 222/1/222 242/1/242 243/1/243 223/1/223
f 223/1/223 243/1/243 244/1/244 224/1/224
f 224/1/224 244/1/244 245/1/245 225/1/225
f 225/1/225 245/1/245 246/1/246 226/1/226
f 226/1/226 246/1/246 247/1/247 227/1/227
f 227/1/227 247/1/247 248/1/248 228/1/228
f 228/1/228 248/1/248 249/1/249 229/1/229
f 229/1/229 249/1/249 250/1/250 230/1/230
f 230/1/230 250/1/250 251/1/251 231/1/231
f 231/1/231 251/1/251 252/1/252 232/1/232
f 232/1/232 252/1/252 253/1/253 233/1/233
f 233/1/233 253/1/253 254/1/254 234/1/234
f 234/1/234 254/1/254 255/1/255 235/1/235
f 235/1/235 255/1/255 256/1/256 236/1/236
f 236/1/236 256/1/256 257/1/257 237/1/237
f 237/1/237 257/1/257 258/1/258 238/1/238
f 238/1/238 258/1/258 259/1/259 239/1/239
f 239/1/239 259/1/259 260/1/260 240/1/240
f 240/1/240 260/1/260 241/1/241 221/1/221
f 241/1/241 261/1/261 262/1/262 242/1/242
f 242/1/242 262/1/262 263/1/263 243/1/243
f 243/1/243 263/1/263 264/1/264 244/1/244
f 244/1/244 264/1/264 265/1/265 245/1/245
f 245/1/245 265/1/265 266/1/246 246/1/246
f 246/1/246 266/1/246 267/1/266 247/1/247
f 247/1/247 267/1/266 268/1/267 248/1/248
f 248/1/248 268/1/267 269/1/268 249/1/249
f 249/1/249 269/1/268 270/1/269 250/1/250
f 250/1/250 270/1/269 271/1/270 251/1/251
f 251/1/251 271/1/270 272/1/271 252/1/252
f 252/1/252 272/1/271 273/1/272 253/1/253
f 253/1/253 273/1/272 274/1/273 254/1/254
f 254/1/254 274/1/273 275/1/274 255/1/255
f 255/1/255 275/1/274 276/1/256 256/1/256
f 256/1/256 276/1/256 277/1/275 257/1/257
f 257/1/257 277/1/275 278/1/276 258/1/258
f 258/1/258 278/1/276 279/1/277 259/1/259
f 259/1/259 279/1/277 280/1/278 260/1/260
f 260/1/260 280/1/278 261/1/261 241/1/241
f 261/1/261 281/1/279 282/1/280 262/1/262
f 262/1/262 282/1/280 283/1/281 263/1/263
f 263/1/263 283/1/281 284/1/282 264/1/264
f 264/1/264 284/1/282 285/1/283 265/1/265
f 265/1/265 285/1/283 286/1/284 266/1/246
f 266/1/246 286/1/284 287/1/285 267/1/266
f 267/1/266 287/1/285 288/1/286 268/1/267
f 268/1/267 288/1/286 289/1/287 269/1/268
f 269/1/268 289/1/287 290/1/288 270/1/269
f 270/1/269 290/1/288 291/1/289 271/1/270
f 271/1/270 291/1/289 292/1/290 272/1/271
f 272/1/271 292/1/290 293/1/291 273/1/272
f 273/1/272 293/1/291 294/1/292 274/1/273
f 274/1/273 294/1/292 295/1/293 275/1/274
f 275/1/274 295/1/293 296/1/294 276/1/256
f 276/1/256 296/1/294 297/1/295 277/1/275
f 277/1/275 297/1/295 298/1/296 278/1/276
f 278/1/276 298/1/296 299/1/297 279/1/277
f 279/1/277 299/1/297 300/1/298 280/1/278
f 280/1/278 300/1/298 281/1/279 261/1/261
f 281/1/279 301/1/299 302/1/300 282/1/280
f 282/1/280 302/1/300 303/1/301 283/1/281
f 283/1/281 303/1/301 304/1/302 284/1/282
f 284/1/282 304/1/302 305/1/303 285/1/283
f 285/1/283 305/1/303 306/1/284 286/1/284
f 286/1/284 306/1/284 307/1/304 287/1/285
f 287/1/285 307/1/304 308/1/305 288/1/286
f 288/1/286 308/1/305 309/1/306 289/1/287
f 289/1/287 309/1/306 310/1/307 290/1/288
f 290/1/288 310/1/307 311/1/308 291/1/289
f 291/1/289 311/1/308 312/1/309 292/1/290
f 292/1/290 312/1/309 313/1/310 293/1/291
f 293/1/291 313/1/310 314/1/311 294/1/292
f 294/1/292 314/1/311 315/1/312 295/1/293
f 295/1/293 315/1/312 316/1/294 296/1/294
f 296/1/294 316/1/294 317/1/313 297/1/295
f 297/1/295 317/1/313 318/1/314 298/1/296
f 298/1/296 318/1/314 319/1/315 299/1/297
f 299/1/297 319/1/315 320/1/316 300/1/298
f 300/1/298 320/1/316 301/1/299 281/1/279
f 301/1/299 321/1/317 322/1/318 302/1/300
f 302/1/300 322/1/318 323/1/319 303/1/301
f 303/1/301 323/1/319 324/1/320 304/1/302
f 304/1/302 324/1/320 325/1/321 305/1/303
f 305/1/303 325/1/321 326/1/322 306/1/284
f 306/1/284 326/1/322 327/1/323 307/1/304
f 307/1/304 327/1/323 328/1/324 308/1/305
f 308/1/305 328/1/324 329/1/325 309/1/306
f 309/1/306 329/1/325 330/1/326 310/1/307
f 310/1/307 330/1/326 331/1/327 311/1/308
f 311/1/308 331/1/327 332/1/328 312/1/309
f 312/1/309 332/1/328 333/1/329 313/1/310
f 313/1/310 333/1/329 334/1/330 314/1/311
f 314/1/311 334/1/330 335/1/331 315/1/312
f 315/1/312 335/1/331 336/1/332 316/1/294
f 316/1/294 336/1/332 337/1/333 317/1/313
f 317/1/313 337/1/333 338/1/334 318/1/314
f 318/1/314 338/1/334 339/1/335 319/1/315
f 319/1/315 339/1/335 340/1/336 320/1/316
f 320/1/316 340/1/336 321/1/317 301/1/299
f 321/1/317 341/1/337 342/1/338 322/1/318
f 322/1/318 342/1/338 343/1/339 323/1/319
f 323/1/319 343/1/339 344/1/340 324/1/320
f 324/1/320 344/1/340 345/1/341 325/1/321
f 325/1/321 345/1/341 346/1/322 326/1/322
f 326/1/322 346/1/322 347/1/342 327/1/323
f 327/1/323 347/1/342 348/1/343 328/1/324
f 328/1/324 348/1/343 349/1/344 329/1/325
f 329/1/325 349/1/344 350/1/345 330/1/326
f 330/1/326 350/1/345 351/1/346 331/1/327
f 331/1/327 351/1/346 352/1/347 332/1/328
f 332/1/328 352/1/347 353/1/348 333/1/329
f 333/1/329 353/1/348 354/1/349 334/1/330
f 334/1/330 354/1/349 355/1/350 335/1/331
f 335/1/331 355/1/350 356/1/332 336/1/332
f 336/1/332 356/1/332 357/1/351 337/1/333
f 337/1/333 357/1/351 358/1/352 338/1/334
f 338/1/334 358/1/352 359/1/353 339/1/335
f 339/1/335 359/1/353 360/1/354 340/1/336
f 340/1/336 360/1/354 341/1/337 321/1/317
f 341/1/337 361/1/355 362/1/356 342/1/338
f 342/1/338 362/1/356 363/1/357 343/1/339
f 343/1/339 363/1/357 364/1/358 344/1/340
f 344/1/340 364/1/358 365/1/359 345/1/341
f 345/1/341 365/1/359 366/1/322 346/1/322
f 346/1/322 366/1/322 367/1/360 347/1/342
f 347/1/342 367/1/360 368/1/361 348/1/343
f 348/1/343 368/1/361 369/1/362 349/1/344
f 349/1/344 369/1/362 370/1/363 350/1/345
f 350/1/345 370/1/363 371/1/364 351/1/346
f 351/1/346 371/1/364 372/1/365 352/1/347
f 352/1/347 372/1/365 373/1/366 353/1/348
f 353/1/348 373/1/366 374/1/367 354/1/349
f 354/1/349 374/1/367 375/1/368 355/1/350
f 355/1/350 375/1/368 376/1/332 356/1/332
f 356/1/332 376/1/332 377/1/369 357/1/351
f 357/1/351 377/1/369 378/1/370 358/1/352
f 358/1/352 378/1/370 379/1/371 359/1/353
f 359/1/353 379/1/371 380/1/372 360/1/354
f 360/1/354 380/1/372 361/1/355 341/1/337
f 361/1/355 381/1/373 382/1/374 362/1/356
f 362/1/356 382/1/374 383/1/375 363/1/357
f 363/1/357 383/1/375 384/1/376 364/1/358
f 364/1/358 384/1/376 385/1/377 365/1/359
f 365/1/359 385/1/377 386/1/322 366/1/322
f 366/1/322 386/1/322 387/1/378 367/1/360
f 367/1/360 387/1/378 388/1/379 368/1/361
f 368/1/361 388/1/379 389/1/380 369/1/362
f 369/1/362 389/1/380 390/1/381 370/1/363
f 370/1/363 390/1/381 391/1/382 371/1/364
f 371/1/364 391/1/382 392/1/383 372/1/365
f 372/1/365 392/1/383 393/1/384 373/1/366
f 373/1/366 393/1/384 394/1/385 374/1/367
f 374/1/367 394/1/385 395/1/386 375/1/368
f 375/1/368 395/1/386 396/1/332 376/1/332
f 376/1/332 396/1/332 397/1/387 377/1/369
f 377/1/369 397/1/387 398/1/388 378/1/370
f 378/1/370 398/1/388 399/1/389 379/1/371
f 379/1/371 399/1/389 400/1/390 380/1/372
f 380/1/372 400/1/390 381/1/373 361/1/355
f 381/1/373 401/1/391 402/1/392 382/1/374
f 382/1/374 402/1/392 403/1/393 383/1/375
f 383/1/375 403/1/393 404/1/394 384/1/376
f 384/1/376 404/1/394 405/1/395 385/1/377
f 385/1/377 405/1/395 406/1/206 386/1/322
f 386/1/322 406/1/206 407/1/396 387/1/378
f 387/1/378 407/1/396 408/1/397 388/1/379
f 388/1/379 408/1/397 409/1/398 389/1/380
f 389/1/380 409/1/398 410/1/399 390/1/381
f 390/1/381 410/1/399 411/1/400 391/1/382
f 391/1/382 411/1/400 412/1/401 392/1/383
f 392/1/383 412/1/401 413/1/402 393/1/384
f 393/1/384 413/1/402 414/1/403 394/1/385
f 394/1/385 414/1/403 415/1/404 395/1/386
f 395/1/386 415/1/404 416/1/405 396/1/332
f 396/1/332 416/1/405 417/1/406 397/1/387
f 397/1/387 417/1/406 418/1/407 398/1/388
f 398/1/388 418/1/407 419/1/408 399/1/389
f 399/1/389 419/1/408 420/1/409 400/1/390
f 400/1/390 420/1/409 401/1/391 381/1/373
f 401/1/391 421/1/410 422/1/411 402/1/392
f 402/1/392 422/1/411 423/1/412 403/1/393
f 403/1/393 423/1/412 424/1/413 404/1/394
f 404/1/394 424/1/413 425/1/414 405/1/395
f 405/1/395 425/1/414 426/1/206 406/1/206
f 406/1/206 426/1/206 427/1/415 407/1/396
f 407/1/396 427/1/415 428/1/416 408/1/397
f 408/1/397 428/1/416 429/1/417 409/1/398
f 409/1/398 429/1/417 430/1/418 410/1/399
f 410/1/399 430/1/418 431/1/419 411/1/400
f 411/1/400 431/1/419 432/1/420 412/1/401
f 412/1/401 432/1/420 433/1/421 413/1/402
f 413/1/402 433/1/421 434/1/422 414/1/403
f 414/1/403 434/1/422 435/1/423 415/1/404
f 415/1/404 435/1/423 436/1/405 416/1/405
f 416/1/405 436/1/405 437/1/424 417/1/406
f 417/1/406 437/1/424 438/1/425 418/1/407
f 418/1/407 438/1/425 439/1/426 419/1/408
f 419/1/408 439/1/426 440/1/427 420/1/409
f 420/1/409 440/1/427 421/1/410 401/1/391
f 421/1/410 441/1/428 442/1/429 422/1/411
f 422/1/411 442/1/429 443/1/430 423/1/412
f 423/1/412 443/1/430 444/1/431 424/1/413
f 424/1/413 444/1/431 445/1/432 425/1/414
f 425/1/414 445/1/432 446/1/206 426/1/206
f 426/1/206 446/1/206 447/1/433 427/1/415
f 427/1/415 447/1/433 448/1/434 428/1/416
f 428/1/416 448/1/434 449/1/435 429/1/417
f 429/1/417 449/1/435 450/1/436 430/1/418
f 430/1/418 450/1/436 451/1/437 431/1/419
f 431/1/419 451/1/437 452/1/438 432/1/420
f 432/1/420 452/1/438 453/1/439 433/1/421
f 433/1/421 453/1/439 454/1/440 434/1/422
f 434/1/422 454/1/440 455/1/441 435/1/423
f 435/1/423 455/1/441 456/1/405 436/1/405
f 436/1/405 456/1/405 457/1/442 437/1/424
f 437/1/424 457/1/442 458/1/443 438/1/425
f 438/1/425 458/1/443 459/1/444 439/1/426
f 439/1/426 459/1/444 460/1/445 440/1/427
f 440/1/427 460/1/445 441/1/428 421/1/410
f 441/1/428 461/1/446 462/1/447 442/1/429
f 442/1/429 462/1/447 463/1/448 443/1/430
f 443/1/430 463/1/448 464/1/449 444/1/431
f 444/1/431 464/1/449 465/1/450 445/1/432
f 445/1/432 465/1/450 466/1/246 446/1/206
f 446/1/206 466/1/246 467/1/451 447/1/433
f 447/1/433 467/1/451 468/1/452 448/1/434
f 448/1/434 468/1/452 469/1/453 449/1/435
f 449/1/435 469/1/453 470/1/454 450/1/436
f 450/1/436 470/1/454 471/1/455 451/1/437
f 451/1/437 471/1/455 472/1/456 452/1/438
f 452/1/438 472/1/456 473/1/457 453/1/439
f 453/1/439 473/1/457 474/1/458 454/1/440
f 454/1/440 474/1/458 475/1/459 455/1/441
f 455/1/441 475/1/459 476/1/256 456/1/405
f 456/1/405 476/1/256 477/1/460 457/1/442
f 457/1/442 477/1/460 478/1/461 458/1/443
f 458/1/443 478/1/461 479/1/462 459/1/444
f 459/1/444 479/1/462 480/1/463 460/1/445
f 460/1/445 480/1/463 461/1/446 441/1/428
f 461/1/446 481/1/464 482/1/465 462/1/447
f 462/1/447 482/1/465 483/1/466 463/1/448
f 463/1/448 483/1/466 484/1/467 464/1/449
f 464/1/449 484/1/467 485/1/468 465/1/450
f 465/1/450 485/1/468 486/1/246 466/1/246
f 466/1/246 486/1/246 487/1/469 467/1/451
f 467/1/451 487/1/469 488/1/470 468/1/452
f 468/1/452 488/1/470 489/1/471 469/1/453
f 469/1/453 489/1/471 490/1/472 470/1/454
f 470/1/454 490/1/472 491/1/473 471/1/455
f 471/1/455 491/1/473 492/1/474 472/1/456
f 472/1/456 492/1/474 493/1/475 473/1/457
f 473/1/457 493/1/475 494/1/476 474/1/458
f 474/1/458 494/1/476 495/1/477 475/1/459
f 475/1/459 495/1/477 496/1/256 476/1/256
f 476/1/256 496/1/256 497/1/478 477/1/460
f 477/1/460 497/1/478 498/1/479 478/1/461
f 478/1/461 498/1/479 499/1/480 479/1/462
f 479/1/462 499/1/480 500/1/481 480/1/463
f 480/1/463 500/1/481 481/1/464 461/1/446
f 481/1/464 501/1/482 502/1/483 482/1/465
f 482/1/465 502/1/483 503/1/484 483/1/466
f 483/1/466 503/1/484 504/1/485 484/1/467
f 484/1/467 504/1/485 505/1/486 485/1/468
f 485/1/468 505/1/486 506/1/206 486/1/246
f 486/1/246 506/1/206 507/1/487 487/1/469
f 487/1/469 507/1/487 508/1/488 488/1/470
f 488/1/470 508/1/488 509/1/489 489/1/471
f 489/1/471 509/1/489 510/1/490 490/1/472
f 490/1/472 510/1/490 511/1/491 491/1/473
f 491/1/473 511/1/491 512/1/492 492/1/474
f 492/1/474 512/1/492 513/1/493 493/1/475
f 493/1/475 513/1/493 514/1/494 494/1/476
f 494/1/476 514/1/494 515/1/495 495/1/477
f 495/1/477 515/1/495 516/1/405 496/1/256
f 496/1/256 516/1/405 517/1/496 497/1/478
f 497/1/478 517/1/496 518/1/497 498/1/479
f 498/1/479 518/1/497 519/1/498 499/1/480
f 499/1/480 519/1/498 520/1/499 500/1/481
f 500/1/481 520/1/499 501/1/482 481/1/464
f 501/1/482 521/1/482 522/1/483 502/1/483
f 502/1/483 522/1/483 523/1/484 503/1/484
f 503/1/484 523/1/484 524/1/485 504/1/485
f 504/1/485 524/1/485 525/1/486 505/1/486
f 505/1/486 525/1/486 526/1/206 506/1/206
f 506/1/206 526/1/206 527/1/487 507/1/487
f 507/1/487 527/1/487 528/1/488 508/1/488
f 508/1/488 528/1/488 529/1/489 509/1/489
f 509/1/489 529/1/489 530/1/490 510/1/490
f 510/1/490 530/1/490 531/1/491 511/1/491
f 511/1/491 531/1/491 532/1/492 512/1/492
f 512/1/492 532/1/492 533/1/493 513/1/493
f 513/1/493 533/1/493 534/1/494 514/1/494
f 514/1/494 534/1/494 535/1/495 515/1/495
f 515/1/495 535/1/495 536/1/405 516/1/405
f 516/1/405 536/1/405 537/1/496 517/1/496
f 517/1/496 537/1/496 538/1/497 518/1/497
f 518/1/497 538/1/497 539/1/498 519/1/498
f 519/1/498 539/1/498 540/1/499 520/1/499
f 520/1/499 540/1/499 521/1/482 501/1/482
f 521/1/482 541/1/482 542/1/483 522/1/483
f 522/1/483 542/1/483 543/1/484 523/1/484
f 523/1/484 543/1/484 544/1/485 524/1/485
f 524/1/485 544/1/485 545/1/486 525/1/486
f 525/1/486 545/1/486 546/1/206 526/1/206
f 526/1/206 546/1/206 547/1/487 527/1/487
f 527/1/487 547/1/487 548/1/488 528/1/488
f 528/1/488 548/1/488 549/1/489 529/1/489
f 529/1/489 549/1/489 550/1/490 530/1/490
f 530/1/490 550/1/490 551/1/491 531/1/491
f 531/1/491 551/1/491 552/1/492 532/1/492
f 532/1/492 552/1/492 553/1/493 533/1/493
f 533/1/493 553/1/493 554/1/494 534/1/494
f 534/1/494 554/1/494 555/1/495 535/1/495
f 535/1/495 555/1/495 556/1/405 536/1/405
f 536/1/405 556/1/405 557/1/496 537/1/496
f 537/1/496 557/1/496 558/1/497 538/1/497
f 538/1/497 558/1/497 559/1/498 539/1/498
f 539/1/498 559/1/498 560/1/499 540/1/499
f 540/1/499 560/1/499 541/1/482 521/1/482
f 541/1/482 561/1/500 562/1/501 542/1/483
f 542/1/483 562/1/501 563/1/484 543/1/484
f 543/1/484 563/1/484 564/1/485 544/1/485
f 544/1/485 564/1/485 565/1/486 545/1/486
f 545/1/486 565/1/486 566/1/206 546/1/206
f 546/1/206 566/1/206 567/1/487 547/1/487
f 547/1/487 567/1/487 568/1/488 548/1/488
f 548/1/488 568/1/488 569/1/489 549/1/489
f 549/1/489 569/1/489 570/1/502 550/1/490
f 550/1/490 570/1/502 571/1/503 551/1/491
f 551/1/491 571/1/503 572/1/504 552/1/492
f 552/1/492 572/1/504 573/1/493 553/1/493
f 553/1/493 573/1/493 574/1/494 554/1/494
f 554/1/494 574/1/494 575/1/495 555/1/495
f 555/1/495 575/1/495 576/1/405 556/1/405
f 556/1/405 576/1/405 577/1/496 557/1/496
f 557/1/496 577/1/496 578/1/497 558/1/497
f 558/1/497 578/1/497 579/1/498 559/1/498
f 559/1/498 579/1/498 580/1/505 560/1/499
f 560/1/499 580/1/505 561/1/500 541/1/482
f 561/1/500 581/1/506 582/1/507 562/1/501
f 562/1/501 582/1/507 583/1/508 563/1/484
f 563/1/484 583/1/508 584/1/485 564/1/485
f 564/1/485 584/1/485 585/1/486 565/1/486
f 565/1/486 585/1/486 586/1/206 566/1/206
f 566/1/206 586/1/206 587/1/487 567/1/487
f 567/1/487 587/1/487 588/1/488 568/1/488
f 568/1/488 588/1/488 589/1/509 569/1/489
f 569/1/489 589/1/509 590/1/510 570/1/502
f 570/1/502 590/1/510 591/1/511 571/1/503
f 571/1/503 591/1/511 592/1/512 572/1/504
f 572/1/504 592/1/512 593/1/513 573/1/493
f 573/1/493 593/1/513 594/1/494 574/1/494
f 574/1/494 594/1/494 595/1/495 575/1/495
f 575/1/495 595/1/495 596/1/405 576/1/405
f 576/1/405 596/1/405 597/1/496 577/1/496
f 577/1/496 597/1/496 598/1/497 578/1/497
f 578/1/497 598/1/497 599/1/514 579/1/498
f 579/1/498 599/1/514 600/1/515 580/1/505
f 580/1/505 600/1/515 581/1/506 561/1/500
f 581/1/506 601/1/516 602/1/517 582/1/507
f 582/1/507 602/1/517 603/1/518 583/1/508
f 583/1/508 603/1/518 604/1/519 584/1/485
f 584/1/485 604/1/519 605/1/486 585/1/486
f 585/1/486 605/1/486 606/1/206 586/1/206
f 586/1/206 606/1/206 607/1/487 587/1/487
f 587/1/487 607/1/487 608/1/520 588/1/488
f 588/1/488 608/1/520 609/1/521 589/1/509
f 589/1/509 609/1/521 610/1/522 590/1/510
f 590/1/510 610/1/522 611/1/523 591/1/511
f 591/1/511 611/1/523 612/1/524 592/1/512
f 592/1/512 612/1/524 613/1/525 593/1/513
f 593/1/513 613/1/525 614/1/526 594/1/494
f 594/1/494 614/1/526 615/1/495 595/1/495
f 595/1/495 615/1/495 616/1/405 596/1/405
f 596/1/405 616/1/405 617/1/496 597/1/496
f 597/1/496 617/1/496 618/1/527 598/1/497
f 598/1/497 618/1/527 619/1/528 599/1/514
f 599/1/514 619/1/528 620/1/529 600/1/515
f 600/1/515 620/1/529 601/1/516 581/1/506
f 601/1/516 621/1/530 622/1/531 602/1/517
f 602/1/517 622/1/531 623/1/532 603/1/518
f 603/1/518 623/1/532 624/1/533 604/1/519
f 604/1/519 624/1/533 625/1/486 605/1/486
f 605/1/486 625/1/486 626/1/206 606/1/206
f 606/1/206 626/1/206 627/1/487 607/1/487
f 607/1/487 627/1/487 628/1/534 608/1/520
f 608/1/520 628/1/534 629/1/535 609/1/521
f 609/1/521 629/1/535 630/1/536 610/1/522
f 610/1/522 630/1/536 631/1/537 611/1/523
f 611/1/523 631/1/537 632/1/538 612/1/524
f 612/1/524 632/1/538 633/1/539 613/1/525
f 613/1/525 633/1/539 634/1/540 614/1/526
f 614/1/526 634/1/540 635/1/495 615/1/495
f 615/1/495 635/1/495 636/1/405 616/1/405
f 616/1/405 636/1/405 637/1/496 617/1/496
f 617/1/496 637/1/496 638/1/541 618/1/527
f 618/1/527 638/1/541 639/1/542 619/1/528
f 619/1/528 639/1/542 640/1/543 620/1/529
f 620/1/529 640/1/543 621/1/530 601/1/516
f 621/1/530 641/1/544 642/1/545 622/1/531
f 622/1/531 642/1/545 643/1/546 623/1/532
f 623/1/532 643/1/546 644/1/547 624/1/533
f 624/1/533 644/1/547 645/1/548 625/1/486
f 625/1/486 645/1/548 646/1/206 626/1/206
f 626/1/206 646/1/206 647/1/549 627/1/487
f 627/1/487 647/1/549 648/1/550 628/1/534
f 628/1/534 648/1/550 649/1/551 629/1/535
f 629/1/535 649/1/551 650/1/552 630/1/536
f 630/1/536 650/1/552 651/1/553 631/1/537
f 631/1/537 651/1/553 652/1/554 632/1/538
f 632/1/538 652/1/554 653/1/555 633/1/539
f 633/1/539 653/1/555 654/1/556 634/1/540
f 634/1/540 654/1/556 655/1/557 635/1/495
f 635/1/495 655/1/557 656/1/405 636/1/405
f 636/1/405 656/1/405 657/1/558 637/1/496
f 637/1/496 657/1/558 658/1/559 638/1/541
f 638/1/541 658/1/559 659/1/560 639/1/542
f 639/1/542 659/1/560 660/1/561 640/1/543
f 640/1/543 660/1/561 641/1/544 621/1/530
f 641/1/544 661/1/562 662/1/563 642/1/545
f 642/1/545 662/1/563 663/1/564 643/1/546
f 643/1/546 663/1/564 664/1/565 644/1/547
f 644/1/547 664/1/565 665/1/566 645/1/548
f 645/1/548 665/1/566 666/1/206 646/1/206
f 646/1/206 666/1/206 667/1/567 647/1/549
f 647/1/549 667/1/567 668/1/568 648/1/550
f 648/1/550 668/1/568 669/1/569 649/1/551
f 649/1/551 669/1/569 670/1/570 650/1/552
f 650/1/552 670/1/570 671/1/571 651/1/553
f 651/1/553 671/1/571 672/1/572 652/1/554
f 652/1/554 672/1/572 673/1/573 653/1/555
f 653/1/555 673/1/573 674/1/574 654/1/556
f 654/1/556 674/1/574 675/1/575 655/1/557
f 655/1/557 675/1/575 676/1/405 656/1/405
f 656/1/405 676/1/405 677/1/576 657/1/558
f 657/1/558 677/1/576 678/1/577 658/1/559
f 658/1/559 678/1/577 679/1/578 659/1/560
f 659/1/560 679/1/578 680/1/579 660/1/561
f 660/1/561 680/1/579 661/1/562 641/1/544
f 661/1/562 681/1/580 682/1/581 662/1/563
f 662/1/563 682/1/581 683/1/582 663/1/564
f 663/1/564 683/1/582 684/1/583 664/1/565
f 664/1/565 684/1/583 685/1/584 665/1/566
f 665/1/566 685/1/584 686/1/206 666/1/206
f 666/1/206 686/1/206 687/1/585 667/1/567
f 667/1/567 687/1/585 688/1/586 668/1/568
f 668/1/568 688/1/586 689/1/587 669/1/569
f 669/1/569 689/1/587 690/1/588 670/1/570
f 670/1/570 690/1/588 691/1/589 671/1/571
f 671/1/571 691/1/589 692/1/590 672/1/572
f 672/1/572 692/1/590 693/1/591 673/1/573
f 673/1/573 693/1/591 694/1/592 674/1/574
f 674/1/574 694/1/592 695/1/593 675/1/575
f 675/1/575 695/1/593 696/1/405 676/1/405
f 676/1/405 696/1/405 697/1/594 677/1/576
f 677/1/576 697/1/594 698/1/595 678/1/577
f 678/1/577 698/1/595 699/1/596 679/1/578
f 679/1/578 699/1/596 700/1/597 680/1/579
f 680/1/579 700/1/597 681/1/580 661/1/562
f 681/1/580 701/1/598 702/1/599 682/1/581
f 682/1/581 702/1/599 703/1/600 683/1/582
f 683/1/582 703/1/600 704/1/601 684/1/583
f 684/1/583 704/1/601 705/1/602 685/1/584
f 685/1/584 705/1/602 706/1/206 686/1/206
f 686/1/206 706/1/206 707/1/603 687/1/585
f 687/1/585 707/1/603 708/1/604 688/1/586
f 688/1/586 708/1/604 709/1/605 689/1/587
f 689/1/587 709/1/605 710/1/606 690/1/588
f 690/1/588 710/1/606 711/1/607 691/1/589
f 691/1/589 711/1/607 712/1/608 692/1/590
f 692/1/590 712/1/608 713/1/609 693/1/591
f 693/1/591 713/1/609 714/1/610 694/1/592
f 694/1/592 714/1/610 715/1/611 695/1/593
f 695/1/593 715/1/611 716/1/405 696/1/405
f 696/1/405 716/1/405 717/1/612 697/1/594
f 697/1/594 717/1/612 718/1/613 698/1/595
f 698/1/595 718/1/613 719/1/614 699/1/596
f 699/1/596 719/1/614 720/1/615 700/1/597
f 700/1/597 720/1/615 701/1/598 681/1/580
f 701/1/598 721/1/616 722/1/617 702/1/599
f 702/1/599 722/1/617 723/1/618 703/1/600
f 703/1/600 723/1/618 724/1/619 704/1/601
f 704/1/601 724/1/619 725/1/620 705/1/602
f 705/1/602 725/1/620 726/1/621 706/1/206
f 706/1/206 726/1/621 727/1/622 707/1/603
f 707/1/603 727/1/622 728/1/623 708/1/604
f 708/1/604 728/1/623 729/1/624 709/1/605
f 709/1/605 729/1/624 730/1/625 710/1/606
f 710/1/606 730/1/625 731/1/626 711/1/607
f 711/1/607 731/1/626 732/1/627 712/1/608
f 712/1/608 732/1/627 733/1/628 713/1/609
f 713/1/609 733/1/628 734/1/629 714/1/610
f 714/1/610 734/1/629 735/1/630 715/1/611
f 715/1/611 735/1/630 736/1/631 716/1/405
f 716/1/405 736/1/631 737/1/632 717/1/612
f 717/1/612 737/1/632 738/1/633 718/1/613
f 718/1/613 738/1/633 739/1/634 719/1/614
f 719/1/614 739/1/634 740/1/635 720/1/615
f 720/1/615 740/1/635 721/1/616 701/1/598
f 721/1/616 741/1/636 742/1/637 722/1/617
f 722/1/617 742/1/637 743/1/638 723/1/618
f 723/1/618 743/1/638 744/1/639 724/1/619
f 724/1/619 744/1/639 745/1/640 725/1/620
f 725/1/620 745/1/640 746/1/621 726/1/621
f 726/1/621 746/1/621 747/1/641 727/1/622
f 727/1/622 747/1/641 748/1/642 728/1/623
f 728/1/623 748/1/642 749/1/643 729/1/624
f 729/1/624 749/1/643 750/1/644 730/1/625
f 730/1/625 750/1/644 751/1/645 731/1/626
f 731/1/626 751/1/645 752/1/646 732/1/627
f 732/1/627 752/1/646 753/1/647 733/1/628
f 733/1/628 753/1/647 754/1/648 734/1/629
f 734/1/629 754/1/648 755/1/649 735/1/630
f 735/1/630 755/1/649 756/1/631 736/1/631
f 736/1/631 756/1/631 757/1/650 737/1/632
f 737/1/632 757/1/650 758/1/651 738/1/633
f 738/1/633 758/1/651 759/1/652 739/1/634
f 739/1/634 759/1/652 760/1/653 740/1/635
f 740/1/635 760/1/653 741/1/636 721/1/616
f 741/1/636 761/1/654 762/1/655 742/1/637
f 742/1/637 762/1/655 763/1/656 743/1/638
f 743/1/638 763/1/656 764/1/657 744/1/639
f 744/1/639 764/1/657 765/1/658 745/1/640
f 745/1/640 765/1/658 766/1/621 746/1/621
f 746/1/621 766/1/621 767/1/659 747/1/641
f 747/1/641 767/1/659 768/1/660 748/1/642
f 748/1/642 768/1/660 769/1/661 749/1/643
f 749/1/643 769/1/661 770/1/662 750/1/644
f 750/1/644 770/1/662 771/1/663 751/1/645
f 751/1/645 771/1/663 772/1/664 752/1/646
f 752/1/646 772/1/664 773/1/665 753/1/647
f 753/1/647 773/1/665 774/1/666 754/1/648
f 754/1/648 774/1/666 775/1/667 755/1/649
f 755/1/649 775/1/667 776/1/631 756/1/631
f 756/1/631 776/1/631 777/1/668 757/1/650
f 757/1/650 777/1/668 778/1/669 758/1/651
f 758/1/651 778/1/669 779/1/670 759/1/652
f 759/1/652 779/1/670 780/1/671 760/1/653
f 760/1/653 780/1/671 761/1/654 741/1/636
f 761/1/654 781/1/672 782/1/673 762/1/655
f 762/1/655 782/1/673 783/1/674 763/1/656
f 763/1/656 783/1/674 784/1/675 764/1/657
f 764/1/657 784/1/675 785/1/676 765/1/658
f 765/1/658 785/1/676 786/1/677 766/1/621
f 766/1/621 786/1/677 787/1/678 767/1/659
f 767/1/659 787/1/678 788/1/679 768/1/660
f 768/1/660 788/1/679 789/1/680 769/1/661
f 769/1/661 789/1/680 790/1/681 770/1/662
f 770/1/662 790/1/681 791/1/682 771/1/663
f 771/1/663 791/1/682 792/1/683 772/1/664
f 772/1/664 792/1/683 793/1/684 773/1/665
f 773/1/665 793/1/684 794/1/685 774/1/666
f 774/1/666 794/1/685 795/1/686 775/1/667
f 775/1/667 795/1/686 796/1/687 776/1/631
f 776/1/631 796/1/687 797/1/688 777/1/668
f 777/1/668 797/1/688 798/1/689 778/1/669
f 778/1/669 798/1/689 799/1/690 779/1/670
f 779/1/670 799/1/690 800/1/691 780/1/671
f 780/1/671 800/1/691 781/1/672 761/1/654
f 781/1/672 801/1/692 802/1/693 782/1/673
f 782/1/673 802/1/693 803/1/694 783/1/674
f 783/1/674 803/1/694 804/1/695 784/1/675
f 784/1/675 804/1/695 805/1/696 785/1/676
f 785/1/676 805/1/696 806/1/677 786/1/677
f 786/1/677 806/1/677 807/1/697 787/1/678
f 787/1/678 807/1/697 808/1/698 788/1/679
f 788/1/679 808/1/698 809/1/699 789/1/680
f 789/1/680 809/1/699 810/1/700 790/1/681
f 790/1/681 810/1/700 811/1/701 791/1/682
f 791/1/682 811/1/701 812/1/702 792/1/683
f 792/1/683 812/1/702 813/1/703 793/1/684
f 793/1/684 813/1/703 814/1/704 794/1/685
f 794/1/685 814/1/704 815/1/705 795/1/686
f 795/1/686 815/1/705 816/1/687 796/1/687
f 796/1/687 816/1/687 817/1/706 797/1/688
f 797/1/688 817/1/706 818/1/707 798/1/689
f 798/1/689 818/1/707 819/1/708 799/1/690
f 799/1/690 819/1/708 820/1/709 800/1/691
f 800/1/691 820/1/709 801/1/692 781/1/672
f 801/1/692 821/1/710 822/1/711 802/1/693
f 802/1/693 822/1/711 823/1/712 803/1/694
f 803/1/694 823/1/712 824/1/713 804/1/695
f 804/1/695 824/1/713 825/1/714 805/1/696
f 805/1/696 825/1/714 826/1/715 806/1/677
f 806/1/677 826/1/715 827/1/716 807/1/697
f 807/1/697 827/1/716 828/1/717 808/1/698
f 808/1/698 828/1/717 829/1/718 809/1/699
f 809/1/699 829/1/718 830/1/719 810/1/700
f 810/1/700 830/1/719 831/1/720 811/1/701
f 811/1/701 831/1/720 832/1/721 812/1/702
f 812/1/702 832/1/721 833/1/722 813/1/703
f 813/1/703 833/1/722 834/1/723 814/1/704
f 814/1/704 834/1/723 835/1/724 815/1/705
f 815/1/705 835/1/724 836/1/725 816/1/687
f 816/1/687 836/1/725 837/1/726 817/1/706
f 817/1/706 837/1/726 838/1/727 818/1/707
f 818/1/707 838/1/727 839/1/728 819/1/708
f 819/1/708 839/1/728 840/1/729 820/1/709
f 820/1/709 840/1/729 821/1/710 801/1/692
f 821/1/710 841/1/730 842/1/731 822/1/711
f 822/1/711 842/1/731 843/1/732 823/1/712
f 823/1/712 843/1/732 844/1/733 824/1/713
f 824/1/713 844/1/733 845/1/734 825/1/714
f 825/1/714 845/1/734 846/1/735 826/1/715
f 826/1/715 846/1/735 847/1/736 827/1/716
f 827/1/716 847/1/736 848/1/737 828/1/717
f 828/1/717 848/1/737 849/1/738 829/1/718
f 829/1/718 849/1/738 850/1/739 830/1/719
f 830/1/719 850/1/739 851/1/740 831/1/720
f 831/1/720 851/1/740 852/1/741 832/1/721
f 832/1/721 852/1/741 853/1/742 833/1/722
f 833/1/722 853/1/742 854/1/743 834/1/723
f 834/1/723 854/1/743 855/1/744 835/1/724
f 835/1/724 855/1/744 856/1/745 836/1/725
f 836/1/725 856/1/745 857/1/746 837/1/726
f 837/1/726 857/1/746 858/1/747 838/1/727
f 838/1/727 858/1/747 859/1/748 839/1/728
f 839/1/728 859/1/748 860/1/749 840/1/729
f 840/1/729 860/1/749 841/1/730 821/1/710
f 841/1/730 861/1/750 862/1/751 842/1/731
f 842/1/731 862/1/751 863/1/752 843/1/732
f 843/1/732 863/1/752 864/1/753 844/1/733
f 844/1/733 864/1/753 865/1/754 845/1/734
f 845/1/734 865/1/754 866/1/755 846/1/735
f 846/1/735 866/1/755 867/1/756 847/1/736
f 847/1/736 867/1/756 868/1/757 848/1/737
f 848/1/737 868/1/757 869/1/758 849/1/738
f 849/1/738 869/1/758 870/1/759 850/1/739
f 850/1/739 870/1/759 871/1/760 851/1/740
f 851/1/740 871/1/760 872/1/761 852/1/741
f 852/1/741 872/1/761 873/1/762 853/1/742
f 853/1/742 873/1/762 874/1/763 854/1/743
f 854/1/743 874/1/763 875/1/764 855/1/744
f 855/1/744 875/1/764 876/1/765 856/1/745
f 856/1/745 876/1/765 877/1/766 857/1/746
f 857/1/746 877/1/766 878/1/767 858/1/747
f 858/1/747 878/1/767 879/1/768 859/1/748
f 859/1/748 879/1/768 880/1/769 860/1/749
f 860/1/749 880/1/769 861/1/750 841/1/730
f 861/1/750 881/1/770 882/1/771 862/1/751
f 862/1/751 882/1/771 883/1/772 863/1/752
f 863/1/752 883/1/772 884/1/773 864/1/753
f 864/1/753 884/1/773 885/1/774 865/1/754
f 865/1/754 885/1/774 886/1/775 866/1/755
f 866/1/755 886/1/775 887/1/776 867/1/756
f 867/1/756 887/1/776 888/1/777 868/1/757
f 868/1/757 888/1/777 889/1/778 869/1/758
f 869/1/758 889/1/778 890/1/779 870/1/759
f 870/1/759 890/1/779 891/1/780 871/1/760
f 871/1/760 891/1/780 892/1/781 872/1/761
f 872/1/761 892/1/781 893/1/782 873/1/762
f 873/1/762 893/1/782 894/1/783 874/1/763
f 874/1/763 894/1/783 895/1/784 875/1/764
f 875/1/764 895/1/784 896/1/785 876/1/765
f 876/1/765 896/1/785 897/1/786 877/1/766
f 877/1/766 897/1/786 898/1/787 878/1/767
f 878/1/767 898/1/787 899/1/788 879/1/768
f 879/1/768 899/1/788 900/1/789 880/1/769
f 880/1/769 900/1/789 881/1/770 861/1/750
f 881/1/770 901/1/790 902/1/791 882/1/771
f 882/1/771 902/1/791 903/1/792 883/1/772
f 883/1/772 903/1/792 904/1/793 884/1/773
f 884/1/773 904/1/793 905/1/794 885/1/774
f 885/1/774 905/1/794 906/1/795 886/1/775
f 886/1/775 906/1/795 907/1/796 887/1/776
f 887/1/776 907/1/796 908/1/797 888/1/777
f 888/1/777 908/1/797 909/1/798 889/1/778
f 889/1/778 909/1/798 910/1/799 890/1/779
f 890/1/779 910/1/799 911/1/800 891/1/780
f 891/1/780 911/1/800 912/1/801 892/1/781
f 892/1/781 912/1/801 913/1/802 893/1/782
f 893/1/782 913/1/802 914/1/803 894/1/783
f 894/1/783 914/1/803 915/1/804 895/1/784
f 895/1/784 915/1/804 916/1/805 896/1/785
f 896/1/785 916/1/805 917/1/806 897/1/786
f 897/1/786 917/1/806 918/1/807 898/1/787
f 898/1/787 918/1/807 919/1/808 899/1/788
f 899/1/788 919/1/808 920/1/809 900/1/789
f 900/1/789 920/1/809 901/1/790 881/1/770
f 901/1/790 921/1/810 922/1/811 902/1/791
f 902/1/791 922/1/811 923/1/812 903/1/792
f 903/1/792 923/1/812 924/1/813 904/1/793
f 904/1/793 924/1/813 925/1/814 905/1/794
f 905/1/794 925/1/814 926/1/815 906/1/795
f 906/1/795 926/1/815 927/1/816 907/1/796
f 907/1/796 927/1/816 928/1/817 908/1/797
f 908/1/797 928/1/817 929/1/818 909/1/798
f 909/1/798 929/1/818 930/1/819 910/1/799
f 910/1/799 930/1/819 931/1/820 911/1/800
f 911/1/800 931/1/820 932/1/821 912/1/801
f 912/1/801 932/1/821 933/1/822 913/1/802
f 913/1/802 933/1/822 934/1/823 914/1/803
f 914/1/803 934/1/823 935/1/824 915/1/804
f 915/1/804 935/1/824 936/1/825 916/1/805
f 916/1/805 936/1/825 937/1/826 917/1/806
f 917/1/806 937/1/826 938/1/827 918/1/807
f 918/1/807 938/1/827 939/1/828 919/1/808
f 919/1/808 939/1/828 940/1/829 920/1/809
f 920/1/809 940/1/829 921/1/810 901/1/790
f 921/1/810 941/1/830 942/1/831 922/1/811
f 922/1/811 942/1/831 943/1/832 923/1/812
f 923/1/812 943/1/832 944/1/833 924/1/813
f 924/1/813 944/1/833 945/1/834 925/1/814
f 925/1/814 945/1/834 946/1/835 926/1/815
f 926/1/815 946/1/835 947/1/836 927/1/816
f 927/1/816 947/1/836 948/1/837 928/1/817
f 928/1/817 948/1/837 949/1/838 929/1/818
f 929/1/818 949/1/838 950/1/839 930/1/819
f 930/1/819 950/1/839 951/1/840 931/1/820
f 931/1/820 951/1/840 952/1/841 932/1/821
f 932/1/821 952/1/841 953/1/842 933/1/822
f 933/1/822 953/1/842 954/1/843 934/1/823
f 934/1/823 954/1/843 955/1/844 935/1/824
f 935/1/824 955/1/844 956/1/845 936/1/825
f 936/1/825 956/1/845 957/1/846 937/1/826
f 937/1/826 957/1/846 958/1/847 938/1/827
f 938/1/827 958/1/847 959/1/848 939/1/828
f 939/1/828 959/1/848 960/1/849 940/1/829
f 940/1/829 960/1/849 941/1/830 921/1/810
f 941/1/830 961/1/850 962/1/851 942/1/831
f 942/1/831 962/1/851 963/1/852 943/1/832
f 943/1/832 963/1/852 964/1/853 944/1/833
f 944/1/833 964/1/853 965/1/854 945/1/834
f 945/1/834 965/1/854 966/1/855 946/1/835
f 946/1/835 966/1/855 967/1/856 947/1/836
f 947/1/836 967/1/856 968/1/857 948/1/837
f 948/1/837 968/1/857 969/1/858 949/1/838
f 949/1/838 969/1/858 970/1/859 950/1/839
f 950/1/839 970/1/859 971/1/860 951/1/840
f 951/1/840 971/1/860 972/1/861 952/1/841
f 952/1/841 972/1/861 973/1/862 953/1/842
f 953/1/842 973/1/862 974/1/863 954/1/843
f 954/1/843 974/1/863 975/1/864 955/1/844
f 955/1/844 975/1/864 976/1/865 956/1/845
f 956/1/845 976/1/865 977/1/866 957/1/846
f 957/1/846 977/1/866 978/1/867 958/1/847
f 958/1/847 978/1/867 979/1/868 959/1/848
f 959/1/848 979/1/868 980/1/869 960/1/849
f 960/1/849 980/1/869 961/1/850 941/1/830
f 20/1/20 1/1/1 2/1/2 3/1/3 4/1/4 5/1/5 6/1/6 7/1/7 8/1/8 9/1/9 10/1/10 11/1/11 12/1/12 13/1/13 14/1/14 15/1/15 16/1/16 17/1/17 18/1/18 19/1/19
f 961/1/850 980/1/869 979/1/868 978/1/867 977/1/866 976/1/865 975/1/864 974/1/863 973/1/862 972/1/861 971/1/860 970/1/859 969/1/858 968/1/857 967/1/856 966/1/855 965/1/854 964/1/853 963/1/852 962/1/851
f 981/2/870 997/2/886 998/2/887 982/2/871
f 982/2/871 998/2/887 999/2/888 983/2/872
f 983/2/872 999/2/888 1000/2/889 984/2/873
f 984/2/873 1000/2/889 1001/2/890 985/2/874
f 985/2/874 1001/2/890 1002/2/891 986/2/875
f 986/2/875 1002/2/891 1003/2/892 987/2/876
f 987/2/876 1003/2/892 1004/2/893 988/2/877
f 988/2/877 1004/2/893 1005/2/894 989/2/878
f 989/2/878 1005/2/894 1006/2/895 990/2/879
f 990/2/879 1006/2/895 1007/2/896 991/2/880
f 991/2/880 1007/2/896 1008/2/897 992/2/881
f 992/2/881 1008/2/897 1009/2/898 993/2/882
f 993/2/882 1009/2/898 1010/2/899 994/2/883
f 994/2/883 1010/2/899 1011/2/900 995/2/884
f 995/2/884 1011/2/900 1012/2/901 996/2/885
f 996/2/885 1012/2/901 997/2/886 981/2/870
f 997/2/886 1013/2/902 1014/2/903 998/2/887
f 998/2/887 1014/2/903 1015/2/904 999/2/888
f 999/2/888 1015/2/904 1016/2/905 1000/2/889
f 1000/2/889 1016/2/905 1017/2/906 1001/2/890
f 1001/2/890 1017/2/906 1018/2/907 1002/2/891
f 1002/2/891 1018/2/907 1019/2/908 1003/2/892
f 1003/2/892 1019/2/908 1020/2/909 1004/2/893
f 1004/2/893 1020/2/909 1021/2/910 1005/2/894
f 1005/2/894 1021/2/910 1022/2/911 1006/2/895
f 1006/2/895 1022/2/911 1023/2/912 1007/2/896
f 1007/2/896 1023/2/912 1024/2/913 1008/2/897
f 1008/2/897 1024/2/913 1025/2/914 1009/2/898
f 1009/2/898 1025/2/914 1026/2/915 1010/2/899
f 1010/2/899 1026/2/915 1027/2/916 1011/2/900
f 1011/2/900 1027/2/916 1028/2/917 1012/2/901
f 1012/2/901 1028/2/917 1013/2/902 997/2/886
f 1013/2/902 1029/2/918 1030/2/919 1014/2/903
f 1014/2/903 1030/2/919 1031/2/920 1015/2/904
f 1015/2/904 1031/2/920 1032/2/921 1016/2/905
f 1016/2/905 1032/2/921 1033/2/922 1017/2/906
f 1017/2/906 1033/2/922 1034/2/923 1018/2/907
f 1018/2/907 1034/2/923 1035/2/924 1019/2/908
f 1019/2/908 1035/2/924 1036/2/925 1020/2/909
f 1020/2/909 1036/2/925 1037/2/926 1021/2/910
f 1021/2/910 1037/2/926 1038/2/927 1022/2/911
f 1022/2/911 1038/2/927 1039/2/928 1023/2/912
f 1023/2/912 1039/2/928 1040/2/929 1024/2/913
f 1024/2/913 1040/2/929 1041/2/930 1025/2/914
f 1025/2/914 1041/2/930 1042/2/931 1026/2/915
f 1026/2/915 1042/2/931 1043/2/932 1027/2/916
f 1027/2/916 1043/2/932 1044/2/933 1028/2/917
f 1028/2/917 1044/2/933 1029/2/918 1013/2/902
f 1029/2/918 1045/2/934 1046/2/935 1030/2/919
f 1030/2/919 1046/2/935 1047/2/936 1031/2/920
f 1031/2/920 1047/2/936 1048/2/937 1032/2/921
f 1032/2/921 1048/2/937 1049/2/938 1033/2/922
f 1033/2/922 1049/2/938 1050/2/939 1034/2/923
f 1034/2/923 1050/2/939 1051/2/940 1035/2/924
f 1035/2/924 1051/2/940 1052/2/941 1036/2/925
f 1036/2/925 1052/2/941 1053/2/942 1037/2/926
f 1037/2/926 1053/2/942 1054/2/943 1038/2/927
f 1038/2/927 1054/2/943 1055/2/944 1039/2/928
f 1039/2/928 1055/2/944 1056/2/945 1040/2/929
f 1040/2/929 1056/2/945 1057/2/946 1041/2/930
f 1041/2/930 1057/2/946 1058/2/947 1042/2/931
f 1042/2/931 1058/2/947 1059/2/948 1043/2/932
f 1043/2/932 1059/2/948 1060/2/949 1044/2/933
f 1044/2/933 1060/2/949 1045/2/934 1029/2/918
f 1045/2/934 1061/2/950 1062/2/951 1046/2/935
f 1046/2/935 1062/2/951 1063/2/952 1047/2/936
f 1047/2/936 1063/2/952 1064/2/953 1048/2/937
f 1048/2/937 1064/2/953 1065/2/126 1049/2/938
f 1049/2/938 1065/2/126 1066/2/954 1050/2/939
f 1050/2/939 1066/2/954 1067/2/955 1051/2/940
f 1051/2/940 1067/2/955 1068/2/956 1052/2/941
f 1052/2/941 1068/2/956 1069/2/957 1053/2/942
f 1053/2/942 1069/2/957 1070/2/958 1054/2/943
f 1054/2/943 1070/2/958 1071/2/959 1055/2/944
f 1055/2/944 1071/2/959 1072/2/960 1056/2/945
f 1056/2/945 1072/2/960 1073/2/961 1057/2/946
f 1057/2/946 1073/2/961 1074/2/962 1058/2/947
f 1058/2/947 1074/2/962 1075/2/963 1059/2/948
f 1059/2/948 1075/2/963 1076/2/964 1060/2/949
f 1060/2/949 1076/2/964 1061/2/950 1045/2/934
f 1061/2/950 1077/2/965 1078/2/966 1062/2/951
f 1062/2/951 1078/2/966 1079/2/967 1063/2/952
f 1063/2/952 1079/2/967 1080/2/968 1064/2/953
f 1064/2/953 1080/2/968 1081/2/969 1065/2/126
f 1065/2/126 1081/2/969 1082/2/970 1066/2/954
f 1066/2/954 1082/2/970 1083/2/971 1067/2/955
f 1067/2/955 1083/2/971 1084/2/972 1068/2/956
f 1068/2/956 1084/2/972 1085/2/973 1069/2/957
f 1069/2/957 1085/2/973 1086/2/974 1070/2/958
f 1070/2/958 1086/2/974 1087/2/975 1071/2/959
f 1071/2/959 1087/2/975 1088/2/976 1072/2/960
f 1072/2/960 1088/2/976 1089/2/977 1073/2/961
f 1073/2/961 1089/2/977 1090/2/978 1074/2/962
f 1074/2/962 1090/2/978 1091/2/979 1075/2/963
f 1075/2/963 1091/2/979 1092/2/980 1076/2/964
f 1076/2/964 1092/2/980 1077/2/965 1061/2/950
f 1077/2/965 1093/2/981 1094/2/982 1078/2/966
f 1078/2/966 1094/2/982 1095/2/983 1079/2/967
f 1079/2/967 1095/2/983 1096/2/984 1080/2/968
f 1080/2/968 1096/2/984 1097/2/985 1081/2/969
f 1081/2/969 1097/2/985 1098/2/986 1082/2/970
f 1082/2/970 1098/2/986 1099/2/987 1083/2/971
f 1083/2/971 1099/2/987 1100/2/988 1084/2/972
f 1084/2/972 1100/2/988 1101/2/989 1085/2/973
f 1085/2/973 1101/2/989 1102/2/990 1086/2/974
f 1086/2/974 1102/2/990 1103/2/991 1087/2/975
f 1087/2/975 1103/2/991 1104/2/992 1088/2/976
f 1088/2/976 1104/2/992 1105/2/993 1089/2/977
f 1089/2/977 1105/2/993 1106/2/994 1090/2/978
f 1090/2/978 1106/2/994 1107/2/995 1091/2/979
f 1091/2/979 1107/2/995 1108/2/996 1092/2/980
f 1092/2/980 1108/2/996 1093/2/981 1077/2/965
f 1093/2/981 1109/2/997 1110/2/998 1094/2/982
f 1094/2/982 1110/2/998 1111/2/999 1095/2/983
f 1095/2/983 1111/2/999 1112/2/1000 1096/2/984
f 1096/2/984 1112/2/1000 1113/2/1001 1097/2/985
f 1097/2/985 1113/2/1001 1114/2/1002 1098/2/986
f 1098/2/986 1114/2/1002 1115/2/1003 1099/2/987
f 1099/2/987 1115/2/1003 1116/2/1004 1100/2/988
f 1100/2/988 1116/2/1004 1117/2/1005 1101/2/989
f 1101/2/989 1117/2/1005 1118/2/1006 1102/2/990
f 1102/2/990 1118/2/1006 1119/2/1007 1103/2/991
f 1103/2/991 1119/2/1007 1120/2/1008 1104/2/992
f 1104/2/992 1120/2/1008 1121/2/1009 1105/2/993
f 1105/2/993 1121/2/1009 1122/2/1010 1106/2/994
f 1106/2/994 1122/2/1010 1123/2/1011 1107/2/995
f 1107/2/995 1123/2/1011 1124/2/1012 1108/2/996
f 1108/2/996 1124/2/1012 1109/2/997 1093/2/981
f 1109/2/997 1125/2/1013 1126/2/1014 1110/2/998
f 1110/2/998 1126/2/1014 1127/2/1015 1111/2/999
f 1111/2/999 1127/2/1015 1128/2/1016 1112/2/1000
f 1112/2/1000 1128/2/1016 1129/2/322 1113/2/1001
f 1113/2/1001 1129/2/322 1130/2/1017 1114/2/1002
f 1114/2/1002 1130/2/1017 1131/2/1018 1115/2/1003
f 1115/2/1003 1131/2/1018 1132/2/1019 1116/2/1004
f 1116/2/1004 1132/2/1019 1133/2/1020 1117/2/1005
f 1117/2/1005 1133/2/1020 1134/2/1021 1118/2/1006
f 1118/2/1006 1134/2/1021 1135/2/1022 1119/2/1007
f 1119/2/1007 1135/2/1022 1136/2/1023 1120/2/1008
f 1120/2/1008 1136/2/1023 1137/2/332 1121/2/1009
f 1121/2/1009 1137/2/332 1138/2/1024 1122/2/1010
f 1122/2/1010 1138/2/1024 1139/2/1025 1123/2/1011
f 1123/2/1011 1139/2/1025 1140/2/1026 1124/2/1012
f 1124/2/1012 1140/2/1026 1125/2/1013 1109/2/997
f 1125/2/1013 1141/2/1027 1142/2/1028 1126/2/1014
f 1126/2/1014 1142/2/1028 1143/2/1029 1127/2/1015
f 1127/2/1015 1143/2/1029 1144/2/1030 1128/2/1016
f 1128/2/1016 1144/2/1030 1145/2/322 1129/2/322
f 1129/2/322 1145/2/322 1146/2/1031 1130/2/1017
f 1130/2/1017 1146/2/1031 1147/2/1032 1131/2/1018
f 1131/2/1018 1147/2/1032 1148/2/1033 1132/2/1019
f 1132/2/1019 1148/2/1033 1149/2/1034 1133/2/1020
f 1133/2/1020 1149/2/1034 1150/2/1035 1134/2/1021
f 1134/2/1021 1150/2/1035 1151/2/1036 1135/2/1022
f 1135/2/1022 1151/2/1036 1152/2/1037 1136/2/1023
f 1136/2/1023 1152/2/1037 1153/2/332 1137/2/332
f 1137/2/332 1153/2/332 1154/2/1038 1138/2/1024
f 1138/2/1024 1154/2/1038 1155/2/1039 1139/2/1025
f 1139/2/1025 1155/2/1039 1156/2/1040 1140/2/1026
f 1140/2/1026 1156/2/1040 1141/2/1027 1125/2/1013
f 1141/2/1027 1157/2/1041 1158/2/1042 1142/2/1028
f 1142/2/1028 1158/2/1042 1159/2/1043 1143/2/1029
f 1143/2/1029 1159/2/1043 1160/2/1044 1144/2/1030
f 1144/2/1030 1160/2/1044 1161/2/322 1145/2/322
f 1145/2/322 1161/2/322 1162/2/1045 1146/2/1031
f 1146/2/1031 1162/2/1045 1163/2/1046 1147/2/1032
f 1147/2/1032 1163/2/1046 1164/2/1047 1148/2/1033
f 1148/2/1033 1164/2/1047 1165/2/1048 1149/2/1034
f 1149/2/1034 1165/2/1048 1166/2/1049 1150/2/1035
f 1150/2/1035 1166/2/1049 1167/2/1050 1151/2/1036
f 1151/2/1036 1167/2/1050 1168/2/1051 1152/2/1037
f 1152/2/1037 1168/2/1051 1169/2/332 1153/2/332
f 1153/2/332 1169/2/332 1170/2/1052 1154/2/1038
f 1154/2/1038 1170/2/1052 1171/2/1053 1155/2/1039
f 1155/2/1039 1171/2/1053 1172/2/1054 1156/2/1040
f 1156/2/1040 1172/2/1054 1157/2/1041 1141/2/1027
f 1157/2/1041 1173/2/1055 1174/2/1056 1158/2/1042
f 1158/2/1042 1174/2/1056 1175/2/1057 1159/2/1043
f 1159/2/1043 1175/2/1057 1176/2/1058 1160/2/1044
f 1160/2/1044 1176/2/1058 1177/2/322 1161/2/322
f 1161/2/322 1177/2/322 1178/2/1059 1162/2/1045
f 1162/2/1045 1178/2/1059 1179/2/1060 1163/2/1046
f 1163/2/1046 1179/2/1060 1180/2/1061 1164/2/1047
f 1164/2/1047 1180/2/1061 1181/2/1062 1165/2/1048
f 1165/2/1048 1181/2/1062 1182/2/1063 1166/2/1049
f 1166/2/1049 1182/2/1063 1183/2/1064 1167/2/1050
f 1167/2/1050 1183/2/1064 1184/2/1065 1168/2/1051
f 1168/2/1051 1184/2/1065 1185/2/332 1169/2/332
f 1169/2/332 1185/2/332 1186/2/1066 1170/2/1052
f 1170/2/1052 1186/2/1066 1187/2/1067 1171/2/1053
f 1171/2/1053 1187/2/1067 1188/2/1068 1172/2/1054
f 1172/2/1054 1188/2/1068 1173/2/1055 1157/2/1041
f 1173/2/1055 1189/2/1069 1190/2/1070 1174/2/1056
f 1174/2/1056 1190/2/1070 1191/2/1071 1175/2/1057
f 1175/2/1057 1191/2/1071 1192/2/1072 1176/2/1058
f 1176/2/1058 1192/2/1072 1193/2/206 1177/2/322
f 1177/2/322 1193/2/206 1194/2/1073 1178/2/1059
f 1178/2/1059 1194/2/1073 1195/2/1074 1179/2/1060
f 1179/2/1060 1195/2/1074 1196/2/1075 1180/2/1061
f 1180/2/1061 1196/2/1075 1197/2/1076 1181/2/1062
f 1181/2/1062 1197/2/1076 1198/2/1077 1182/2/1063
f 1182/2/1063 1198/2/1077 1199/2/1078 1183/2/1064
f 1183/2/1064 1199/2/1078 1200/2/1079 1184/2/1065
f 1184/2/1065 1200/2/1079 1201/2/405 1185/2/332
f 1185/2/332 1201/2/405 1202/2/1080 1186/2/1066
f 1186/2/1066 1202/2/1080 1203/2/1081 1187/2/1067
f 1187/2/1067 1203/2/1081 1204/2/1082 1188/2/1068
f 1188/2/1068 1204/2/1082 1189/2/1069 1173/2/1055
f 1189/2/1069 1205/2/1083 1206/2/1084 1190/2/1070
f 1190/2/1070 1206/2/1084 1207/2/1085 1191/2/1071
f 1191/2/1071 1207/2/1085 1208/2/1086 1192/2/1072
f 1192/2/1072 1208/2/1086 1209/2/206 1193/2/206
f 1193/2/206 1209/2/206 1210/2/1087 1194/2/1073
f 1194/2/1073 1210/2/1087 1211/2/1088 1195/2/1074
f 1195/2/1074 1211/2/1088 1212/2/1089 1196/2/1075
f 1196/2/1075 1212/2/1089 1213/2/1090 1197/2/1076
f 1197/2/1076 1213/2/1090 1214/2/1091 1198/2/1077
f 1198/2/1077 1214/2/1091 1215/2/1092 1199/2/1078
f 1199/2/1078 1215/2/1092 1216/2/1093 1200/2/1079
f 1200/2/1079 1216/2/1093 1217/2/405 1201/2/405
f 1201/2/405 1217/2/405 1218/2/1094 1202/2/1080
f 1202/2/1080 1218/2/1094 1219/2/1095 1203/2/1081
f 1203/2/1081 1219/2/1095 1220/2/1096 1204/2/1082
f 1204/2/1082 1220/2/1096 1205/2/1083 1189/2/1069
f 1205/2/1083 1221/2/1097 1222/2/1098 1206/2/1084
f 1206/2/1084 1222/2/1098 1223/2/1099 1207/2/1085
f 1207/2/1085 1223/2/1099 1224/2/1100 1208/2/1086
f 1208/2/1086 1224/2/1100 1225/2/206 1209/2/206
f 1209/2/206 1225/2/206 1226/2/1101 1210/2/1087
f 1210/2/1087 1226/2/1101 1227/2/1102 1211/2/1088
f 1211/2/1088 1227/2/1102 1228/2/1103 1212/2/1089
f 1212/2/1089 1228/2/1103 1229/2/1104 1213/2/1090
f 1213/2/1090 1229/2/1104 1230/2/1105 1214/2/1091
f 1214/2/1091 1230/2/1105 1231/2/1106 1215/2/1092
f 1215/2/1092 1231/2/1106 1232/2/1107 1216/2/1093
f 1216/2/1093 1232/2/1107 1233/2/405 1217/2/405
f 1217/2/405 1233/2/405 1234/2/1108 1218/2/1094
f 1218/2/1094 1234/2/1108 1235/2/1109 1219/2/1095
f 1219/2/1095 1235/2/1109 1236/2/1110 1220/2/1096
f 1220/2/1096 1236/2/1110 1221/2/1097 1205/2/1083
f 1221/2/1097 1237/2/1111 1238/2/1112 1222/2/1098
f 1222/2/1098 1238/2/1112 1239/2/1113 1223/2/1099
f 1223/2/1099 1239/2/1113 1240/2/1114 1224/2/1100
f 1224/2/1100 1240/2/1114 1241/2/206 1225/2/206
f 1225/2/206 1241/2/206 1242/2/1115 1226/2/1101
f 1226/2/1101 1242/2/1115 1243/2/1116 1227/2/1102
f 1227/2/1102 1243/2/1116 1244/2/1117 1228/2/1103
f 1228/2/1103 1244/2/1117 1245/2/1118 1229/2/1104
f 1229/2/1104 1245/2/1118 1246/2/1119 1230/2/1105
f 1230/2/1105 1246/2/1119 1247/2/1120 1231/2/1106
f 1231/2/1106 1247/2/1120 1248/2/1121 1232/2/1107
f 1232/2/1107 1248/2/1121 1249/2/405 1233/2/405
f 1233/2/405 1249/2/405 1250/2/1122 1234/2/1108
f 1234/2/1108 1250/2/1122 1251/2/1123 1235/2/1109
f 1235/2/1109 1251/2/1123 1252/2/1124 1236/2/1110
f 1236/2/1110 1252/2/1124 1237/2/1111 1221/2/1097
f 1237/2/1111 1253/2/1125 1254/2/1126 1238/2/1112
f 1238/2/1112 1254/2/1126 1255/2/1127 1239/2/1113
f 1239/2/1113 1255/2/1127 1256/2/1128 1240/2/1114
f 1240/2/1114 1256/2/1128 1257/2/206 1241/2/206
f 1241/2/206 1257/2/206 1258/2/1129 1242/2/1115
f 1242/2/1115 1258/2/1129 1259/2/1130 1243/2/1116
f 1243/2/1116 1259/2/1130 1260/2/1131 1244/2/1117
f 1244/2/1117 1260/2/1131 1261/2/1132 1245/2/1118
f 1245/2/1118 1261/2/1132 1262/2/1133 1246/2/1119
f 1246/2/1119 1262/2/1133 1263/2/1134 1247/2/1120
f 1247/2/1120 1263/2/1134 1264/2/1135 1248/2/1121
f 1248/2/1121 1264/2/1135 1265/2/405 1249/2/405
f 1249/2/405 1265/2/405 1266/2/1136 1250/2/1122
f 1250/2/1122 1266/2/1136 1267/2/1137 1251/2/1123
f 1251/2/1123 1267/2/1137 1268/2/1138 1252/2/1124
f 1252/2/1124 1268/2/1138 1253/2/1125 1237/2/1111
f 1253/2/1125 1269/2/1139 1270/2/1140 1254/2/1126
f 1254/2/1126 1270/2/1140 1271/2/1141 1255/2/1127
f 1255/2/1127 1271/2/1141 1272/2/1142 1256/2/1128
f 1256/2/1128 1272/2/1142 1273/2/206 1257/2/206
f 1257/2/206 1273/2/206 1274/2/1143 1258/2/1129
f 1258/2/1129 1274/2/1143 1275/2/1144 1259/2/1130
f 1259/2/1130 1275/2/1144 1276/2/1145 1260/2/1131
f 1260/2/1131 1276/2/1145 1277/2/1146 1261/2/1132
f 1261/2/1132 1277/2/1146 1278/2/1147 1262/2/1133
f 1262/2/1133 1278/2/1147 1279/2/1148 1263/2/1134
f 1263/2/1134 1279/2/1148 1280/2/1149 1264/2/1135
f 1264/2/1135 1280/2/1149 1281/2/405 1265/2/405
f 1265/2/405 1281/2/405 1282/2/1150 1266/2/1136
f 1266/2/1136 1282/2/1150 1283/2/1151 1267/2/1137
f 1267/2/1137 1283/2/1151 1284/2/1152 1268/2/1138
f 1268/2/1138 1284/2/1152 1269/2/1139 1253/2/1125
f 1269/2/1139 1285/2/1153 1286/2/1154 1270/2/1140
f 1270/2/1140 1286/2/1154 1287/2/1155 1271/2/1141
f 1271/2/1141 1287/2/1155 1288/2/1156 1272/2/1142
f 1272/2/1142 1288/2/1156 1289/2/322 1273/2/206
f 1273/2/206 1289/2/322 1290/2/1157 1274/2/1143
f 1274/2/1143 1290/2/1157 1291/2/1158 1275/2/1144
f 1275/2/1144 1291/2/1158 1292/2/1159 1276/2/1145
f 1276/2/1145 1292/2/1159 1293/2/1160 1277/2/1146
f 1277/2/1146 1293/2/1160 1294/2/1161 1278/2/1147
f 1278/2/1147 1294/2/1161 1295/2/1162 1279/2/1148
f 1279/2/1148 1295/2/1162 1296/2/1163 1280/2/1149
f 1280/2/1149 1296/2/1163 1297/2/332 1281/2/405
f 1281/2/405 1297/2/332 1298/2/1164 1282/2/1150
f 1282/2/1150 1298/2/1164 1299/2/1165 1283/2/1151
f 1283/2/1151 1299/2/1165 1300/2/1166 1284/2/1152
f 1284/2/1152 1300/2/1166 1285/2/1153 1269/2/1139
f 1285/2/1153 1301/2/1167 1302/2/1168 1286/2/1154
f 1286/2/1154 1302/2/1168 1303/2/1169 1287/2/1155
f 1287/2/1155 1303/2/1169 1304/2/1170 1288/2/1156
f 1288/2/1156 1304/2/1170 1305/2/322 1289/2/322
f 1289/2/322 1305/2/322 1306/2/1171 1290/2/1157
f 1290/2/1157 1306/2/1171 1307/2/1172 1291/2/1158
f 1291/2/1158 1307/2/1172 1308/2/1173 1292/2/1159
f 1292/2/1159 1308/2/1173 1309/2/1174 1293/2/1160
f 1293/2/1160 1309/2/1174 1310/2/1175 1294/2/1161
f 1294/2/1161 1310/2/1175 1311/2/1176 1295/2/1162
f 1295/2/1162 1311/2/1176 1312/2/1177 1296/2/1163
f 1296/2/1163 1312/2/1177 1313/2/332 1297/2/332
f 1297/2/332 1313/2/332 1314/2/1178 1298/2/1164
f 1298/2/1164 1314/2/1178 1315/2/1179 1299/2/1165
f 1299/2/1165 1315/2/1179 1316/2/1180 1300/2/1166
f 1300/2/1166 1316/2/1180 1301/2/1167 1285/2/1153
f 1301/2/1167 1317/2/482 1318/2/1181 1302/2/1168
f 1302/2/1168 1318/2/1181 1319/2/1182 1303/2/1169
f 1303/2/1169 1319/2/1182 1320/2/1183 1304/2/1170
f 1304/2/1170 1320/2/1183 1321/2/206 1305/2/322
f 1305/2/322 1321/2/206 1322/2/1184 1306/2/1171
f 1306/2/1171 1322/2/1184 1323/2/1185 1307/2/1172
f 1307/2/1172 1323/2/1185 1324/2/1186 1308/2/1173
f 1308/2/1173 1324/2/1186 1325/2/491 1309/2/1174
f 1309/2/1174 1325/2/491 1326/2/1187 1310/2/1175
f 1310/2/1175 1326/2/1187 1327/2/1188 1311/2/1176
f 1311/2/1176 1327/2/1188 1328/2/1189 1312/2/1177
f 1312/2/1177 1328/2/1189 1329/2/405 1313/2/332
f 1313/2/332 1329/2/405 1330/2/1190 1314/2/1178
f 1314/2/1178 1330/2/1190 1331/2/1191 1315/2/1179
f 1315/2/1179 1331/2/1191 1332/2/1192 1316/2/1180
f 1316/2/1180 1332/2/1192 1317/2/482 1301/2/1167
f 1317/2/482 1333/2/482 1334/2/1181 1318/2/1181
f 1318/2/1181 1334/2/1181 1335/2/1182 1319/2/1182
f 1319/2/1182 1335/2/1182 1336/2/1183 1320/2/1183
f 1320/2/1183 1336/2/1183 1337/2/206 1321/2/206
f 1321/2/206 1337/2/206 1338/2/1184 1322/2/1184
f 1322/2/1184 1338/2/1184 1339/2/1185 1323/2/1185
f 1323/2/1185 1339/2/1185 1340/2/1186 1324/2/1186
f 1324/2/1186 1340/2/1186 1341/2/491 1325/2/491
f 1325/2/491 1341/2/491 1342/2/1187 1326/2/1187
f 1326/2/1187 1342/2/1187 1343/2/1188 1327/2/1188
f 1327/2/1188 1343/2/1188 1344/2/1189 1328/2/1189
f 1328/2/1189 1344/2/1189 1345/2/405 1329/2/405
f 1329/2/405 1345/2/405 1346/2/1190 1330/2/1190
f 1330/2/1190 1346/2/1190 1347/2/1191 1331/2/1191
f 1331/2/1191 1347/2/1191 1348/2/1192 1332/2/1192
f 1332/2/1192 1348/2/1192 1333/2/482 1317/2/482
f 1333/2/482 1349/2/500 1350/2/1181 1334/2/1181
f 1334/2/1181 1350/2/1181 1351/2/1182 1335/2/1182
f 1335/2/1182 1351/2/1182 1352/2/1183 1336/2/1183
f 1336/2/1183 1352/2/1183 1353/2/206 1337/2/206
f 1337/2/206 1353/2/206 1354/2/1184 1338/2/1184
f 1338/2/1184 1354/2/1184 1355/2/1185 1339/2/1185
f 1339/2/1185 1355/2/1185 1356/2/1186 1340/2/1186
f 1340/2/1186 1356/2/1186 1357/2/503 1341/2/491
f 1341/2/491 1357/2/503 1358/2/1187 1342/2/1187
f 1342/2/1187 1358/2/1187 1359/2/1188 1343/2/1188
f 1343/2/1188 1359/2/1188 1360/2/1189 1344/2/1189
f 1344/2/1189 1360/2/1189 1361/2/405 1345/2/405
f 1345/2/405 1361/2/405 1362/2/1190 1346/2/1190
f 1346/2/1190 1362/2/1190 1363/2/1191 1347/2/1191
f 1347/2/1191 1363/2/1191 1364/2/1192 1348/2/1192
f 1348/2/1192 1364/2/1192 1349/2/500 1333/2/482
f 1349/2/500 1365/2/506 1366/2/1193 1350/2/1181
f 1350/2/1181 1366/2/1193 1367/2/1182 1351/2/1182
f 1351/2/1182 1367/2/1182 1368/2/1183 1352/2/1183
f 1352/2/1183 1368/2/1183 1369/2/206 1353/2/206
f 1353/2/206 1369/2/206 1370/2/1184 1354/2/1184
f 1354/2/1184 1370/2/1184 1371/2/1185 1355/2/1185
f 1355/2/1185 1371/2/1185 1372/2/1194 1356/2/1186
f 1356/2/1186 1372/2/1194 1373/2/511 1357/2/503
f 1357/2/503 1373/2/511 1374/2/1195 1358/2/1187
f 1358/2/1187 1374/2/1195 1375/2/1188 1359/2/1188
f 1359/2/1188 1375/2/1188 1376/2/1189 1360/2/1189
f 1360/2/1189 1376/2/1189 1377/2/405 1361/2/405
f 1361/2/405 1377/2/405 1378/2/1190 1362/2/1190
f 1362/2/1190 1378/2/1190 1379/2/1191 1363/2/1191
f 1363/2/1191 1379/2/1191 1380/2/1196 1364/2/1192
f 1364/2/1192 1380/2/1196 1365/2/506 1349/2/500
f 1365/2/506 1381/2/1197 1382/2/1198 1366/2/1193
f 1366/2/1193 1382/2/1198 1383/2/1182 1367/2/1182
f 1367/2/1182 1383/2/1182 1384/2/1183 1368/2/1183
f 1368/2/1183 1384/2/1183 1385/2/206 1369/2/206
f 1369/2/206 1385/2/206 1386/2/1184 1370/2/1184
f 1370/2/1184 1386/2/1184 1387/2/1185 1371/2/1185
f 1371/2/1185 1387/2/1185 1388/2/1199 1372/2/1194
f 1372/2/1194 1388/2/1199 1389/2/1200 1373/2/511
f 1373/2/511 1389/2/1200 1390/2/1201 1374/2/1195
f 1374/2/1195 1390/2/1201 1391/2/1188 1375/2/1188
f 1375/2/1188 1391/2/1188 1392/2/1189 1376/2/1189
f 1376/2/1189 1392/2/1189 1393/2/405 1377/2/405
f 1377/2/405 1393/2/405 1394/2/1190 1378/2/1190
f 1378/2/1190 1394/2/1190 1395/2/1191 1379/2/1191
f 1379/2/1191 1395/2/1191 1396/2/1202 1380/2/1196
f 1380/2/1196 1396/2/1202 1381/2/1197 1365/2/506
f 1381/2/1197 1397/2/1203 1398/2/1204 1382/2/1198
f 1382/2/1198 1398/2/1204 1399/2/1205 1383/2/1182
f 1383/2/1182 1399/2/1205 1400/2/1183 1384/2/1183
f 1384/2/1183 1400/2/1183 1401/2/206 1385/2/206
f 1385/2/206 1401/2/206 1402/2/1184 1386/2/1184
f 1386/2/1184 1402/2/1184 1403/2/1206 1387/2/1185
f 1387/2/1185 1403/2/1206 1404/2/1207 1388/2/1199
f 1388/2/1199 1404/2/1207 1405/2/1208 1389/2/1200
f 1389/2/1200 1405/2/1208 1406/2/1209 1390/2/1201
f 1390/2/1201 1406/2/1209 1407/2/1210 1391/2/1188
f 1391/2/1188 1407/2/1210 1408/2/1189 1392/2/1189
f 1392/2/1189 1408/2/1189 1409/2/405 1393/2/405
f 1393/2/405 1409/2/405 1410/2/1190 1394/2/1190
f 1394/2/1190 1410/2/1190 1411/2/1211 1395/2/1191
f 1395/2/1191 1411/2/1211 1412/2/1212 1396/2/1202
f 1396/2/1202 1412/2/1212 1397/2/1203 1381/2/1197
f 1397/2/1203 1413/2/1213 1414/2/1214 1398/2/1204
f 1398/2/1204 1414/2/1214 1415/2/1215 1399/2/1205
f 1399/2/1205 1415/2/1215 1416/2/1183 1400/2/1183
f 1400/2/1183 1416/2/1183 1417/2/206 1401/2/206
f 1401/2/206 1417/2/206 1418/2/1184 1402/2/1184
f 1402/2/1184 1418/2/1184 1419/2/1216 1403/2/1206
f 1403/2/1206 1419/2/1216 1420/2/1217 1404/2/1207
f 1404/2/1207 1420/2/1217 1421/2/1218 1405/2/1208
f 1405/2/1208 1421/2/1218 1422/2/1219 1406/2/1209
f 1406/2/1209 1422/2/1219 1423/2/1220 1407/2/1210
f 1407/2/1210 1423/2/1220 1424/2/1189 1408/2/1189
f 1408/2/1189 1424/2/1189 1425/2/405 1409/2/405
f 1409/2/405 1425/2/405 1426/2/1190 1410/2/1190
f 1410/2/1190 1426/2/1190 1427/2/1221 1411/2/1211
f 1411/2/1211 1427/2/1221 1428/2/1222 1412/2/1212
f 1412/2/1212 1428/2/1222 1413/2/1213 1397/2/1203
f 1413/2/1213 1429/2/1223 1430/2/1224 1414/2/1214
f 1414/2/1214 1430/2/1224 1431/2/1225 1415/2/1215
f 1415/2/1215 1431/2/1225 1432/2/1226 1416/2/1183
f 1416/2/1183 1432/2/1226 1433/2/206 1417/2/206
f 1417/2/206 1433/2/206 1434/2/1227 1418/2/1184
f 1418/2/1184 1434/2/1227 1435/2/1228 1419/2/1216
f 1419/2/1216 1435/2/1228 1436/2/1229 1420/2/1217
f 1420/2/1217 1436/2/1229 1437/2/1230 1421/2/1218
f 1421/2/1218 1437/2/1230 1438/2/1231 1422/2/1219
f 1422/2/1219 1438/2/1231 1439/2/1232 1423/2/1220
f 1423/2/1220 1439/2/1232 1440/2/1233 1424/2/1189
f 1424/2/1189 1440/2/1233 1441/2/405 1425/2/405
f 1425/2/405 1441/2/405 1442/2/1234 1426/2/1190
f 1426/2/1190 1442/2/1234 1443/2/1235 1427/2/1221
f 1427/2/1221 1443/2/1235 1444/2/1236 1428/2/1222
f 1428/2/1222 1444/2/1236 1429/2/1223 1413/2/1213
f 1429/2/1223 1445/2/1237 1446/2/1238 1430/2/1224
f 1430/2/1224 1446/2/1238 1447/2/1239 1431/2/1225
f 1431/2/1225 1447/2/1239 1448/2/1226 1432/2/1226
f 1432/2/1226 1448/2/1226 1449/2/206 1433/2/206
f 1433/2/206 1449/2/206 1450/2/1227 1434/2/1227
f 1434/2/1227 1450/2/1227 1451/2/1240 1435/2/1228
f 1435/2/1228 1451/2/1240 1452/2/1241 1436/2/1229
f 1436/2/1229 1452/2/1241 1453/2/1242 1437/2/1230
f 1437/2/1230 1453/2/1242 1454/2/1243 1438/2/1231
f 1438/2/1231 1454/2/1243 1455/2/1244 1439/2/1232
f 1439/2/1232 1455/2/1244 1456/2/1233 1440/2/1233
f 1440/2/1233 1456/2/1233 1457/2/405 1441/2/405
f 1441/2/405 1457/2/405 1458/2/1234 1442/2/1234
f 1442/2/1234 1458/2/1234 1459/2/1245 1443/2/1235
f 1443/2/1235 1459/2/1245 1460/2/1246 1444/2/1236
f 1444/2/1236 1460/2/1246 1445/2/1237 1429/2/1223
f 1445/2/1237 1461/2/616 1462/2/1247 1446/2/1238
f 1446/2/1238 1462/2/1247 1463/2/1248 1447/2/1239
f 1447/2/1239 1463/2/1248 1464/2/1249 1448/2/1226
f 1448/2/1226 1464/2/1249 1465/2/206 1449/2/206
f 1449/2/206 1465/2/206 1466/2/1250 1450/2/1227
f 1450/2/1227 1466/2/1250 1467/2/1251 1451/2/1240
f 1451/2/1240 1467/2/1251 1468/2/1252 1452/2/1241
f 1452/2/1241 1468/2/1252 1469/2/626 1453/2/1242
f 1453/2/1242 1469/2/626 1470/2/1253 1454/2/1243
f 1454/2/1243 1470/2/1253 1471/2/1254 1455/2/1244
f 1455/2/1244 1471/2/1254 1472/2/1255 1456/2/1233
f 1456/2/1233 1472/2/1255 1473/2/405 1457/2/405
f 1457/2/405 1473/2/405 1474/2/1256 1458/2/1234
f 1458/2/1234 1474/2/1256 1475/2/1257 1459/2/1245
f 1459/2/1245 1475/2/1257 1476/2/1258 1460/2/1246
f 1460/2/1246 1476/2/1258 1461/2/616 1445/2/1237
f 1461/2/616 1477/2/1259 1478/2/1260 1462/2/1247
f 1462/2/1247 1478/2/1260 1479/2/1261 1463/2/1248
f 1463/2/1248 1479/2/1261 1480/2/1262 1464/2/1249
f 1464/2/1249 1480/2/1262 1481/2/206 1465/2/206
f 1465/2/206 1481/2/206 1482/2/1263 1466/2/1250
f 1466/2/1250 1482/2/1263 1483/2/1264 1467/2/1251
f 1467/2/1251 1483/2/1264 1484/2/1265 1468/2/1252
f 1468/2/1252 1484/2/1265 1485/2/1266 1469/2/626
f 1469/2/626 1485/2/1266 1486/2/1267 1470/2/1253
f 1470/2/1253 1486/2/1267 1487/2/1268 1471/2/1254
f 1471/2/1254 1487/2/1268 1488/2/1269 1472/2/1255
f 1472/2/1255 1488/2/1269 1489/2/405 1473/2/405
f 1473/2/405 1489/2/405 1490/2/1270 1474/2/1256
f 1474/2/1256 1490/2/1270 1491/2/1271 1475/2/1257
f 1475/2/1257 1491/2/1271 1492/2/1272 1476/2/1258
f 1476/2/1258 1492/2/1272 1477/2/1259 1461/2/616
f 1477/2/1259 1493/2/1273 1494/2/1274 1478/2/1260
f 1478/2/1260 1494/2/1274 1495/2/1275 1479/2/1261
f 1479/2/1261 1495/2/1275 1496/2/1276 1480/2/1262
f 1480/2/1262 1496/2/1276 1497/2/206 1481/2/206
f 1481/2/206 1497/2/206 1498/2/1277 1482/2/1263
f 1482/2/1263 1498/2/1277 1499/2/1278 1483/2/1264
f 1483/2/1264 1499/2/1278 1500/2/1279 1484/2/1265
f 1484/2/1265 1500/2/1279 1501/2/1280 1485/2/1266
f 1485/2/1266 1501/2/1280 1502/2/1281 1486/2/1267
f 1486/2/1267 1502/2/1281 1503/2/1282 1487/2/1268
f 1487/2/1268 1503/2/1282 1504/2/1283 1488/2/1269
f 1488/2/1269 1504/2/1283 1505/2/405 1489/2/405
f 1489/2/405 1505/2/405 1506/2/1284 1490/2/1270
f 1490/2/1270 1506/2/1284 1507/2/1285 1491/2/1271
f 1491/2/1271 1507/2/1285 1508/2/1286 1492/2/1272
f 1492/2/1272 1508/2/1286 1493/2/1273 1477/2/1259
f 1493/2/1273 1509/2/1287 1510/2/1288 1494/2/1274
f 1494/2/1274 1510/2/1288 1511/2/1289 1495/2/1275
f 1495/2/1275 1511/2/1289 1512/2/1290 1496/2/1276
f 1496/2/1276 1512/2/1290 1513/2/621 1497/2/206
f 1497/2/206 1513/2/621 1514/2/1291 1498/2/1277
f 1498/2/1277 1514/2/1291 1515/2/1292 1499/2/1278
f 1499/2/1278 1515/2/1292 1516/2/1293 1500/2/1279
f 1500/2/1279 1516/2/1293 1517/2/1294 1501/2/1280
f 1501/2/1280 1517/2/1294 1518/2/1295 1502/2/1281
f 1502/2/1281 1518/2/1295 1519/2/1296 1503/2/1282
f 1503/2/1282 1519/2/1296 1520/2/1297 1504/2/1283
f 1504/2/1283 1520/2/1297 1521/2/631 1505/2/405
f 1505/2/405 1521/2/631 1522/2/1298 1506/2/1284
f 1506/2/1284 1522/2/1298 1523/2/1299 1507/2/1285
f 1507/2/1285 1523/2/1299 1524/2/1300 1508/2/1286
f 1508/2/1286 1524/2/1300 1509/2/1287 1493/2/1273
f 1509/2/1287 1525/2/1301 1526/2/1302 1510/2/1288
f 1510/2/1288 1526/2/1302 1527/2/1303 1511/2/1289
f 1511/2/1289 1527/2/1303 1528/2/1304 1512/2/1290
f 1512/2/1290 1528/2/1304 1529/2/621 1513/2/621
f 1513/2/621 1529/2/621 1530/2/1305 1514/2/1291
f 1514/2/1291 1530/2/1305 1531/2/1306 1515/2/1292
f 1515/2/1292 1531/2/1306 1532/2/1307 1516/2/1293
f 1516/2/1293 1532/2/1307 1533/2/1308 1517/2/1294
f 1517/2/1294 1533/2/1308 1534/2/1309 1518/2/1295
f 1518/2/1295 1534/2/1309 1535/2/1310 1519/2/1296
f 1519/2/1296 1535/2/1310 1536/2/1311 1520/2/1297
f 1520/2/1297 1536/2/1311 1537/2/631 1521/2/631
f 1521/2/631 1537/2/631 1538/2/1312 1522/2/1298
f 1522/2/1298 1538/2/1312 1539/2/1313 1523/2/1299
f 1523/2/1299 1539/2/1313 1540/2/1314 1524/2/1300
f 1524/2/1300 1540/2/1314 1525/2/1301 1509/2/1287
f 1525/2/1301 1541/2/1315 1542/2/1316 1526/2/1302
f 1526/2/1302 1542/2/1316 1543/2/1317 1527/2/1303
f 1527/2/1303 1543/2/1317 1544/2/1318 1528/2/1304
f 1528/2/1304 1544/2/1318 1545/2/1319 1529/2/621
f 1529/2/621 1545/2/1319 1546/2/1320 1530/2/1305
f 1530/2/1305 1546/2/1320 1547/2/1321 1531/2/1306
f 1531/2/1306 1547/2/1321 1548/2/1322 1532/2/1307
f 1532/2/1307 1548/2/1322 1549/2/1323 1533/2/1308
f 1533/2/1308 1549/2/1323 1550/2/1324 1534/2/1309
f 1534/2/1309 1550/2/1324 1551/2/1325 1535/2/1310
f 1535/2/1310 1551/2/1325 1552/2/1326 1536/2/1311
f 1536/2/1311 1552/2/1326 1553/2/1327 1537/2/631
f 1537/2/631 1553/2/1327 1554/2/1328 1538/2/1312
f 1538/2/1312 1554/2/1328 1555/2/1329 1539/2/1313
f 1539/2/1313 1555/2/1329 1556/2/1330 1540/2/1314
f 1540/2/1314 1556/2/1330 1541/2/1315 1525/2/1301
f 1541/2/1315 1557/2/1331 1558/2/1332 1542/2/1316
f 1542/2/1316 1558/2/1332 1559/2/1333 1543/2/1317
f 1543/2/1317 1559/2/1333 1560/2/1334 1544/2/1318
f 1544/2/1318 1560/2/1334 1561/2/1335 1545/2/1319
f 1545/2/1319 1561/2/1335 1562/2/1336 1546/2/1320
f 1546/2/1320 1562/2/1336 1563/2/1337 1547/2/1321
f 1547/2/1321 1563/2/1337 1564/2/1338 1548/2/1322
f 1548/2/1322 1564/2/1338 1565/2/1339 1549/2/1323
f 1549/2/1323 1565/2/1339 1566/2/1340 1550/2/1324
f 1550/2/1324 1566/2/1340 1567/2/1341 1551/2/1325
f 1551/2/1325 1567/2/1341 1568/2/1342 1552/2/1326
f 1552/2/1326 1568/2/1342 1569/2/1343 1553/2/1327
f 1553/2/1327 1569/2/1343 1570/2/1344 1554/2/1328
f 1554/2/1328 1570/2/1344 1571/2/1345 1555/2/1329
f 1555/2/1329 1571/2/1345 1572/2/1346 1556/2/1330
f 1556/2/1330 1572/2/1346 1557/2/1331 1541/2/1315
f 1557/2/1331 1573/2/1347 1574/2/1348 1558/2/1332
f 1558/2/1332 1574/2/1348 1575/2/1349 1559/2/1333
f 1559/2/1333 1575/2/1349 1576/2/1350 1560/2/1334
f 1560/2/1334 1576/2/1350 1577/2/1351 1561/2/1335
f 1561/2/1335 1577/2/1351 1578/2/1352 1562/2/1336
f 1562/2/1336 1578/2/1352 1579/2/1353 1563/2/1337
f 1563/2/1337 1579/2/1353 1580/2/1354 1564/2/1338
f 1564/2/1338 1580/2/1354 1581/2/1355 1565/2/1339
f 1565/2/1339 1581/2/1355 1582/2/1356 1566/2/1340
f 1566/2/1340 1582/2/1356 1583/2/1357 1567/2/1341
f 1567/2/1341 1583/2/1357 1584/2/1358 1568/2/1342
f 1568/2/1342 1584/2/1358 1585/2/1359 1569/2/1343
f 1569/2/1343 1585/2/1359 1586/2/1360 1570/2/1344
f 1570/2/1344 1586/2/1360 1587/2/1361 1571/2/1345
f 1571/2/1345 1587/2/1361 1588/2/1362 1572/2/1346
f 1572/2/1346 1588/2/1362 1573/2/1347 1557/2/1331
f 1573/2/1347 1589/2/1363 1590/2/1364 1574/2/1348
f 1574/2/1348 1590/2/1364 1591/2/1365 1575/2/1349
f 1575/2/1349 1591/2/1365 1592/2/1366 1576/2/1350
f 1576/2/1350 1592/2/1366 1593/2/1367 1577/2/1351
f 1577/2/1351 1593/2/1367 1594/2/1368 1578/2/1352
f 1578/2/1352 1594/2/1368 1595/2/1369 1579/2/1353
f 1579/2/1353 1595/2/1369 1596/2/1370 1580/2/1354
f 1580/2/1354 1596/2/1370 1597/2/1371 1581/2/1355
f 1581/2/1355 1597/2/1371 1598/2/1372 1582/2/1356
f 1582/2/1356 1598/2/1372 1599/2/1373 1583/2/1357
f 1583/2/1357 1599/2/1373 1600/2/1374 1584/2/1358
f 1584/2/1358 1600/2/1374 1601/2/1375 1585/2/1359
f 1585/2/1359 1601/2/1375 1602/2/1376 1586/2/1360
f 1586/2/1360 1602/2/1376 1603/2/1377 1587/2/1361
f 1587/2/1361 1603/2/1377 1604/2/1378 1588/2/1362
f 1588/2/1362 1604/2/1378 1589/2/1363 1573/2/1347
f 1589/2/1363 1605/2/1379 1606/2/1380 1590/2/1364
f 1590/2/1364 1606/2/1380 1607/2/1381 1591/2/1365
f 1591/2/1365 1607/2/1381 1608/2/1382 1592/2/1366
f 1592/2/1366 1608/2/1382 1609/2/1383 1593/2/1367
f 1593/2/1367 1609/2/1383 1610/2/1384 1594/2/1368
f 1594/2/1368 1610/2/1384 1611/2/1385 1595/2/1369
f 1595/2/1369 1611/2/1385 1612/2/1386 1596/2/1370
f 1596/2/1370 1612/2/1386 1613/2/1387 1597/2/1371
f 1597/2/1371 1613/2/1387 1614/2/1388 1598/2/1372
f 1598/2/1372 1614/2/1388 1615/2/1389 1599/2/1373
f 1599/2/1373 1615/2/1389 1616/2/1390 1600/2/1374
f 1600/2/1374 1616/2/1390 1617/2/1391 1601/2/1375
f 1601/2/1375 1617/2/1391 1618/2/1392 1602/2/1376
f 1602/2/1376 1618/2/1392 1619/2/1393 1603/2/1377
f 1603/2/1377 1619/2/1393 1620/2/1394 1604/2/1378
f 1604/2/1378 1620/2/1394 1605/2/1379 1589/2/1363
f 1605/2/1379 1621/2/1395 1622/2/1396 1606/2/1380
f 1606/2/1380 1622/2/1396 1623/2/1397 1607/2/1381
f 1607/2/1381 1623/2/1397 1624/2/1398 1608/2/1382
f 1608/2/1382 1624/2/1398 1625/2/1399 1609/2/1383
f 1609/2/1383 1625/2/1399 1626/2/1400 1610/2/1384
f 1610/2/1384 1626/2/1400 1627/2/1401 1611/2/1385
f 1611/2/1385 1627/2/1401 1628/2/1402 1612/2/1386
f 1612/2/1386 1628/2/1402 1629/2/1403 1613/2/1387
f 1613/2/1387 1629/2/1403 1630/2/1404 1614/2/1388
f 1614/2/1388 1630/2/1404 1631/2/1405 1615/2/1389
f 1615/2/1389 1631/2/1405 1632/2/1406 1616/2/1390
f 1616/2/1390 1632/2/1406 1633/2/1407 1617/2/1391
f 1617/2/1391 1633/2/1407 1634/2/1408 1618/2/1392
f 1618/2/1392 1634/2/1408 1635/2/1409 1619/2/1393
f 1619/2/1393 1635/2/1409 1636/2/1410 1620/2/1394
f 1620/2/1394 1636/2/1410 1621/2/1395 1605/2/1379
f 996/2/885 981/2/870 982/2/871 983/2/872 984/2/873 985/2/874 986/2/875 987/2/876 988/2/877 989/2/878 990/2/879 991/2/880 992/2/881 993/2/882 994/2/883 995/2/884
f 1621/2/1395 1636/2/1410 1635/2/1409 1634/2/1408 1633/2/1407 1632/2/1406 1631/2/1405 1630/2/1404 1629/2/1403 1628/2/1402 1627/2/1401 1626/2/1400 1625/2/1399 1624/2/1398 1623/2/1397 1622/2/1396
f 1637/3/1411 1649/3/1423 1650/3/1424 1638/3/1412
f 1638/3/1412 1650/3/1424 1651/3/1425 1639/3/1413
f 1639/3/1413 1651/3/1425 1652/3/1426 1640/3/1414
f 1640/3/1414 1652/3/1426 1653/3/1427 1641/3/1415
f 1641/3/1415 1653/3/1427 1654/3/1428 1642/3/1416
f 1642/3/1416 1654/3/1428 1655/3/1429 1643/3/1417
f 1643/3/1417 1655/3/1429 1656/3/1430 1644/3/1418
f 1644/3/1418 1656/3/1430 1657/3/1431 1645/3/1419
f 1645/3/1419 1657/3/1431 1658/3/1432 1646/3/1420
f 1646/3/1420 1658/3/1432 1659/3/1433 1647/3/1421
f 1647/3/1421 1659/3/1433 1660/3/1434 1648/3/1422
f 1648/3/1422 1660/3/1434 1649/3/1423 1637/3/1411
f 1649/3/1423 1661/3/1435 1662/3/1436 1650/3/1424
f 1650/3/1424 1662/3/1436 1663/3/1437 1651/3/1425
f 1651/3/1425 1663/3/1437 1664/3/1438 1652/3/1426
f 1652/3/1426 1664/3/1438 1665/3/1439 1653/3/1427
f 1653/3/1427 1665/3/1439 1666/3/1440 1654/3/1428
f 1654/3/1428 1666/3/1440 1667/3/1441 1655/3/1429
f 1655/3/1429 1667/3/1441 1668/3/1442 1656/3/1430
f 1656/3/1430 1668/3/1442 1669/3/1443 1657/3/1431
f 1657/3/1431 1669/3/1443 1670/3/1444 1658/3/1432
f 1658/3/1432 1670/3/1444 1671/3/1445 1659/3/1433
f 1659/3/1433 1671/3/1445 1672/3/1446 1660/3/1434
f 1660/3/1434 1672/3/1446 1661/3/1435 1649/3/1423
f 1661/3/1435 1673/3/1447 1674/3/1448 1662/3/1436
f 1662/3/1436 1674/3/1448 1675/3/1449 1663/3/1437
f 1663/3/1437 1675/3/1449 1676/3/1450 1664/3/1438
f 1664/3/1438 1676/3/1450 1677/3/1451 1665/3/1439
f 1665/3/1439 1677/3/1451 1678/3/1452 1666/3/1440
f 1666/3/1440 1678/3/1452 1679/3/1453 1667/3/1441
f 1667/3/1441 1679/3/1453 1680/3/1454 1668/3/1442
f 1668/3/1442 1680/3/1454 1681/3/1455 1669/3/1443
f 1669/3/1443 1681/3/1455 1682/3/1456 1670/3/1444
f 1670/3/1444 1682/3/1456 1683/3/1457 1671/3/1445
f 1671/3/1445 1683/3/1457 1684/3/1458 1672/3/1446
f 1672/3/1446 1684/3/1458 1673/3/1447 1661/3/1435
f 1673/3/1447 1685/3/1459 1686/3/1460 1674/3/1448
f 1674/3/1448 1686/3/1460 1687/3/1461 1675/3/1449
f 1675/3/1449 1687/3/1461 1688/3/1462 1676/3/1450
f 1676/3/1450 1688/3/1462 1689/3/1463 1677/3/1451
f 1677/3/1451 1689/3/1463 1690/3/1464 1678/3/1452
f 1678/3/1452 1690/3/1464 1691/3/1465 1679/3/1453
f 1679/3/1453 1691/3/1465 1692/3/1466 1680/3/1454
f 1680/3/1454 1692/3/1466 1693/3/1467 1681/3/1455
f 1681/3/1455 1693/3/1467 1694/3/1468 1682/3/1456
f 1682/3/1456 1694/3/1468 1695/3/1469 1683/3/1457
f 1683/3/1457 1695/3/1469 1696/3/1470 1684/3/1458
f 1684/3/1458 1696/3/1470 1685/3/1459 1673/3/1447
f 1685/3/1459 1697/3/1471 1698/3/1472 1686/3/1460
f 1686/3/1460 1698/3/1472 1699/3/1473 1687/3/1461
f 1687/3/1461 1699/3/1473 1700/3/1474 1688/3/1462
f 1688/3/1462 1700/3/1474 1701/3/1475 1689/3/1463
f 1689/3/1463 1701/3/1475 1702/3/1476 1690/3/1464
f 1690/3/1464 1702/3/1476 1703/3/1477 1691/3/1465
f 1691/3/1465 1703/3/1477 1704/3/1478 1692/3/1466
f 1692/3/1466 1704/3/1478 1705/3/1479 1693/3/1467
f 1693/3/1467 1705/3/1479 1706/3/1480 1694/3/1468
f 1694/3/1468 1706/3/1480 1707/3/1481 1695/3/1469
f 1695/3/1469 1707/3/1481 1708/3/1482 1696/3/1470
f 1696/3/1470 1708/3/1482 1697/3/1471 1685/3/1459
f 1697/3/1471 1709/3/1483 1710/3/1484 1698/3/1472
f 1698/3/1472 1710/3/1484 1711/3/1485 1699/3/1473
f 1699/3/1473 1711/3/1485 1712/3/1486 1700/3/1474
f 1700/3/1474 1712/3/1486 1713/3/1487 1701/3/1475
f 1701/3/1475 1713/3/1487 1714/3/1488 1702/3/1476
f 1702/3/1476 1714/3/1488 1715/3/1489 1703/3/1477
f 1703/3/1477 1715/3/1489 1716/3/1490 1704/3/1478
f 1704/3/1478 1716/3/1490 1717/3/1491 1705/3/1479
f 1705/3/1479 1717/3/1491 1718/3/1492 1706/3/1480
f 1706/3/1480 1718/3/1492 1719/3/1493 1707/3/1481
f 1707/3/1481 1719/3/1493 1720/3/1494 1708/3/1482
f 1708/3/1482 1720/3/1494 1709/3/1483 1697/3/1471
f 1709/3/1483 1721/3/1495 1722/3/1496 1710/3/1484
f 1710/3/1484 1722/3/1496 1723/3/1497 1711/3/1485
f 1711/3/1485 1723/3/1497 1724/3/1498 1712/3/1486
f 1712/3/1486 1724/3/1498 1725/3/1499 1713/3/1487
f 1713/3/1487 1725/3/1499 1726/3/1500 1714/3/1488
f 1714/3/1488 1726/3/1500 1727/3/1501 1715/3/1489
f 1715/3/1489 1727/3/1501 1728/3/1502 1716/3/1490
f 1716/3/1490 1728/3/1502 1729/3/1503 1717/3/1491
f 1717/3/1491 1729/3/1503 1730/3/1504 1718/3/1492
f 1718/3/1492 1730/3/1504 1731/3/1505 1719/3/1493
f 1719/3/1493 1731/3/1505 1732/3/1506 1720/3/1494
f 1720/3/1494 1732/3/1506 1721/3/1495 1709/3/1483
f 1721/3/1495 1733/3/1507 1734/3/1508 1722/3/1496
f 1722/3/1496 1734/3/1508 1735/3/1509 1723/3/1497
f 1723/3/1497 1735/3/1509 1736/3/1510 1724/3/1498
f 1724/3/1498 1736/3/1510 1737/3/1511 1725/3/1499
f 1725/3/1499 1737/3/1511 1738/3/1512 1726/3/1500
f 1726/3/1500 1738/3/1512 1739/3/1513 1727/3/1501
f 1727/3/1501 1739/3/1513 1740/3/1514 1728/3/1502
f 1728/3/1502 1740/3/1514 1741/3/1515 1729/3/1503
f 1729/3/1503 1741/3/1515 1742/3/1516 1730/3/1504
f 1730/3/1504 1742/3/1516 1743/3/1517 1731/3/1505
f 1731/3/1505 1743/3/1517 1744/3/1518 1732/3/1506
f 1732/3/1506 1744/3/1518 1733/3/1507 1721/3/1495
f 1733/3/1507 1745/3/1519 1746/3/1520 1734/3/1508
f 1734/3/1508 1746/3/1520 1747/3/1521 1735/3/1509
f 1735/3/1509 1747/3/1521 1748/3/1522 1736/3/1510
f 1736/3/1510 1748/3/1522 1749/3/1523 1737/3/1511
f 1737/3/1511 1749/3/1523 1750/3/1524 1738/3/1512
f 1738/3/1512 1750/3/1524 1751/3/1525 1739/3/1513
f 1739/3/1513 1751/3/1525 1752/3/1526 1740/3/1514
f 1740/3/1514 1752/3/1526 1753/3/1527 1741/3/1515
f 1741/3/1515 1753/3/1527 1754/3/1528 1742/3/1516
f 1742/3/1516 1754/3/1528 1755/3/1529 1743/3/1517
f 1743/3/1517 1755/3/1529 1756/3/1530 1744/3/1518
f 1744/3/1518 1756/3/1530 1745/3/1519 1733/3/1507
f 1745/3/1519 1757/3/1531 1758/3/1532 1746/3/1520
f 1746/3/1520 1758/3/1532 1759/3/1533 1747/3/1521
f 1747/3/1521 1759/3/1533 1760/3/1534 1748/3/1522
f 1748/3/1522 1760/3/1534 1761/3/1535 1749/3/1523
f 1749/3/1523 1761/3/1535 1762/3/1536 1750/3/1524
f 1750/3/1524 1762/3/1536 1763/3/1537 1751/3/1525
f 1751/3/1525 1763/3/1537 1764/3/1538 1752/3/1526
f 1752/3/1526 1764/3/1538 1765/3/1539 1753/3/1527
f 1753/3/1527 1765/3/1539 1766/3/1540 1754/3/1528
f 1754/3/1528 1766/3/1540 1767/3/1541 1755/3/1529
f 1755/3/1529 1767/3/1541 1768/3/1542 1756/3/1530
f 1756/3/1530 1768/3/1542 1757/3/1531 1745/3/1519
f 1757/3/1531 1769/3/1543 1770/3/1544 1758/3/1532
f 1758/3/1532 1770/3/1544 1771/3/1545 1759/3/1533
f 1759/3/1533 1771/3/1545 1772/3/1546 1760/3/1534
f 1760/3/1534 1772/3/1546 1773/3/1547 1761/3/1535
f 1761/3/1535 1773/3/1547 1774/3/1548 1762/3/1536
f 1762/3/1536 1774/3/1548 1775/3/1549 1763/3/1537
f 1763/3/1537 1775/3/1549 1776/3/1550 1764/3/1538
f 1764/3/1538 1776/3/1550 1777/3/1551 1765/3/1539
f 1765/3/1539 1777/3/1551 1778/3/1552 1766/3/1540
f 1766/3/1540 1778/3/1552 1779/3/1553 1767/3/1541
f 1767/3/1541 1779/3/1553 1780/3/1554 1768/3/1542
f 1768/3/1542 1780/3/1554 1769/3/1543 1757/3/1531
f 1769/3/1543 1781/3/1555 1782/3/1556 1770/3/1544
f 1770/3/1544 1782/3/1556 1783/3/1557 1771/3/1545
f 1771/3/1545 1783/3/1557 1784/3/1558 1772/3/1546
f 1772/3/1546 1784/3/1558 1785/3/1559 1773/3/1547
f 1773/3/1547 1785/3/1559 1786/3/1560 1774/3/1548
f 1774/3/1548 1786/3/1560 1787/3/1561 1775/3/1549
f 1775/3/1549 1787/3/1561 1788/3/1562 1776/3/1550
f 1776/3/1550 1788/3/1562 1789/3/1563 1777/3/1551
f 1777/3/1551 1789/3/1563 1790/3/1564 1778/3/1552
f 1778/3/1552 1790/3/1564 1791/3/1565 1779/3/1553
f 1779/3/1553 1791/3/1565 1792/3/1566 1780/3/1554
f 1780/3/1554 1792/3/1566 1781/3/1555 1769/3/1543
f 1781/3/1555 1793/3/1567 1794/3/1568 1782/3/1556
f 1782/3/1556 1794/3/1568 1795/3/1569 1783/3/1557
f 1783/3/1557 1795/3/1569 1796/3/226 1784/3/1558
f 1784/3/1558 1796/3/226 1797/3/1570 1785/3/1559
f 1785/3/1559 1797/3/1570 1798/3/1571 1786/3/1560
f 1786/3/1560 1798/3/1571 1799/3/1572 1787/3/1561
f 1787/3/1561 1799/3/1572 1800/3/1573 1788/3/1562
f 1788/3/1562 1800/3/1573 1801/3/1574 1789/3/1563
f 1789/3/1563 1801/3/1574 1802/3/236 1790/3/1564
f 1790/3/1564 1802/3/236 1803/3/1575 1791/3/1565
f 1791/3/1565 1803/3/1575 1804/3/1576 1792/3/1566
f 1792/3/1566 1804/3/1576 1793/3/1567 1781/3/1555
f 1793/3/1567 1805/3/1577 1806/3/1578 1794/3/1568
f 1794/3/1568 1806/3/1578 1807/3/1579 1795/3/1569
f 1795/3/1569 1807/3/1579 1808/3/246 1796/3/226
f 1796/3/226 1808/3/246 1809/3/1580 1797/3/1570
f 1797/3/1570 1809/3/1580 1810/3/1581 1798/3/1571
f 1798/3/1571 1810/3/1581 1811/3/1582 1799/3/1572
f 1799/3/1572 1811/3/1582 1812/3/1583 1800/3/1573
f 1800/3/1573 1812/3/1583 1813/3/1584 1801/3/1574
f 1801/3/1574 1813/3/1584 1814/3/256 1802/3/236
f 1802/3/236 1814/3/256 1815/3/1585 1803/3/1575
f 1803/3/1575 1815/3/1585 1816/3/1586 1804/3/1576
f 1804/3/1576 1816/3/1586 1805/3/1577 1793/3/1567
f 1805/3/1577 1817/3/1587 1818/3/1588 1806/3/1578
f 1806/3/1578 1818/3/1588 1819/3/1589 1807/3/1579
f 1807/3/1579 1819/3/1589 1820/3/284 1808/3/246
f 1808/3/246 1820/3/284 1821/3/1590 1809/3/1580
f 1809/3/1580 1821/3/1590 1822/3/1591 1810/3/1581
f 1810/3/1581 1822/3/1591 1823/3/1592 1811/3/1582
f 1811/3/1582 1823/3/1592 1824/3/1593 1812/3/1583
f 1812/3/1583 1824/3/1593 1825/3/1594 1813/3/1584
f 1813/3/1584 1825/3/1594 1826/3/294 1814/3/256
f 1814/3/256 1826/3/294 1827/3/1595 1815/3/1585
f 1815/3/1585 1827/3/1595 1828/3/1596 1816/3/1586
f 1816/3/1586 1828/3/1596 1817/3/1587 1805/3/1577
f 1817/3/1587 1829/3/1597 1830/3/1598 1818/3/1588
f 1818/3/1588 1830/3/1598 1831/3/1599 1819/3/1589
f 1819/3/1589 1831/3/1599 1832/3/284 1820/3/284
f 1820/3/284 1832/3/284 1833/3/1600 1821/3/1590
f 1821/3/1590 1833/3/1600 1834/3/1601 1822/3/1591
f 1822/3/1591 1834/3/1601 1835/3/1602 1823/3/1592
f 1823/3/1592 1835/3/1602 1836/3/1603 1824/3/1593
f 1824/3/1593 1836/3/1603 1837/3/1604 1825/3/1594
f 1825/3/1594 1837/3/1604 1838/3/294 1826/3/294
f 1826/3/294 1838/3/294 1839/3/1605 1827/3/1595
f 1827/3/1595 1839/3/1605 1840/3/1606 1828/3/1596
f 1828/3/1596 1840/3/1606 1829/3/1597 1817/3/1587
f 1829/3/1597 1841/3/1607 1842/3/1608 1830/3/1598
f 1830/3/1598 1842/3/1608 1843/3/1609 1831/3/1599
f 1831/3/1599 1843/3/1609 1844/3/322 1832/3/284
f 1832/3/284 1844/3/322 1845/3/1610 1833/3/1600
f 1833/3/1600 1845/3/1610 1846/3/1611 1834/3/1601
f 1834/3/1601 1846/3/1611 1847/3/1612 1835/3/1602
f 1835/3/1602 1847/3/1612 1848/3/1613 1836/3/1603
f 1836/3/1603 1848/3/1613 1849/3/1614 1837/3/1604
f 1837/3/1604 1849/3/1614 1850/3/332 1838/3/294
f 1838/3/294 1850/3/332 1851/3/1615 1839/3/1605
f 1839/3/1605 1851/3/1615 1852/3/1616 1840/3/1606
f 1840/3/1606 1852/3/1616 1841/3/1607 1829/3/1597
f 1841/3/1607 1853/3/1617 1854/3/1618 1842/3/1608
f 1842/3/1608 1854/3/1618 1855/3/1619 1843/3/1609
f 1843/3/1609 1855/3/1619 1856/3/322 1844/3/322
f 1844/3/322 1856/3/322 1857/3/1620 1845/3/1610
f 1845/3/1610 1857/3/1620 1858/3/1621 1846/3/1611
f 1846/3/1611 1858/3/1621 1859/3/1622 1847/3/1612
f 1847/3/1612 1859/3/1622 1860/3/1623 1848/3/1613
f 1848/3/1613 1860/3/1623 1861/3/1624 1849/3/1614
f 1849/3/1614 1861/3/1624 1862/3/332 1850/3/332
f 1850/3/332 1862/3/332 1863/3/1625 1851/3/1615
f 1851/3/1615 1863/3/1625 1864/3/1626 1852/3/1616
f 1852/3/1616 1864/3/1626 1853/3/1617 1841/3/1607
f 1853/3/1617 1865/3/1627 1866/3/1628 1854/3/1618
f 1854/3/1618 1866/3/1628 1867/3/1629 1855/3/1619
f 1855/3/1619 1867/3/1629 1868/3/1630 1856/3/322
f 1856/3/322 1868/3/1630 1869/3/1631 1857/3/1620
f 1857/3/1620 1869/3/1631 1870/3/1632 1858/3/1621
f 1858/3/1621 1870/3/1632 1871/3/1633 1859/3/1622
f 1859/3/1622 1871/3/1633 1872/3/1634 1860/3/1623
f 1860/3/1623 1872/3/1634 1873/3/1635 1861/3/1624
f 1861/3/1624 1873/3/1635 1874/3/1636 1862/3/332
f 1862/3/332 1874/3/1636 1875/3/1637 1863/3/1625
f 1863/3/1625 1875/3/1637 1876/3/1638 1864/3/1626
f 1864/3/1626 1876/3/1638 1865/3/1627 1853/3/1617
f 1865/3/1627 1877/3/1639 1878/3/1640 1866/3/1628
f 1866/3/1628 1878/3/1640 1879/3/1641 1867/3/1629
f 1867/3/1629 1879/3/1641 1880/3/1630 1868/3/1630
f 1868/3/1630 1880/3/1630 1881/3/1642 1869/3/1631
f 1869/3/1631 1881/3/1642 1882/3/1643 1870/3/1632
f 1870/3/1632 1882/3/1643 1883/3/1644 1871/3/1633
f 1871/3/1633 1883/3/1644 1884/3/1645 1872/3/1634
f 1872/3/1634 1884/3/1645 1885/3/1646 1873/3/1635
f 1873/3/1635 1885/3/1646 1886/3/1636 1874/3/1636
f 1874/3/1636 1886/3/1636 1887/3/1647 1875/3/1637
f 1875/3/1637 1887/3/1647 1888/3/1648 1876/3/1638
f 1876/3/1638 1888/3/1648 1877/3/1639 1865/3/1627
f 1877/3/1639 1889/3/482 1890/3/1649 1878/3/1640
f 1878/3/1640 1890/3/1649 1891/3/1650 1879/3/1641
f 1879/3/1641 1891/3/1650 1892/3/206 1880/3/1630
f 1880/3/1630 1892/3/206 1893/3/1651 1881/3/1642
f 1881/3/1642 1893/3/1651 1894/3/1652 1882/3/1643
f 1882/3/1643 1894/3/1652 1895/3/491 1883/3/1644
f 1883/3/1644 1895/3/491 1896/3/1653 1884/3/1645
f 1884/3/1645 1896/3/1653 1897/3/1654 1885/3/1646
f 1885/3/1646 1897/3/1654 1898/3/405 1886/3/1636
f 1886/3/1636 1898/3/405 1899/3/1655 1887/3/1647
f 1887/3/1647 1899/3/1655 1900/3/1656 1888/3/1648
f 1888/3/1648 1900/3/1656 1889/3/482 1877/3/1639
f 1889/3/482 1901/3/482 1902/3/1657 1890/3/1649
f 1890/3/1649 1902/3/1657 1903/3/1650 1891/3/1650
f 1891/3/1650 1903/3/1650 1904/3/206 1892/3/206
f 1892/3/206 1904/3/206 1905/3/1651 1893/3/1651
f 1893/3/1651 1905/3/1651 1906/3/1658 1894/3/1652
f 1894/3/1652 1906/3/1658 1907/3/491 1895/3/491
f 1895/3/491 1907/3/491 1908/3/1659 1896/3/1653
f 1896/3/1653 1908/3/1659 1909/3/1654 1897/3/1654
f 1897/3/1654 1909/3/1654 1910/3/405 1898/3/405
f 1898/3/405 1910/3/405 1911/3/1655 1899/3/1655
f 1899/3/1655 1911/3/1655 1912/3/1660 1900/3/1656
f 1900/3/1656 1912/3/1660 1901/3/482 1889/3/482
f 1901/3/482 1913/3/500 1914/3/1661 1902/3/1657
f 1902/3/1657 1914/3/1661 1915/3/1650 1903/3/1650
f 1903/3/1650 1915/3/1650 1916/3/206 1904/3/206
f 1904/3/206 1916/3/206 1917/3/1651 1905/3/1651
f 1905/3/1651 1917/3/1651 1918/3/1662 1906/3/1658
f 1906/3/1658 1918/3/1662 1919/3/503 1907/3/491
f 1907/3/491 1919/3/503 1920/3/1663 1908/3/1659
f 1908/3/1659 1920/3/1663 1921/3/1654 1909/3/1654
f 1909/3/1654 1921/3/1654 1922/3/405 1910/3/405
f 1910/3/405 1922/3/405 1923/3/1655 1911/3/1655
f 1911/3/1655 1923/3/1655 1924/3/1664 1912/3/1660
f 1912/3/1660 1924/3/1664 1913/3/500 1901/3/482
f 1913/3/500 1925/3/506 1926/3/1665 1914/3/1661
f 1914/3/1661 1926/3/1665 1927/3/1666 1915/3/1650
f 1915/3/1650 1927/3/1666 1928/3/206 1916/3/206
f 1916/3/206 1928/3/206 1929/3/1667 1917/3/1651
f 1917/3/1651 1929/3/1667 1930/3/1668 1918/3/1662
f 1918/3/1662 1930/3/1668 1931/3/511 1919/3/503
f 1919/3/503 1931/3/511 1932/3/1669 1920/3/1663
f 1920/3/1663 1932/3/1669 1933/3/1670 1921/3/1654
f 1921/3/1654 1933/3/1670 1934/3/405 1922/3/405
f 1922/3/405 1934/3/405 1935/3/1671 1923/3/1655
f 1923/3/1655 1935/3/1671 1936/3/1672 1924/3/1664
f 1924/3/1664 1936/3/1672 1925/3/506 1913/3/500
f 1925/3/506 1937/3/516 1938/3/1673 1926/3/1665
f 1926/3/1665 1938/3/1673 1939/3/1674 1927/3/1666
f 1927/3/1666 1939/3/1674 1940/3/206 1928/3/206
f 1928/3/206 1940/3/206 1941/3/1675 1929/3/1667
f 1929/3/1667 1941/3/1675 1942/3/1676 1930/3/1668
f 1930/3/1668 1942/3/1676 1943/3/523 1931/3/511
f 1931/3/511 1943/3/523 1944/3/1677 1932/3/1669
f 1932/3/1669 1944/3/1677 1945/3/1678 1933/3/1670
f 1933/3/1670 1945/3/1678 1946/3/405 1934/3/405
f 1934/3/405 1946/3/405 1947/3/1679 1935/3/1671
f 1935/3/1671 1947/3/1679 1948/3/1680 1936/3/1672
f 1936/3/1672 1948/3/1680 1937/3/516 1925/3/506
f 1937/3/516 1949/3/1203 1950/3/1681 1938/3/1673
f 1938/3/1673 1950/3/1681 1951/3/1682 1939/3/1674
f 1939/3/1674 1951/3/1682 1952/3/206 1940/3/206
f 1940/3/206 1952/3/206 1953/3/1683 1941/3/1675
f 1941/3/1675 1953/3/1683 1954/3/1684 1942/3/1676
f 1942/3/1676 1954/3/1684 1955/3/1208 1943/3/523
f 1943/3/523 1955/3/1208 1956/3/1685 1944/3/1677
f 1944/3/1677 1956/3/1685 1957/3/1686 1945/3/1678
f 1945/3/1678 1957/3/1686 1958/3/405 1946/3/405
f 1946/3/405 1958/3/405 1959/3/1687 1947/3/1679
f 1947/3/1679 1959/3/1687 1960/3/1688 1948/3/1680
f 1948/3/1680 1960/3/1688 1949/3/1203 1937/3/516
f 1949/3/1203 1961/3/1213 1962/3/1689 1950/3/1681
f 1950/3/1681 1962/3/1689 1963/3/1690 1951/3/1682
f 1951/3/1682 1963/3/1690 1964/3/206 1952/3/206
f 1952/3/206 1964/3/206 1965/3/1691 1953/3/1683
f 1953/3/1683 1965/3/1691 1966/3/1692 1954/3/1684
f 1954/3/1684 1966/3/1692 1967/3/1218 1955/3/1208
f 1955/3/1208 1967/3/1218 1968/3/1693 1956/3/1685
f 1956/3/1685 1968/3/1693 1969/3/1694 1957/3/1686
f 1957/3/1686 1969/3/1694 1970/3/405 1958/3/405
f 1958/3/405 1970/3/405 1971/3/1695 1959/3/1687
f 1959/3/1687 1971/3/1695 1972/3/1696 1960/3/1688
f 1960/3/1688 1972/3/1696 1961/3/1213 1949/3/1203
f 1961/3/1213 1973/3/1697 1974/3/1698 1962/3/1689
f 1962/3/1689 1974/3/1698 1975/3/1699 1963/3/1690
f 1963/3/1690 1975/3/1699 1976/3/206 1964/3/206
f 1964/3/206 1976/3/206 1977/3/1700 1965/3/1691
f 1965/3/1691 1977/3/1700 1978/3/1701 1966/3/1692
f 1966/3/1692 1978/3/1701 1979/3/1702 1967/3/1218
f 1967/3/1218 1979/3/1702 1980/3/1703 1968/3/1693
f 1968/3/1693 1980/3/1703 1981/3/1704 1969/3/1694
f 1969/3/1694 1981/3/1704 1982/3/405 1970/3/405
f 1970/3/405 1982/3/405 1983/3/1705 1971/3/1695
f 1971/3/1695 1983/3/1705 1984/3/1706 1972/3/1696
f 1972/3/1696 1984/3/1706 1973/3/1697 1961/3/1213
f 1973/3/1697 1985/3/1707 1986/3/1708 1974/3/1698
f 1974/3/1698 1986/3/1708 1987/3/1709 1975/3/1699
f 1975/3/1699 1987/3/1709 1988/3/621 1976/3/206
f 1976/3/206 1988/3/621 1989/3/1710 1977/3/1700
f 1977/3/1700 1989/3/1710 1990/3/1711 1978/3/1701
f 1978/3/1701 1990/3/1711 1991/3/1712 1979/3/1702
f 1979/3/1702 1991/3/1712 1992/3/1713 1980/3/1703
f 1980/3/1703 1992/3/1713 1993/3/1714 1981/3/1704
f 1981/3/1704 1993/3/1714 1994/3/631 1982/3/405
f 1982/3/405 1994/3/631 1995/3/1715 1983/3/1705
f 1983/3/1705 1995/3/1715 1996/3/1716 1984/3/1706
f 1984/3/1706 1996/3/1716 1985/3/1707 1973/3/1697
f 1985/3/1707 1997/3/1717 1998/3/1718 1986/3/1708
f 1986/3/1708 1998/3/1718 1999/3/1719 1987/3/1709
f 1987/3/1709 1999/3/1719 2000/3/621 1988/3/621
f 1988/3/621 2000/3/621 2001/3/1720 1989/3/1710
f 1989/3/1710 2001/3/1720 2002/3/1721 1990/3/1711
f 1990/3/1711 2002/3/1721 2003/3/1722 1991/3/1712
f 1991/3/1712 2003/3/1722 2004/3/1723 1992/3/1713
f 1992/3/1713 2004/3/1723 2005/3/1724 1993/3/1714
f 1993/3/1714 2005/3/1724 2006/3/631 1994/3/631
f 1994/3/631 2006/3/631 2007/3/1725 1995/3/1715
f 1995/3/1715 2007/3/1725 2008/3/1726 1996/3/1716
f 1996/3/1716 2008/3/1726 1997/3/1717 1985/3/1707
f 1997/3/1717 2009/3/1727 2010/3/1728 1998/3/1718
f 1998/3/1718 2010/3/1728 2011/3/1729 1999/3/1719
f 1999/3/1719 2011/3/1729 2012/3/677 2000/3/621
f 2000/3/621 2012/3/677 2013/3/1730 2001/3/1720
f 2001/3/1720 2013/3/1730 2014/3/1731 2002/3/1721
f 2002/3/1721 2014/3/1731 2015/3/1732 2003/3/1722
f 2003/3/1722 2015/3/1732 2016/3/1733 2004/3/1723
f 2004/3/1723 2016/3/1733 2017/3/1734 2005/3/1724
f 2005/3/1724 2017/3/1734 2018/3/687 2006/3/631
f 2006/3/631 2018/3/687 2019/3/1735 2007/3/1725
f 2007/3/1725 2019/3/1735 2020/3/1736 2008/3/1726
f 2008/3/1726 2020/3/1736 2009/3/1727 1997/3/1717
f 2009/3/1727 2021/3/1737 2022/3/1738 2010/3/1728
f 2010/3/1728 2022/3/1738 2023/3/1739 2011/3/1729
f 2011/3/1729 2023/3/1739 2024/3/715 2012/3/677
f 2012/3/677 2024/3/715 2025/3/1740 2013/3/1730
f 2013/3/1730 2025/3/1740 2026/3/1741 2014/3/1731
f 2014/3/1731 2026/3/1741 2027/3/1742 2015/3/1732
f 2015/3/1732 2027/3/1742 2028/3/1743 2016/3/1733
f 2016/3/1733 2028/3/1743 2029/3/1744 2017/3/1734
f 2017/3/1734 2029/3/1744 2030/3/725 2018/3/687
f 2018/3/687 2030/3/725 2031/3/1745 2019/3/1735
f 2019/3/1735 2031/3/1745 2032/3/1746 2020/3/1736
f 2020/3/1736 2032/3/1746 2021/3/1737 2009/3/1727
f 2021/3/1737 2033/3/1747 2034/3/1748 2022/3/1738
f 2022/3/1738 2034/3/1748 2035/3/1749 2023/3/1739
f 2023/3/1739 2035/3/1749 2036/3/1750 2024/3/715
f 2024/3/715 2036/3/1750 2037/3/1751 2025/3/1740
f 2025/3/1740 2037/3/1751 2038/3/1752 2026/3/1741
f 2026/3/1741 2038/3/1752 2039/3/1753 2027/3/1742
f 2027/3/1742 2039/3/1753 2040/3/1754 2028/3/1743
f 2028/3/1743 2040/3/1754 2041/3/1755 2029/3/1744
f 2029/3/1744 2041/3/1755 2042/3/1756 2030/3/725
f 2030/3/725 2042/3/1756 2043/3/1757 2031/3/1745
f 2031/3/1745 2043/3/1757 2044/3/1758 2032/3/1746
f 2032/3/1746 2044/3/1758 2033/3/1747 2021/3/1737
f 2033/3/1747 2045/3/1759 2046/3/1760 2034/3/1748
f 2034/3/1748 2046/3/1760 2047/3/1761 2035/3/1749
f 2035/3/1749 2047/3/1761 2048/3/1762 2036/3/1750
f 2036/3/1750 2048/3/1762 2049/3/1763 2037/3/1751
f 2037/3/1751 2049/3/1763 2050/3/1764 2038/3/1752
f 2038/3/1752 2050/3/1764 2051/3/1765 2039/3/1753
f 2039/3/1753 2051/3/1765 2052/3/1766 2040/3/1754
f 2040/3/1754 2052/3/1766 2053/3/1767 2041/3/1755
f 2041/3/1755 2053/3/1767 2054/3/1768 2042/3/1756
f 2042/3/1756 2054/3/1768 2055/3/1769 2043/3/1757
f 2043/3/1757 2055/3/1769 2056/3/1770 2044/3/1758
f 2044/3/1758 2056/3/1770 2045/3/1759 2033/3/1747
f 2045/3/1759 2057/3/1771 2058/3/1772 2046/3/1760
f 2046/3/1760 2058/3/1772 2059/3/1773 2047/3/1761
f 2047/3/1761 2059/3/1773 2060/3/1774 2048/3/1762
f 2048/3/1762 2060/3/1774 2061/3/1775 2049/3/1763
f 2049/3/1763 2061/3/1775 2062/3/1776 2050/3/1764
f 2050/3/1764 2062/3/1776 2063/3/1777 2051/3/1765
f 2051/3/1765 2063/3/1777 2064/3/1778 2052/3/1766
f 2052/3/1766 2064/3/1778 2065/3/1779 2053/3/1767
f 2053/3/1767 2065/3/1779 2066/3/1780 2054/3/1768
f 2054/3/1768 2066/3/1780 2067/3/1781 2055/3/1769
f 2055/3/1769 2067/3/1781 2068/3/1782 2056/3/1770
f 2056/3/1770 2068/3/1782 2057/3/1771 2045/3/1759
f 2057/3/1771 2069/3/1783 2070/3/1784 2058/3/1772
f 2058/3/1772 2070/3/1784 2071/3/1785 2059/3/1773
f 2059/3/1773 2071/3/1785 2072/3/1786 2060/3/1774
f 2060/3/1774 2072/3/1786 2073/3/1787 2061/3/1775
f 2061/3/1775 2073/3/1787 2074/3/1788 2062/3/1776
f 2062/3/1776 2074/3/1788 2075/3/1789 2063/3/1777
f 2063/3/1777 2075/3/1789 2076/3/1790 2064/3/1778
f 2064/3/1778 2076/3/1790 2077/3/1791 2065/3/1779
f 2065/3/1779 2077/3/1791 2078/3/1792 2066/3/1780
f 2066/3/1780 2078/3/1792 2079/3/1793 2067/3/1781
f 2067/3/1781 2079/3/1793 2080/3/1794 2068/3/1782
f 2068/3/1782 2080/3/1794 2069/3/1783 2057/3/1771
f 2069/3/1783 2081/3/1795 2082/3/1796 2070/3/1784
f 2070/3/1784 2082/3/1796 2083/3/1797 2071/3/1785
f 2071/3/1785 2083/3/1797 2084/3/1798 2072/3/1786
f 2072/3/1786 2084/3/1798 2085/3/1799 2073/3/1787
f 2073/3/1787 2085/3/1799 2086/3/1800 2074/3/1788
f 2074/3/1788 2086/3/1800 2087/3/1801 2075/3/1789
f 2075/3/1789 2087/3/1801 2088/3/1802 2076/3/1790
f 2076/3/1790 2088/3/1802 2089/3/1803 2077/3/1791
f 2077/3/1791 2089/3/1803 2090/3/1804 2078/3/1792
f 2078/3/1792 2090/3/1804 2091/3/1805 2079/3/1793
f 2079/3/1793 2091/3/1805 2092/3/1806 2080/3/1794
f 2080/3/1794 2092/3/1806 2081/3/1795 2069/3/1783
f 2081/3/1795 2093/3/1807 2094/3/1808 2082/3/1796
f 2082/3/1796 2094/3/1808 2095/3/1809 2083/3/1797
f 2083/3/1797 2095/3/1809 2096/3/1810 2084/3/1798
f 2084/3/1798 2096/3/1810 2097/3/1811 2085/3/1799
f 2085/3/1799 2097/3/1811 2098/3/1812 2086/3/1800
f 2086/3/1800 2098/3/1812 2099/3/1813 2087/3/1801
f 2087/3/1801 2099/3/1813 2100/3/1814 2088/3/1802
f 2088/3/1802 2100/3/1814 2101/3/1815 2089/3/1803
f 2089/3/1803 2101/3/1815 2102/3/1816 2090/3/1804
f 2090/3/1804 2102/3/1816 2103/3/1817 2091/3/1805
f 2091/3/1805 2103/3/1817 2104/3/1818 2092/3/1806
f 2092/3/1806 2104/3/1818 2093/3/1807 2081/3/1795
f 2093/3/1807 2105/3/1819 2106/3/1820 2094/3/1808
f 2094/3/1808 2106/3/1820 2107/3/1821 2095/3/1809
f 2095/3/1809 2107/3/1821 2108/3/1822 2096/3/1810
f 2096/3/1810 2108/3/1822 2109/3/1823 2097/3/1811
f 2097/3/1811 2109/3/1823 2110/3/1824 2098/3/1812
f 2098/3/1812 2110/3/1824 2111/3/1825 2099/3/1813
f 2099/3/1813 2111/3/1825 2112/3/1826 2100/3/1814
f 2100/3/1814 2112/3/1826 2113/3/1827 2101/3/1815
f 2101/3/1815 2113/3/1827 2114/3/1828 2102/3/1816
f 2102/3/1816 2114/3/1828 2115/3/1829 2103/3/1817
f 2103/3/1817 2115/3/1829 2116/3/1830 2104/3/1818
f 2104/3/1818 2116/3/1830 2105/3/1819 2093/3/1807
f 2105/3/1819 2117/3/1831 2118/3/1832 2106/3/1820
f 2106/3/1820 2118/3/1832 2119/3/1833 2107/3/1821
f 2107/3/1821 2119/3/1833 2120/3/1834 2108/3/1822
f 2108/3/1822 2120/3/1834 2121/3/1835 2109/3/1823
f 2109/3/1823 2121/3/1835 2122/3/1836 2110/3/1824
f 2110/3/1824 2122/3/1836 2123/3/1837 2111/3/1825
f 2111/3/1825 2123/3/1837 2124/3/1838 2112/3/1826
f 2112/3/1826 2124/3/1838 2125/3/1839 2113/3/1827
f 2113/3/1827 2125/3/1839 2126/3/1840 2114/3/1828
f 2114/3/1828 2126/3/1840 2127/3/1841 2115/3/1829
f 2115/3/1829 2127/3/1841 2128/3/1842 2116/3/1830
f 2116/3/1830 2128/3/1842 2117/3/1831 2105/3/1819
f 1648/3/1422 1637/3/1411 1638/3/1412 1639/3/1413 1640/3/1414 1641/3/1415 1642/3/1416 1643/3/1417 1644/3/1418 1645/3/1419 1646/3/1420 1647/3/1421
f 2117/3/1831 2128/3/1842 2127/3/1841 2126/3/1840 2125/3/1839 2124/3/1838 2123/3/1837 2122/3/1836 2121/3/1835 2120/3/1834 2119/3/1833 2118/3/1832
f 2129/4/1843 2135/4/1849 2140/4/1854 2134/4/1848
f 2130/4/1844 2136/4/1850 2135/4/1849 2129/4/1843
f 2131/4/1845 2137/4/1851 2136/4/1850 2130/4/1844
f 2132/4/1846 2138/4/1852 2137/4/1851 2131/4/1845
f 2133/4/1847 2139/4/1853 2138/4/1852 2132/4/1846
f 2134/4/1848 2140/4/1854 2139/4/1853 2133/4/1847
f 2135/4/1849 2141/4/1855 2146/4/1860 2140/4/1854
f 2136/4/1850 2142/4/1856 2141/4/1855 2135/4/1849
f 2137/4/1851 2143/4/1857 2142/4/1856 2136/4/1850
f 2138/4/1852 2144/4/1858 2143/4/1857 2137/4/1851
f 2139/4/1853 2145/4/1859 2144/4/1858 2138/4/1852
f 2140/4/1854 2146/4/1860 2145/4/1859 2139/4/1853
f 2141/4/1855 2147/4/1861 2152/4/1866 2146/4/1860
f 2142/4/1856 2148/4/1862 2147/4/1861 2141/4/1855
f 2143/4/1857 2149/4/1863 2148/4/1862 2142/4/1856
f 2144/4/1858 2150/4/1864 2149/4/1863 2143/4/1857
f 2145/4/1859 2151/4/1865 2150/4/1864 2144/4/1858
f 2146/4/1860 2152/4/1866 2151/4/1865 2145/4/1859
f 2147/4/1861 2153/4/1867 2158/4/1872 2152/4/1866
f 2148/4/1862 2154/4/1868 2153/4/1867 2147/4/1861
f 2149/4/1863 2155/4/1869 2154/4/1868 2148/4/1862
f 2150/4/1864 2156/4/1870 2155/4/1869 2149/4/1863
f 2151/4/1865 2157/4/1871 2156/4/1870 2150/4/1864
f 2152/4/1866 2158/4/1872 2157/4/1871 2151/4/1865
f 2153/4/1867 2159/4/1873 2164/4/1878 2158/4/1872
f 2154/4/1868 2160/4/1874 2159/4/1873 2153/4/1867
f 2155/4/1869 2161/4/1875 2160/4/1874 2154/4/1868
f 2156/4/1870 2162/4/1876 2161/4/1875 2155/4/1869
f 2157/4/1871 2163/4/1877 2162/4/1876 2156/4/1870
f 2158/4/1872 2164/4/1878 2163/4/1877 2157/4/1871
f 2159/4/1873 2165/4/1879 2170/4/1884 2164/4/1878
f 2160/4/1874 2166/4/1880 2165/4/1879 2159/4/1873
f 2161/4/1875 2167/4/1881 2166/4/1880 2160/4/1874
f 2162/4/1876 2168/4/1882 2167/4/1881 2161/4/1875
f 2163/4/1877 2169/4/1883 2168/4/1882 2162/4/1876
f 2164/4/1878 2170/4/1884 2169/4/1883 2163/4/1877
f 2165/4/1879 2171/4/1885 2176/4/1890 2170/4/1884
f 2166/4/1880 2172/4/1886 2171/4/1885 2165/4/1879
f 2167/4/1881 2173/4/1887 2172/4/1886 2166/4/1880
f 2168/4/1882 2174/4/1888 2173/4/1887 2167/4/1881
f 2169/4/1883 2175/4/1889 2174/4/1888 2168/4/1882
f 2170/4/1884 2176/4/1890 2175/4/1889 2169/4/1883
f 2171/4/1885 2177/4/1891 2182/4/1896 2176/4/1890
f 2172/4/1886 2178/4/1892 2177/4/1891 2171/4/1885
f 2173/4/1887 2179/4/1893 2178/4/1892 2172/4/1886
f 2174/4/1888 2180/4/1894 2179/4/1893 2173/4/1887
f 2175/4/1889 2181/4/1895 2180/4/1894 2174/4/1888
f 2176/4/1890 2182/4/1896 2181/4/1895 2175/4/1889
f 2177/4/1891 2183/4/1897 2188/4/1902 2182/4/1896
f 2178/4/1892 2184/4/1898 2183/4/1897 2177/4/1891
f 2179/4/1893 2185/4/1899 2184/4/1898 2178/4/1892
f 2180/4/1894 2186/4/1900 2185/4/1899 2179/4/1893
f 2181/4/1895 2187/4/1901 2186/4/1900 2180/4/1894
f 2182/4/1896 2188/4/1902 2187/4/1901 2181/4/1895
f 2183/4/1897 2189/4/1903 2194/4/1908 2188/4/1902
f 2184/4/1898 2190/4/1904 2189/4/1903 2183/4/1897
f 2185/4/1899 2191/4/1905 2190/4/1904 2184/4/1898
f 2186/4/1900 2192/4/1906 2191/4/1905 2185/4/1899
f 2187/4/1901 2193/4/1907 2192/4/1906 2186/4/1900
f 2188/4/1902 2194/4/1908 2193/4/1907 2187/4/1901
f 2189/4/1903 2195/4/1909 2200/4/1914 2194/4/1908
f 2190/4/1904 2196/4/1910 2195/4/1909 2189/4/1903
f 2191/4/1905 2197/4/1911 2196/4/1910 2190/4/1904
f 2192/4/1906 2198/4/1912 2197/4/1911 2191/4/1905
f 2193/4/1907 2199/4/1913 2198/4/1912 2192/4/1906
f 2194/4/1908 2200/4/1914 2199/4/1913 2193/4/1907
f 2195/4/1909 2201/4/1915 2206/4/1920 2200/4/1914
f 2196/4/1910 2202/4/1916 2201/4/1915 2195/4/1909
f 2197/4/1911 2203/4/1917 2202/4/1916 2196/4/1910
f 2198/4/1912 2204/4/1918 2203/4/1917 2197/4/1911
f 2199/4/1913 2205/4/1919 2204/4/1918 2198/4/1912
f 2200/4/1914 2206/4/1920 2205/4/1919 2199/4/1913
f 2201/4/1915 2207/4/1921 2212/4/1926 2206/4/1920
f 2202/4/1916 2208/4/1922 2207/4/1921 2201/4/1915
f 2203/4/1917 2209/4/1923 2208/4/1922 2202/4/1916
f 2204/4/1918 2210/4/1924 2209/4/1923 2203/4/1917
f 2205/4/1919 2211/4/1925 2210/4/1924 2204/4/1918
f 2206/4/1920 2212/4/1926 2211/4/1925 2205/4/1919
f 2207/4/1921 2213/4/1927 2218/4/1932 2212/4/1926
f 2208/4/1922 2214/4/1928 2213/4/1927 2207/4/1921
f 2209/4/1923 2215/4/1929 2214/4/1928 2208/4/1922
f 2210/4/1924 2216/4/1930 2215/4/1929 2209/4/1923
f 2211/4/1925 2217/4/1931 2216/4/1930 2210/4/1924
f 2212/4/1926 2218/4/1932 2217/4/1931 2211/4/1925
f 2213/4/1927 2219/4/1933 2224/4/1938 2218/4/1932
f 2214/4/1928 2220/4/1934 2219/4/1933 2213/4/1927
f 2215/4/1929 2221/4/1935 2220/4/1934 2214/4/1928
f 2216/4/1930 2222/4/1936 2221/4/1935 2215/4/1929
f 2217/4/1931 2223/4/1937 2222/4/1936 2216/4/1930
f 2218/4/1932 2224/4/1938 2223/4/1937 2217/4/1931
f 2219/4/1933 2225/4/1939 2230/4/1944 2224/4/1938
f 2220/4/1934 2226/4/1940 2225/4/1939 2219/4/1933
f 2221/4/1935 2227/4/1941 2226/4/1940 2220/4/1934
f 2222/4/1936 2228/4/1942 2227/4/1941 2221/4/1935
f 2223/4/1937 2229/4/1943 2228/4/1942 2222/4/1936
f 2224/4/1938 2230/4/1944 2229/4/1943 2223/4/1937
f 2225/4/1939 2231/4/1945 2236/4/1950 2230/4/1944
f 2226/4/1940 2232/4/1946 2231/4/1945 2225/4/1939
f 2227/4/1941 2233/4/1947 2232/4/1946 2226/4/1940
f 2228/4/1942 2234/4/1948 2233/4/1947 2227/4/1941
f 2229/4/1943 2235/4/1949 2234/4/1948 2228/4/1942
f 2230/4/1944 2236/4/1950 2235/4/1949 2229/4/1943
f 2231/4/1945 2237/4/1951 2242/4/1956 2236/4/1950
f 2232/4/1946 2238/4/1952 2237/4/1951 2231/4/1945
f 2233/4/1947 2239/4/1953 2238/4/1952 2232/4/1946
f 2234/4/1948 2240/4/1954 2239/4/1953 2233/4/1947
f 2235/4/1949 2241/4/1955 2240/4/1954 2234/4/1948
f 2236/4/1950 2242/4/1956 2241/4/1955 2235/4/1949
f 2237/4/1951 2243/4/1957 2248/4/1962 2242/4/1956
f 2238/4/1952 2244/4/1958 2243/4/1957 2237/4/1951
f 2239/4/1953 2245/4/1959 2244/4/1958 2238/4/1952
f 2240/4/1954 2246/4/1960 2245/4/1959 2239/4/1953
f 2241/4/1955 2247/4/1961 2246/4/1960 2240/4/1954
f 2242/4/1956 2248/4/1962 2247/4/1961 2241/4/1955
f 2243/4/1957 2249/4/1963 2254/4/1968 2248/4/1962
f 2244/4/1958 2250/4/1964 2249/4/1963 2243/4/1957
f 2245/4/1959 2251/4/1965 2250/4/1964 2244/4/1958
f 2246/4/1960 2252/4/1966 2251/4/1965 2245/4/1959
f 2247/4/1961 2253/4/1967 2252/4/1966 2246/4/1960
f 2248/4/1962 2254/4/1968 2253/4/1967 2247/4/1961
f 2249/4/1963 2255/4/1969 2260/4/1974 2254/4/1968
f 2250/4/1964 2256/4/1970 2255/4/1969 2249/4/1963
f 2251/4/1965 2257/4/1971 2256/4/1970 2250/4/1964
f 2252/4/1966 2258/4/1972 2257/4/1971 2251/4/1965
f 2253/4/1967 2259/4/1973 2258/4/1972 2252/4/1966
f 2254/4/1968 2260/4/1974 2259/4/1973 2253/4/1967
f 2255/4/1969 2261/4/1975 2266/4/1980 2260/4/1974
f 2256/4/1970 2262/4/1976 2261/4/1975 2255/4/1969
f 2257/4/1971 2263/4/1977 2262/4/1976 2256/4/1970
f 2258/4/1972 2264/4/1978 2263/4/1977 2257/4/1971
f 2259/4/1973 2265/4/1979 2264/4/1978 2258/4/1972
f 2260/4/1974 2266/4/1980 2265/4/1979 2259/4/1973
f 2261/4/1975 2267/4/1981 2272/4/1984 2266/4/1980
f 2262/4/1976 2268/4/1976 2267/4/1981 2261/4/1975
f 2263/4/1977 2269/4/1982 2268/4/1976 2262/4/1976
f 2264/4/1978 2270/4/1983 2269/4/1982 2263/4/1977
f 2265/4/1979 2271/4/1979 2270/4/1983 2264/4/1978
f 2266/4/1980 2272/4/1984 2271/4/1979 2265/4/1979
f 2267/4/1981 2273/4/1985 2278/4/1990 2272/4/1984
f 2268/4/1976 2274/4/1986 2273/4/1985 2267/4/1981
f 2269/4/1982 2275/4/1987 2274/4/1986 2268/4/1976
f 2270/4/1983 2276/4/1988 2275/4/1987 2269/4/1982
f 2271/4/1979 2277/4/1989 2276/4/1988 2270/4/1983
f 2272/4/1984 2278/4/1990 2277/4/1989 2271/4/1979
f 2273/4/1985 2279/4/1991 2284/4/1996 2278/4/1990
f 2274/4/1986 2280/4/1992 2279/4/1991 2273/4/1985
f 2275/4/1987 2281/4/1993 2280/4/1992 2274/4/1986
f 2276/4/1988 2282/4/1994 2281/4/1993 2275/4/1987
f 2277/4/1989 2283/4/1995 2282/4/1994 2276/4/1988
f 2278/4/1990 2284/4/1996 2283/4/1995 2277/4/1989
f 2279/4/1991 2285/4/1997 2290/4/2002 2284/4/1996
f 2280/4/1992 2286/4/1998 2285/4/1997 2279/4/1991
f 2281/4/1993 2287/4/1999 2286/4/1998 2280/4/1992
f 2282/4/1994 2288/4/2000 2287/4/1999 2281/4/1993
f 2283/4/1995 2289/4/2001 2288/4/2000 2282/4/1994
f 2284/4/1996 2290/4/2002 2289/4/2001 2283/4/1995
f 2285/4/1997 2291/4/2003 2296/4/2008 2290/4/2002
f 2286/4/1998 2292/4/2004 2291/4/2003 2285/4/1997
f 2287/4/1999 2293/4/2005 2292/4/2004 2286/4/1998
f 2288/4/2000 2294/4/2006 2293/4/2005 2287/4/1999
f 2289/4/2001 2295/4/2007 2294/4/2006 2288/4/2000
f 2290/4/2002 2296/4/2008 2295/4/2007 2289/4/2001
f 2291/4/2003 2297/4/2009 2302/4/2014 2296/4/2008
f 2292/4/2004 2298/4/2010 2297/4/2009 2291/4/2003
f 2293/4/2005 2299/4/2011 2298/4/2010 2292/4/2004
f 2294/4/2006 2300/4/2012 2299/4/2011 2293/4/2005
f 2295/4/2007 2301/4/2013 2300/4/2012 2294/4/2006
f 2296/4/2008 2302/4/2014 2301/4/2013 2295/4/2007
f 2297/4/2009 2303/4/2015 2308/4/2020 2302/4/2014
f 2298/4/2010 2304/4/2016 2303/4/2015 2297/4/2009
f 2299/4/2011 2305/4/2017 2304/4/2016 2298/4/2010
f 2300/4/2012 2306/4/2018 2305/4/2017 2299/4/2011
f 2301/4/2013 2307/4/2019 2306/4/2018 2300/4/2012
f 2302/4/2014 2308/4/2020 2307/4/2019 2301/4/2013
f 2303/4/2015 2309/4/2021 2314/4/2026 2308/4/2020
f 2304/4/2016 2310/4/2022 2309/4/2021 2303/4/2015
f 2305/4/2017 2311/4/2023 2310/4/2022 2304/4/2016
f 2306/4/2018 2312/4/2024 2311/4/2023 2305/4/2017
f 2307/4/2019 2313/4/2025 2312/4/2024 2306/4/2018
f 2308/4/2020 2314/4/2026 2313/4/2025 2307/4/2019
f 2309/4/2021 2315/4/2027 2320/4/2032 2314/4/2026
f 2310/4/2022 2316/4/2028 2315/4/2027 2309/4/2021
f 2311/4/2023 2317/4/2029 2316/4/2028 2310/4/2022
f 2312/4/2024 2318/4/2030 2317/4/2029 2311/4/2023
f 2313/4/2025 2319/4/2031 2318/4/2030 2312/4/2024
f 2314/4/2026 2320/4/2032 2319/4/2031 2313/4/2025
f 2315/4/2027 2321/4/2033 2326/4/2038 2320/4/2032
f 2316/4/2028 2322/4/2034 2321/4/2033 2315/4/2027
f 2317/4/2029 2323/4/2035 2322/4/2034 2316/4/2028
f 2318/4/2030 2324/4/2036 2323/4/2035 2317/4/2029
f 2319/4/2031 2325/4/2037 2324/4/2036 2318/4/2030
f 2320/4/2032 2326/4/2038 2325/4/2037 2319/4/2031
f 2321/4/2033 2327/4/2039 2332/4/2044 2326/4/2038
f 2322/4/2034 2328/4/2040 2327/4/2039 2321/4/2033
f 2323/4/2035 2329/4/2041 2328/4/2040 2322/4/2034
f 2324/4/2036 2330/4/2042 2329/4/2041 2323/4/2035
f 2325/4/2037 2331/4/2043 2330/4/2042 2324/4/2036
f 2326/4/2038 2332/4/2044 2331/4/2043 2325/4/2037
f 2327/4/2039 2333/4/2045 2338/4/2050 2332/4/2044
f 2328/4/2040 2334/4/2046 2333/4/2045 2327/4/2039
f 2329/4/2041 2335/4/2047 2334/4/2046 2328/4/2040
f 2330/4/2042 2336/4/2048 2335/4/2047 2329/4/2041
f 2331/4/2043 2337/4/2049 2336/4/2048 2330/4/2042
f 2332/4/2044 2338/4/2050 2337/4/2049 2331/4/2043
f 2333/4/2045 2339/4/2051 2344/4/2056 2338/4/2050
f 2334/4/2046 2340/4/2052 2339/4/2051 2333/4/2045
f 2335/4/2047 2341/4/2053 2340/4/2052 2334/4/2046
f 2336/4/2048 2342/4/2054 2341/4/2053 2335/4/2047
f 2337/4/2049 2343/4/2055 2342/4/2054 2336/4/2048
f 2338/4/2050 2344/4/2056 2343/4/2055 2337/4/2049
f 2339/4/2051 2345/4/2057 2350/4/2062 2344/4/2056
f 2340/4/2052 2346/4/2058 2345/4/2057 2339/4/2051
f 2341/4/2053 2347/4/2059 2346/4/2058 2340/4/2052
f 2342/4/2054 2348/4/2060 2347/4/2059 2341/4/2053
f 2343/4/2055 2349/4/2061 2348/4/2060 2342/4/2054
f 2344/4/2056 2350/4/2062 2349/4/2061 2343/4/2055
f 2345/4/2057 2351/4/2063 2356/4/2068 2350/4/2062
f 2346/4/2058 2352/4/2064 2351/4/2063 2345/4/2057
f 2347/4/2059 2353/4/2065 2352/4/2064 2346/4/2058
f 2348/4/2060 2354/4/2066 2353/4/2065 2347/4/2059
f 2349/4/2061 2355/4/2067 2354/4/2066 2348/4/2060
f 2350/4/2062 2356/4/2068 2355/4/2067 2349/4/2061
f 2351/4/2063 2357/4/2069 2362/4/2074 2356/4/2068
f 2352/4/2064 2358/4/2070 2357/4/2069 2351/4/2063
f 2353/4/2065 2359/4/2071 2358/4/2070 2352/4/2064
f 2354/4/2066 2360/4/2072 2359/4/2071 2353/4/2065
f 2355/4/2067 2361/4/2073 2360/4/2072 2354/4/2066
f 2356/4/2068 2362/4/2074 2361/4/2073 2355/4/2067
f 2357/4/2069 2363/4/2075 2368/4/2080 2362/4/2074
f 2358/4/2070 2364/4/2076 2363/4/2075 2357/4/2069
f 2359/4/2071 2365/4/2077 2364/4/2076 2358/4/2070
f 2360/4/2072 2366/4/2078 2365/4/2077 2359/4/2071
f 2361/4/2073 2367/4/2079 2366/4/2078 2360/4/2072
f 2362/4/2074 2368/4/2080 2367/4/2079 2361/4/2073
f 2363/4/2075 2369/4/2081 2374/4/2086 2368/4/2080
f 2364/4/2076 2370/4/2082 2369/4/2081 2363/4/2075
f 2365/4/2077 2371/4/2083 2370/4/2082 2364/4/2076
f 2366/4/2078 2372/4/2084 2371/4/2083 2365/4/2077
f 2367/4/2079 2373/4/2085 2372/4/2084 2366/4/2078
f 2368/4/2080 2374/4/2086 2373/4/2085 2367/4/2079
f 2375/3/2087 2381/3/2093 2386/3/2098 2380/3/2092
f 2376/3/2088 2382/3/2094 2381/3/2093 2375/3/2087
f 2377/3/2089 2383/3/2095 2382/3/2094 2376/3/2088
f 2378/3/2090 2384/3/2096 2383/3/2095 2377/3/2089
f 2379/3/2091 2385/3/2097 2384/3/2096 2378/3/2090
f 2380/3/2092 2386/3/2098 2385/3/2097 2379/3/2091
f 2381/3/2093 2387/3/2099 2392/3/2104 2386/3/2098
f 2382/3/2094 2388/3/2100 2387/3/2099 2381/3/2093
f 2383/3/2095 2389/3/2101 2388/3/2100 2382/3/2094
f 2384/3/2096 2390/3/2102 2389/3/2101 2383/3/2095
f 2385/3/2097 2391/3/2103 2390/3/2102 2384/3/2096
f 2386/3/2098 2392/3/2104 2391/3/2103 2385/3/2097
f 2387/3/2099 2393/3/2105 2398/3/2110 2392/3/2104
f 2388/3/2100 2394/3/2106 2393/3/2105 2387/3/2099
f 2389/3/2101 2395/3/2107 2394/3/2106 2388/3/2100
f 2390/3/2102 2396/3/2108 2395/3/2107 2389/3/2101
f 2391/3/2103 2397/3/2109 2396/3/2108 2390/3/2102
f 2392/3/2104 2398/3/2110 2397/3/2109 2391/3/2103
f 2393/3/2105 2399/3/2111 2404/3/2116 2398/3/2110
f 2394/3/2106 2400/3/2112 2399/3/2111 2393/3/2105
f 2395/3/2107 2401/3/2113 2400/3/2112 2394/3/2106
f 2396/3/2108 2402/3/2114 2401/3/2113 2395/3/2107
f 2397/3/2109 2403/3/2115 2402/3/2114 2396/3/2108
f 2398/3/2110 2404/3/2116 2403/3/2115 2397/3/2109
f 2399/3/2111 2405/3/2117 2410/3/2122 2404/3/2116
f 2400/3/2112 2406/3/2118 2405/3/2117 2399/3/2111
f 2401/3/2113 2407/3/2119 2406/3/2118 2400/3/2112
f 2402/3/2114 2408/3/2120 2407/3/2119 2401/3/2113
f 2403/3/2115 2409/3/2121 2408/3/2120 2402/3/2114
f 2404/3/2116 2410/3/2122 2409/3/2121 2403/3/2115
f 2405/3/2117 2411/3/2123 2416/3/2128 2410/3/2122
f 2406/3/2118 2412/3/2124 2411/3/2123 2405/3/2117
f 2407/3/2119 2413/3/2125 2412/3/2124 2406/3/2118
f 2408/3/2120 2414/3/2126 2413/3/2125 2407/3/2119
f 2409/3/2121 2415/3/2127 2414/3/2126 2408/3/2120
f 2410/3/2122 2416/3/2128 2415/3/2127 2409/3/2121
f 2411/3/2123 2417/3/2129 2422/3/2134 2416/3/2128
f 2412/3/2124 2418/3/2130 2417/3/2129 2411/3/2123
f 2413/3/2125 2419/3/2131 2418/3/2130 2412/3/2124
f 2414/3/2126 2420/3/2132 2419/3/2131 2413/3/2125
f 2415/3/2127 2421/3/2133 2420/3/2132 2414/3/2126
f 2416/3/2128 2422/3/2134 2421/3/2133 2415/3/2127
f 2417/3/2129 2423/3/2135 2428/3/2140 2422/3/2134
f 2418/3/2130 2424/3/2136 2423/3/2135 2417/3/2129
f 2419/3/2131 2425/3/2137 2424/3/2136 2418/3/2130
f 2420/3/2132 2426/3/2138 2425/3/2137 2419/3/2131
f 2421/3/2133 2427/3/2139 2426/3/2138 2420/3/2132
f 2422/3/2134 2428/3/2140 2427/3/2139 2421/3/2133
f 2423/3/2135 2429/3/2141 2434/3/2146 2428/3/2140
f 2424/3/2136 2430/3/2142 2429/3/2141 2423/3/2135
f 2425/3/2137 2431/3/2143 2430/3/2142 2424/3/2136
f 2426/3/2138 2432/3/2144 2431/3/2143 2425/3/2137
f 2427/3/2139 2433/3/2145 2432/3/2144 2426/3/2138
f 2428/3/2140 2434/3/2146 2433/3/2145 2427/3/2139
f 2429/3/2141 2435/3/2147 2440/3/2152 2434/3/2146
f 2430/3/2142 2436/3/2148 2435/3/2147 2429/3/2141
f 2431/3/2143 2437/3/2149 2436/3/2148 2430/3/2142
f 2432/3/2144 2438/3/2150 2437/3/2149 2431/3/2143
f 2433/3/2145 2439/3/2151 2438/3/2150 2432/3/2144
f 2434/3/2146 2440/3/2152 2439/3/2151 2433/3/2145
f 2435/3/2147 2441/3/2153 2446/3/2158 2440/3/2152
f 2436/3/2148 2442/3/2154 2441/3/2153 2435/3/2147
f 2437/3/2149 2443/3/2155 2442/3/2154 2436/3/2148
f 2438/3/2150 2444/3/2156 2443/3/2155 2437/3/2149
f 2439/3/2151 2445/3/2157 2444/3/2156 2438/3/2150
f 2440/3/2152 2446/3/2158 2445/3/2157 2439/3/2151
f 2441/3/2153 2447/3/2159 2452/3/2164 2446/3/2158
f 2442/3/2154 2448/3/2160 2447/3/2159 2441/3/2153
f 2443/3/2155 2449/3/2161 2448/3/2160 2442/3/2154
f 2444/3/2156 2450/3/2162 2449/3/2161 2443/3/2155
f 2445/3/2157 2451/3/2163 2450/3/2162 2444/3/2156
f 2446/3/2158 2452/3/2164 2451/3/2163 2445/3/2157
f 2447/3/2159 2453/3/2165 2458/3/2170 2452/3/2164
f 2448/3/2160 2454/3/2166 2453/3/2165 2447/3/2159
f 2449/3/2161 2455/3/2167 2454/3/2166 2448/3/2160
f 2450/3/2162 2456/3/2168 2455/3/2167 2449/3/2161
f 2451/3/2163 2457/3/2169 2456/3/2168 2450/3/2162
f 2452/3/2164 2458/3/2170 2457/3/2169 2451/3/2163
f 2453/3/2165 2459/3/2171 2464/3/2176 2458/3/2170
f 2454/3/2166 2460/3/2172 2459/3/2171 2453/3/2165
f 2455/3/2167 2461/3/2173 2460/3/2172 2454/3/2166
f 2456/3/2168 2462/3/2174 2461/3/2173 2455/3/2167
f 2457/3/2169 2463/3/2175 2462/3/2174 2456/3/2168
f 2458/3/2170 2464/3/2176 2463/3/2175 2457/3/2169
f 2459/3/2171 2465/3/2177 2470/3/2182 2464/3/2176
f 2460/3/2172 2466/3/2178 2465/3/2177 2459/3/2171
f 2461/3/2173 2467/3/2179 2466/3/2178 2460/3/2172
f 2462/3/2174 2468/3/2180 2467/3/2179 2461/3/2173
f 2463/3/2175 2469/3/2181 2468/3/2180 2462/3/2174
f 2464/3/2176 2470/3/2182 2469/3/2181 2463/3/2175
f 2465/3/2177 2471/3/2183 2476/3/2188 2470/3/2182
f 2466/3/2178 2472/3/2184 2471/3/2183 2465/3/2177
f 2467/3/2179 2473/3/2185 2472/3/2184 2466/3/2178
f 2468/3/2180 2474/3/2186 2473/3/2185 2467/3/2179
f 2469/3/2181 2475/3/2187 2474/3/2186 2468/3/2180
f 2470/3/2182 2476/3/2188 2475/3/2187 2469/3/2181
f 2471/3/2183 2477/3/2189 2482/3/2194 2476/3/2188
f 2472/3/2184 2478/3/2190 2477/3/2189 2471/3/2183
f 2473/3/2185 2479/3/2191 2478/3/2190 2472/3/2184
f 2474/3/2186 2480/3/2192 2479/3/2191 2473/3/2185
f 2475/3/2187 2481/3/2193 2480/3/2192 2474/3/2186
f 2476/3/2188 2482/3/2194 2481/3/2193 2475/3/2187
f 2477/3/2189 2483/3/2195 2488/3/2200 2482/3/2194
f 2478/3/2190 2484/3/2196 2483/3/2195 2477/3/2189
f 2479/3/2191 2485/3/2197 2484/3/2196 2478/3/2190
f 2480/3/2192 2486/3/2198 2485/3/2197 2479/3/2191
f 2481/3/2193 2487/3/2199 2486/3/2198 2480/3/2192
f 2482/3/2194 2488/3/2200 2487/3/2199 2481/3/2193
f 2483/3/2195 2489/3/2201 2494/3/2206 2488/3/2200
f 2484/3/2196 2490/3/2202 2489/3/2201 2483/3/2195
f 2485/3/2197 2491/3/2203 2490/3/2202 2484/3/2196
f 2486/3/2198 2492/3/2204 2491/3/2203 2485/3/2197
f 2487/3/2199 2493/3/2205 2492/3/2204 2486/3/2198
f 2488/3/2200 2494/3/2206 2493/3/2205 2487/3/2199
f 2489/3/2201 2495/3/2207 2500/3/2212 2494/3/2206
f 2490/3/2202 2496/3/2208 2495/3/2207 2489/3/2201
f 2491/3/2203 2497/3/2209 2496/3/2208 2490/3/2202
f 2492/3/2204 2498/3/2210 2497/3/2209 2491/3/2203
f 2493/3/2205 2499/3/2211 2498/3/2210 2492/3/2204
f 2494/3/2206 2500/3/2212 2499/3/2211 2493/3/2205
f 2495/3/2207 2501/3/2213 2506/3/2218 2500/3/2212
f 2496/3/2208 2502/3/2214 2501/3/2213 2495/3/2207
f 2497/3/2209 2503/3/2215 2502/3/2214 2496/3/2208
f 2498/3/2210 2504/3/2216 2503/3/2215 2497/3/2209
f 2499/3/2211 2505/3/2217 2504/3/2216 2498/3/2210
f 2500/3/2212 2506/3/2218 2505/3/2217 2499/3/2211
f 2501/3/2213 2507/3/2219 2512/3/2224 2506/3/2218
f 2502/3/2214 2508/3/2220 2507/3/2219 2501/3/2213
f 2503/3/2215 2509/3/2221 2508/3/2220 2502/3/2214
f 2504/3/2216 2510/3/2222 2509/3/2221 2503/3/2215
f 2505/3/2217 2511/3/2223 2510/3/2222 2504/3/2216
f 2506/3/2218 2512/3/2224 2511/3/2223 2505/3/2217
f 2507/3/2219 2513/3/2225 2518/3/2228 2512/3/2224
f 2508/3/2220 2514/3/2220 2513/3/2225 2507/3/2219
f 2509/3/2221 2515/3/2226 2514/3/2220 2508/3/2220
f 2510/3/2222 2516/3/2227 2515/3/2226 2509/3/2221
f 2511/3/2223 2517/3/2223 2516/3/2227 2510/3/2222
f 2512/3/2224 2518/3/2228 2517/3/2223 2511/3/2223
f 2513/3/2225 2519/3/2229 2524/3/2234 2518/3/2228
f 2514/3/2220 2520/3/2230 2519/3/2229 2513/3/2225
f 2515/3/2226 2521/3/2231 2520/3/2230 2514/3/2220
f 2516/3/2227 2522/3/2232 2521/3/2231 2515/3/2226
f 2517/3/2223 2523/3/2233 2522/3/2232 2516/3/2227
f 2518/3/2228 2524/3/2234 2523/3/2233 2517/3/2223
f 2519/3/2229 2525/3/2235 2530/3/2240 2524/3/2234
f 2520/3/2230 2526/3/2236 2525/3/2235 2519/3/2229
f 2521/3/2231 2527/3/2237 2526/3/2236 2520/3/2230
f 2522/3/2232 2528/3/2238 2527/3/2237 2521/3/2231
f 2523/3/2233 2529/3/2239 2528/3/2238 2522/3/2232
f 2524/3/2234 2530/3/2240 2529/3/2239 2523/3/2233
f 2525/3/2235 2531/3/2241 2536/3/2246 2530/3/2240
f 2526/3/2236 2532/3/2242 2531/3/2241 2525/3/2235
f 2527/3/2237 2533/3/2243 2532/3/2242 2526/3/2236
f 2528/3/2238 2534/3/2244 2533/3/2243 2527/3/2237
f 2529/3/2239 2535/3/2245 2534/3/2244 2528/3/2238
f 2530/3/2240 2536/3/2246 2535/3/2245 2529/3/2239
f 2531/3/2241 2537/3/2247 2542/3/2252 2536/3/2246
f 2532/3/2242 2538/3/2248 2537/3/2247 2531/3/2241
f 2533/3/2243 2539/3/2249 2538/3/2248 2532/3/2242
f 2534/3/2244 2540/3/2250 2539/3/2249 2533/3/2243
f 2535/3/2245 2541/3/2251 2540/3/2250 2534/3/2244
f 2536/3/2246 2542/3/2252 2541/3/2251 2535/3/2245
f 2537/3/2247 2543/3/2253 2548/3/2258 2542/3/2252
f 2538/3/2248 2544/3/2254 2543/3/2253 2537/3/2247
f 2539/3/2249 2545/3/2255 2544/3/2254 2538/3/2248
f 2540/3/2250 2546/3/2256 2545/3/2255 2539/3/2249
f 2541/3/2251 2547/3/2257 2546/3/2256 2540/3/2250
f 2542/3/2252 2548/3/2258 2547/3/2257 2541/3/2251
f 2543/3/2253 2549/3/2259 2554/3/2264 2548/3/2258
f 2544/3/2254 2550/3/2260 2549/3/2259 2543/3/2253
f 2545/3/2255 2551/3/2261 2550/3/2260 2544/3/2254
f 2546/3/2256 2552/3/2262 2551/3/2261 2545/3/2255
f 2547/3/2257 2553/3/2263 2552/3/2262 2546/3/2256
f 2548/3/2258 2554/3/2264 2553/3/2263 2547/3/2257
f 2549/3/2259 2555/3/2265 2560/3/2270 2554/3/2264
f 2550/3/2260 2556/3/2266 2555/3/2265 2549/3/2259
f 2551/3/2261 2557/3/2267 2556/3/2266 2550/3/2260
f 2552/3/2262 2558/3/2268 2557/3/2267 2551/3/2261
f 2553/3/2263 2559/3/2269 2558/3/2268 2552/3/2262
f 2554/3/2264 2560/3/2270 2559/3/2269 2553/3/2263
f 2555/3/2265 2561/3/2271 2566/3/2276 2560/3/2270
f 2556/3/2266 2562/3/2272 2561/3/2271 2555/3/2265
f 2557/3/2267 2563/3/2273 2562/3/2272 2556/3/2266
f 2558/3/2268 2564/3/2274 2563/3/2273 2557/3/2267
f 2559/3/2269 2565/3/2275 2564/3/2274 2558/3/2268
f 2560/3/2270 2566/3/2276 2565/3/2275 2559/3/2269
f 2561/3/2271 2567/3/2277 2572/3/2282 2566/3/2276
f 2562/3/2272 2568/3/2278 2567/3/2277 2561/3/2271
f 2563/3/2273 2569/3/2279 2568/3/2278 2562/3/2272
f 2564/3/2274 2570/3/2280 2569/3/2279 2563/3/2273
f 2565/3/2275 2571/3/2281 2570/3/2280 2564/3/2274
f 2566/3/2276 2572/3/2282 2571/3/2281 2565/3/2275
f 2567/3/2277 2573/3/2283 2578/3/2288 2572/3/2282
f 2568/3/2278 2574/3/2284 2573/3/2283 2567/3/2277
f 2569/3/2279 2575/3/2285 2574/3/2284 2568/3/2278
f 2570/3/2280 2576/3/2286 2575/3/2285 2569/3/2279
f 2571/3/2281 2577/3/2287 2576/3/2286 2570/3/2280
f 2572/3/2282 2578/3/2288 2577/3/2287 2571/3/2281
f 2573/3/2283 2579/3/2289 2584/3/2294 2578/3/2288
f 2574/3/2284 2580/3/2290 2579/3/2289 2573/3/2283
f 2575/3/2285 2581/3/2291 2580/3/2290 2574/3/2284
f 2576/3/2286 2582/3/2292 2581/3/2291 2575/3/2285
f 2577/3/2287 2583/3/2293 2582/3/2292 2576/3/2286
f 2578/3/2288 2584/3/2294 2583/3/2293 2577/3/2287
f 2579/3/2289 2585/3/2295 2590/3/2300 2584/3/2294
f 2580/3/2290 2586/3/2296 2585/3/2295 2579/3/2289
f 2581/3/2291 2587/3/2297 2586/3/2296 2580/3/2290
f 2582/3/2292 2588/3/2298 2587/3/2297 2581/3/2291
f 2583/3/2293 2589/3/2299 2588/3/2298 2582/3/2292
f 2584/3/2294 2590/3/2300 2589/3/2299 2583/3/2293
f 2585/3/2295 2591/3/2301 2596/3/2306 2590/3/2300
f 2586/3/2296 2592/3/2302 2591/3/2301 2585/3/2295
f 2587/3/2297 2593/3/2303 2592/3/2302 2586/3/2296
f 2588/3/2298 2594/3/2304 2593/3/2303 2587/3/2297
f 2589/3/2299 2595/3/2305 2594/3/2304 2588/3/2298
f 2590/3/2300 2596/3/2306 2595/3/2305 2589/3/2299
f 2591/3/2301 2597/3/2307 2602/3/2312 2596/3/2306
f 2592/3/2302 2598/3/2308 2597/3/2307 2591/3/2301
f 2593/3/2303 2599/3/2309 2598/3/2308 2592/3/2302
f 2594/3/2304 2600/3/2310 2599/3/2309 2593/3/2303
f 2595/3/2305 2601/3/2311 2600/3/2310 2594/3/2304
f 2596/3/2306 2602/3/2312 2601/3/2311 2595/3/2305
f 2597/3/2307 2603/3/2313 2608/3/2318 2602/3/2312
f 2598/3/2308 2604/3/2314 2603/3/2313 2597/3/2307
f 2599/3/2309 2605/3/2315 2604/3/2314 2598/3/2308
f 2600/3/2310 2606/3/2316 2605/3/2315 2599/3/2309
f 2601/3/2311 2607/3/2317 2606/3/2316 2600/3/2310
f 2602/3/2312 2608/3/2318 2607/3/2317 2601/3/2311
f 2603/3/2313 2609/3/2319 2614/3/2324 2608/3/2318
f 2604/3/2314 2610/3/2320 2609/3/2319 2603/3/2313
f 2605/3/2315 2611/3/2321 2610/3/2320 2604/3/2314
f 2606/3/2316 2612/3/2322 2611/3/2321 2605/3/2315
f 2607/3/2317 2613/3/2323 2612/3/2322 2606/3/2316
f 2608/3/2318 2614/3/2324 2613/3/2323 2607/3/2317
f 2609/3/2319 2615/3/2325 2620/3/2330 2614/3/2324
f 2610/3/2320 2616/3/2326 2615/3/2325 2609/3/2319
f 2611/3/2321 2617/3/2327 2616/3/2326 2610/3/2320
f 2612/3/2322 2618/3/2328 2617/3/2327 2611/3/2321
f 2613/3/2323 2619/3/2329 2618/3/2328 2612/3/2322
f 2614/3/2324 2620/3/2330 2619/3/2329 2613/3/2323
f 2621/4/2331 2627/4/2337 2632/4/2342 2626/4/2336
f 2622/4/2332 2628/4/2338 2627/4/2337 2621/4/2331
f 2623/4/2333 2629/4/2339 2628/4/2338 2622/4/2332
f 2624/4/2334 2630/4/2340 2629/4/2339 2623/4/2333
f 2625/4/2335 2631/4/2341 2630/4/2340 2624/4/2334
f 2626/4/2336 2632/4/2342 2631/4/2341 2625/4/2335
f 2627/4/2337 2633/4/2343 2638/4/2348 2632/4/2342
f 2628/4/2338 2634/4/2344 2633/4/2343 2627/4/2337
f 2629/4/2339 2635/4/2345 2634/4/2344 2628/4/2338
f 2630/4/2340 2636/4/2346 2635/4/2345 2629/4/2339
f 2631/4/2341 2637/4/2347 2636/4/2346 2630/4/2340
f 2632/4/2342 2638/4/2348 2637/4/2347 2631/4/2341
f 2633/4/2343 2639/4/2349 2644/4/2354 2638/4/2348
f 2634/4/2344 2640/4/2350 2639/4/2349 2633/4/2343
f 2635/4/2345 2641/4/2351 2640/4/2350 2634/4/2344
f 2636/4/2346 2642/4/2352 2641/4/2351 2635/4/2345
f 2637/4/2347 2643/4/2353 2642/4/2352 2636/4/2346
f 2638/4/2348 2644/4/2354 2643/4/2353 2637/4/2347
f 2639/4/2349 2645/4/2355 2650/4/2360 2644/4/2354
f 2640/4/2350 2646/4/2356 2645/4/2355 2639/4/2349
f 2641/4/2351 2647/4/2357 2646/4/2356 2640/4/2350
f 2642/4/2352 2648/4/2358 2647/4/2357 2641/4/2351
f 2643/4/2353 2649/4/2359 2648/4/2358 2642/4/2352
f 2644/4/2354 2650/4/2360 2649/4/2359 2643/4/2353
f 2645/4/2355 2651/4/2361 2656/4/2366 2650/4/2360
f 2646/4/2356 2652/4/2362 2651/4/2361 2645/4/2355
f 2647/4/2357 2653/4/2363 2652/4/2362 2646/4/2356
f 2648/4/2358 2654/4/2364 2653/4/2363 2647/4/2357
f 2649/4/2359 2655/4/2365 2654/4/2364 2648/4/2358
f 2650/4/2360 2656/4/2366 2655/4/2365 2649/4/2359
f 2651/4/2361 2657/4/2367 2662/4/2372 2656/4/2366
f 2652/4/2362 2658/4/2368 2657/4/2367 2651/4/2361
f 2653/4/2363 2659/4/2369 2658/4/2368 2652/4/2362
f 2654/4/2364 2660/4/2370 2659/4/2369 2653/4/2363
f 2655/4/2365 2661/4/2371 2660/4/2370 2654/4/2364
f 2656/4/2366 2662/4/2372 2661/4/2371 2655/4/2365
f 2657/4/2367 2663/4/2373 2668/4/2378 2662/4/2372
f 2658/4/2368 2664/4/2374 2663/4/2373 2657/4/2367
f 2659/4/2369 2665/4/2375 2664/4/2374 2658/4/2368
f 2660/4/2370 2666/4/2376 2665/4/2375 2659/4/2369
f 2661/4/2371 2667/4/2377 2666/4/2376 2660/4/2370
f 2662/4/2372 2668/4/2378 2667/4/2377 2661/4/2371
f 2663/4/2373 2669/4/2379 2674/4/2384 2668/4/2378
f 2664/4/2374 2670/4/2380 2669/4/2379 2663/4/2373
f 2665/4/2375 2671/4/2381 2670/4/2380 2664/4/2374
f 2666/4/2376 2672/4/2382 2671/4/2381 2665/4/2375
f 2667/4/2377 2673/4/2383 2672/4/2382 2666/4/2376
f 2668/4/2378 2674/4/2384 2673/4/2383 2667/4/2377
f 2669/4/2379 2675/4/2385 2680/4/2390 2674/4/2384
f 2670/4/2380 2676/4/2386 2675/4/2385 2669/4/2379
f 2671/4/2381 2677/4/2387 2676/4/2386 2670/4/2380
f 2672/4/2382 2678/4/2388 2677/4/2387 2671/4/2381
f 2673/4/2383 2679/4/2389 2678/4/2388 2672/4/2382
f 2674/4/2384 2680/4/2390 2679/4/2389 2673/4/2383
f 2675/4/2385 2681/4/2391 2686/4/2396 2680/4/2390
f 2676/4/2386 2682/4/2392 2681/4/2391 2675/4/2385
f 2677/4/2387 2683/4/2393 2682/4/2392 2676/4/2386
f 2678/4/2388 2684/4/2394 2683/4/2393 2677/4/2387
f 2679/4/2389 2685/4/2395 2684/4/2394 2678/4/2388
f 2680/4/2390 2686/4/2396 2685/4/2395 2679/4/2389
f 2681/4/2391 2687/4/2397 2692/4/2402 2686/4/2396
f 2682/4/2392 2688/4/2398 2687/4/2397 2681/4/2391
f 2683/4/2393 2689/4/2399 2688/4/2398 2682/4/2392
f 2684/4/2394 2690/4/2400 2689/4/2399 2683/4/2393
f 2685/4/2395 2691/4/2401 2690/4/2400 2684/4/2394
f 2686/4/2396 2692/4/2402 2691/4/2401 2685/4/2395
f 2687/4/2397 2693/4/2403 2698/4/2408 2692/4/2402
f 2688/4/2398 2694/4/2404 2693/4/2403 2687/4/2397
f 2689/4/2399 2695/4/2405 2694/4/2404 2688/4/2398
f 2690/4/2400 2696/4/2406 2695/4/2405 2689/4/2399
f 2691/4/2401 2697/4/2407 2696/4/2406 2690/4/2400
f 2692/4/2402 2698/4/2408 2697/4/2407 2691/4/2401
f 2693/4/2403 2699/4/2409 2704/4/2414 2698/4/2408
f 2694/4/2404 2700/4/2410 2699/4/2409 2693/4/2403
f 2695/4/2405 2701/4/2411 2700/4/2410 2694/4/2404
f 2696/4/2406 2702/4/2412 2701/4/2411 2695/4/2405
f 2697/4/2407 2703/4/2413 2702/4/2412 2696/4/2406
f 2698/4/2408 2704/4/2414 2703/4/2413 2697/4/2407
f 2699/4/2409 2705/4/2415 2710/4/2420 2704/4/2414
f 2700/4/2410 2706/4/2416 2705/4/2415 2699/4/2409
f 2701/4/2411 2707/4/2417 2706/4/2416 2700/4/2410
f 2702/4/2412 2708/4/2418 2707/4/2417 2701/4/2411
f 2703/4/2413 2709/4/2419 2708/4/2418 2702/4/2412
f 2704/4/2414 2710/4/2420 2709/4/2419 2703/4/2413
f 2705/4/2415 2711/4/2421 2716/4/2426 2710/4/2420
f 2706/4/2416 2712/4/2422 2711/4/2421 2705/4/2415
f 2707/4/2417 2713/4/2423 2712/4/2422 2706/4/2416
f 2708/4/2418 2714/4/2424 2713/4/2423 2707/4/2417
f 2709/4/2419 2715/4/2425 2714/4/2424 2708/4/2418
f 2710/4/2420 2716/4/2426 2715/4/2425 2709/4/2419
f 2711/4/2421 2717/4/2427 2722/4/2432 2716/4/2426
f 2712/4/2422 2718/4/2428 2717/4/2427 2711/4/2421
f 2713/4/2423 2719/4/2429 2718/4/2428 2712/4/2422
f 2714/4/2424 2720/4/2430 2719/4/2429 2713/4/2423
f 2715/4/2425 2721/4/2431 2720/4/2430 2714/4/2424
f 2716/4/2426 2722/4/2432 2721/4/2431 2715/4/2425
f 2717/4/2427 2723/4/2433 2728/4/2438 2722/4/2432
f 2718/4/2428 2724/4/2434 2723/4/2433 2717/4/2427
f 2719/4/2429 2725/4/2435 2724/4/2434 2718/4/2428
f 2720/4/2430 2726/4/2436 2725/4/2435 2719/4/2429
f 2721/4/2431 2727/4/2437 2726/4/2436 2720/4/2430
f 2722/4/2432 2728/4/2438 2727/4/2437 2721/4/2431
f 2723/4/2433 2729/4/2439 2734/4/2444 2728/4/2438
f 2724/4/2434 2730/4/2440 2729/4/2439 2723/4/2433
f 2725/4/2435 2731/4/2441 2730/4/2440 2724/4/2434
f 2726/4/2436 2732/4/2442 2731/4/2441 2725/4/2435
f 2727/4/2437 2733/4/2443 2732/4/2442 2726/4/2436
f 2728/4/2438 2734/4/2444 2733/4/2443 2727/4/2437
f 2729/4/2439 2735/4/2445 2740/4/2450 2734/4/2444
f 2730/4/2440 2736/4/2446 2735/4/2445 2729/4/2439
f 2731/4/2441 2737/4/2447 2736/4/2446 2730/4/2440
f 2732/4/2442 2738/4/2448 2737/4/2447 2731/4/2441
f 2733/4/2443 2739/4/2449 2738/4/2448 2732/4/2442
f 2734/4/2444 2740/4/2450 2739/4/2449 2733/4/2443
f 2735/4/2445 2741/4/2451 2746/4/2456 2740/4/2450
f 2736/4/2446 2742/4/2452 2741/4/2451 2735/4/2445
f 2737/4/2447 2743/4/2453 2742/4/2452 2736/4/2446
f 2738/4/2448 2744/4/2454 2743/4/2453 2737/4/2447
f 2739/4/2449 2745/4/2455 2744/4/2454 2738/4/2448
f 2740/4/2450 2746/4/2456 2745/4/2455 2739/4/2449
f 2741/4/2451 2747/4/2457 2752/4/2462 2746/4/2456
f 2742/4/2452 2748/4/2458 2747/4/2457 2741/4/2451
f 2743/4/2453 2749/4/2459 2748/4/2458 2742/4/2452
f 2744/4/2454 2750/4/2460 2749/4/2459 2743/4/2453
f 2745/4/2455 2751/4/2461 2750/4/2460 2744/4/2454
f 2746/4/2456 2752/4/2462 2751/4/2461 2745/4/2455
f 2747/4/2457 2753/4/2463 2758/4/2468 2752/4/2462
f 2748/4/2458 2754/4/2464 2753/4/2463 2747/4/2457
f 2749/4/2459 2755/4/2465 2754/4/2464 2748/4/2458
f 2750/4/2460 2756/4/2466 2755/4/2465 2749/4/2459
f 2751/4/2461 2757/4/2467 2756/4/2466 2750/4/2460
f 2752/4/2462 2758/4/2468 2757/4/2467 2751/4/2461
f 2753/4/2463 2759/4/2463 2764/4/2472 2758/4/2468
f 2754/4/2464 2760/4/2469 2759/4/2463 2753/4/2463
f 2755/4/2465 2761/4/2470 2760/4/2469 2754/4/2464
f 2756/4/2466 2762/4/2466 2761/4/2470 2755/4/2465
f 2757/4/2467 2763/4/2471 2762/4/2466 2756/4/2466
f 2758/4/2468 2764/4/2472 2763/4/2471 2757/4/2467
f 2759/4/2463 2765/4/2473 2770/4/2478 2764/4/2472
f 2760/4/2469 2766/4/2474 2765/4/2473 2759/4/2463
f 2761/4/2470 2767/4/2475 2766/4/2474 2760/4/2469
f 2762/4/2466 2768/4/2476 2767/4/2475 2761/4/2470
f 2763/4/2471 2769/4/2477 2768/4/2476 2762/4/2466
f 2764/4/2472 2770/4/2478 2769/4/2477 2763/4/2471
f 2765/4/2473 2771/4/2479 2776/4/2484 2770/4/2478
f 2766/4/2474 2772/4/2480 2771/4/2479 2765/4/2473
f 2767/4/2475 2773/4/2481 2772/4/2480 2766/4/2474
f 2768/4/2476 2774/4/2482 2773/4/2481 2767/4/2475
f 2769/4/2477 2775/4/2483 2774/4/2482 2768/4/2476
f 2770/4/2478 2776/4/2484 2775/4/2483 2769/4/2477
f 2771/4/2479 2777/4/2485 2782/4/2490 2776/4/2484
f 2772/4/2480 2778/4/2486 2777/4/2485 2771/4/2479
f 2773/4/2481 2779/4/2487 2778/4/2486 2772/4/2480
f 2774/4/2482 2780/4/2488 2779/4/2487 2773/4/2481
f 2775/4/2483 2781/4/2489 2780/4/2488 2774/4/2482
f 2776/4/2484 2782/4/2490 2781/4/2489 2775/4/2483
f 2777/4/2485 2783/4/2491 2788/4/2496 2782/4/2490
f 2778/4/2486 2784/4/2492 2783/4/2491 2777/4/2485
f 2779/4/2487 2785/4/2493 2784/4/2492 2778/4/2486
f 2780/4/2488 2786/4/2494 2785/4/2493 2779/4/2487
f 2781/4/2489 2787/4/2495 2786/4/2494 2780/4/2488
f 2782/4/2490 2788/4/2496 2787/4/2495 2781/4/2489
f 2783/4/2491 2789/4/2497 2794/4/2502 2788/4/2496
f 2784/4/2492 2790/4/2498 2789/4/2497 2783/4/2491
f 2785/4/2493 2791/4/2499 2790/4/2498 2784/4/2492
f 2786/4/2494 2792/4/2500 2791/4/2499 2785/4/2493
f 2787/4/2495 2793/4/2501 2792/4/2500 2786/4/2494
f 2788/4/2496 2794/4/2502 2793/4/2501 2787/4/2495
f 2789/4/2497 2795/4/2503 2800/4/2508 2794/4/2502
f 2790/4/2498 2796/4/2504 2795/4/2503 2789/4/2497
f 2791/4/2499 2797/4/2505 2796/4/2504 2790/4/2498
f 2792/4/2500 2798/4/2506 2797/4/2505 2791/4/2499
f 2793/4/2501 2799/4/2507 2798/4/2506 2792/4/2500
f 2794/4/2502 2800/4/2508 2799/4/2507 2793/4/2501
f 2795/4/2503 2801/4/2509 2806/4/2514 2800/4/2508
f 2796/4/2504 2802/4/2510 2801/4/2509 2795/4/2503
f 2797/4/2505 2803/4/2511 2802/4/2510 2796/4/2504
f 2798/4/2506 2804/4/2512 2803/4/2511 2797/4/2505
f 2799/4/2507 2805/4/2513 2804/4/2512 2798/4/2506
f 2800/4/2508 2806/4/2514 2805/4/2513 2799/4/2507
f 2801/4/2509 2807/4/2515 2812/4/2520 2806/4/2514
f 2802/4/2510 2808/4/2516 2807/4/2515 2801/4/2509
f 2803/4/2511 2809/4/2517 2808/4/2516 2802/4/2510
f 2804/4/2512 2810/4/2518 2809/4/2517 2803/4/2511
f 2805/4/2513 2811/4/2519 2810/4/2518 2804/4/2512
f 2806/4/2514 2812/4/2520 2811/4/2519 2805/4/2513
f 2807/4/2515 2813/4/2521 2818/4/2526 2812/4/2520
f 2808/4/2516 2814/4/2522 2813/4/2521 2807/4/2515
f 2809/4/2517 2815/4/2523 2814/4/2522 2808/4/2516
f 2810/4/2518 2816/4/2524 2815/4/2523 2809/4/2517
f 2811/4/2519 2817/4/2525 2816/4/2524 2810/4/2518
f 2812/4/2520 2818/4/2526 2817/4/2525 2811/4/2519
f 2813/4/2521 2819/4/2527 2824/4/2532 2818/4/2526
f 2814/4/2522 2820/4/2528 2819/4/2527 2813/4/2521
f 2815/4/2523 2821/4/2529 2820/4/2528 2814/4/2522
f 2816/4/2524 2822/4/2530 2821/4/2529 2815/4/2523
f 2817/4/2525 2823/4/2531 2822/4/2530 2816/4/2524
f 2818/4/2526 2824/4/2532 2823/4/2531 2817/4/2525
f 2819/4/2527 2825/4/2533 2830/4/2538 2824/4/2532
f 2820/4/2528 2826/4/2534 2825/4/2533 2819/4/2527
f 2821/4/2529 2827/4/2535 2826/4/2534 2820/4/2528
f 2822/4/2530 2828/4/2536 2827/4/2535 2821/4/2529
f 2823/4/2531 2829/4/2537 2828/4/2536 2822/4/2530
f 2824/4/2532 2830/4/2538 2829/4/2537 2823/4/2531
f 2825/4/2533 2831/4/2539 2836/4/2544 2830/4/2538
f 2826/4/2534 2832/4/2540 2831/4/2539 2825/4/2533
f 2827/4/2535 2833/4/2541 2832/4/2540 2826/4/2534
f 2828/4/2536 2834/4/2542 2833/4/2541 2827/4/2535
f 2829/4/2537 2835/4/2543 2834/4/2542 2828/4/2536
f 2830/4/2538 2836/4/2544 2835/4/2543 2829/4/2537
f 2831/4/2539 2837/4/2545 2842/4/2550 2836/4/2544
f 2832/4/2540 2838/4/2546 2837/4/2545 2831/4/2539
f 2833/4/2541 2839/4/2547 2838/4/2546 2832/4/2540
f 2834/4/2542 2840/4/2548 2839/4/2547 2833/4/2541
f 2835/4/2543 2841/4/2549 2840/4/2548 2834/4/2542
f 2836/4/2544 2842/4/2550 2841/4/2549 2835/4/2543
f 2837/4/2545 2843/4/2551 2848/4/2556 2842/4/2550
f 2838/4/2546 2844/4/2552 2843/4/2551 2837/4/2545
f 2839/4/2547 2845/4/2553 2844/4/2552 2838/4/2546
f 2840/4/2548 2846/4/2554 2845/4/2553 2839/4/2547
f 2841/4/2549 2847/4/2555 2846/4/2554 2840/4/2548
f 2842/4/2550 2848/4/2556 2847/4/2555 2841/4/2549
f 2843/4/2551 2849/4/2557 2854/4/2562 2848/4/2556
f 2844/4/2552 2850/4/2558 2849/4/2557 2843/4/2551
f 2845/4/2553 2851/4/2559 2850/4/2558 2844/4/2552
f 2846/4/2554 2852/4/2560 2851/4/2559 2845/4/2553
f 2847/4/2555 2853/4/2561 2852/4/2560 2846/4/2554
f 2848/4/2556 2854/4/2562 2853/4/2561 2847/4/2555
f 2849/4/2557 2855/4/2563 2860/4/2568 2854/4/2562
f 2850/4/2558 2856/4/2564 2855/4/2563 2849/4/2557
f 2851/4/2559 2857/4/2565 2856/4/2564 2850/4/2558
f 2852/4/2560 2858/4/2566 2857/4/2565 2851/4/2559
f 2853/4/2561 2859/4/2567 2858/4/2566 2852/4/2560
f 2854/4/2562 2860/4/2568 2859/4/2567 2853/4/2561
f 2855/4/2563 2861/4/2569 2866/4/2574 2860/4/2568
f 2856/4/2564 2862/4/2570 2861/4/2569 2855/4/2563
f 2857/4/2565 2863/4/2571 2862/4/2570 2856/4/2564
f 2858/4/2566 2864/4/2572 2863/4/2571 2857/4/2565
f 2859/4/2567 2865/4/2573 2864/4/2572 2858/4/2566
f 2860/4/2568 2866/4/2574 2865/4/2573 2859/4/2567
f 2867/3/2575 2873/3/2581 2878/3/2586 2872/3/2580
f 2868/3/2576 2874/3/2582 2873/3/2581 2867/3/2575
f 2869/3/2577 2875/3/2583 2874/3/2582 2868/3/2576
f 2870/3/2578 2876/3/2584 2875/3/2583 2869/3/2577
f 2871/3/2579 2877/3/2585 2876/3/2584 2870/3/2578
f 2872/3/2580 2878/3/2586 2877/3/2585 2871/3/2579
f 2873/3/2581 2879/3/2587 2884/3/2592 2878/3/2586
f 2874/3/2582 2880/3/2588 2879/3/2587 2873/3/2581
f 2875/3/2583 2881/3/2589 2880/3/2588 2874/3/2582
f 2876/3/2584 2882/3/2590 2881/3/2589 2875/3/2583
f 2877/3/2585 2883/3/2591 2882/3/2590 2876/3/2584
f 2878/3/2586 2884/3/2592 2883/3/2591 2877/3/2585
f 2879/3/2587 2885/3/2593 2890/3/2598 2884/3/2592
f 2880/3/2588 2886/3/2594 2885/3/2593 2879/3/2587
f 2881/3/2589 2887/3/2595 2886/3/2594 2880/3/2588
f 2882/3/2590 2888/3/2596 2887/3/2595 2881/3/2589
f 2883/3/2591 2889/3/2597 2888/3/2596 2882/3/2590
f 2884/3/2592 2890/3/2598 2889/3/2597 2883/3/2591
f 2885/3/2593 2891/3/2599 2896/3/2604 2890/3/2598
f 2886/3/2594 2892/3/2600 2891/3/2599 2885/3/2593
f 2887/3/2595 2893/3/2601 2892/3/2600 2886/3/2594
f 2888/3/2596 2894/3/2602 2893/3/2601 2887/3/2595
f 2889/3/2597 2895/3/2603 2894/3/2602 2888/3/2596
f 2890/3/2598 2896/3/2604 2895/3/2603 2889/3/2597
f 2891/3/2599 2897/3/2605 2902/3/2610 2896/3/2604
f 2892/3/2600 2898/3/2606 2897/3/2605 2891/3/2599
f 2893/3/2601 2899/3/2607 2898/3/2606 2892/3/2600
f 2894/3/2602 2900/3/2608 2899/3/2607 2893/3/2601
f 2895/3/2603 2901/3/2609 2900/3/2608 2894/3/2602
f 2896/3/2604 2902/3/2610 2901/3/2609 2895/3/2603
f 2897/3/2605 2903/3/2611 2908/3/2616 2902/3/2610
f 2898/3/2606 2904/3/2612 2903/3/2611 2897/3/2605
f 2899/3/2607 2905/3/2613 2904/3/2612 2898/3/2606
f 2900/3/2608 2906/3/2614 2905/3/2613 2899/3/2607
f 2901/3/2609 2907/3/2615 2906/3/2614 2900/3/2608
f 2902/3/2610 2908/3/2616 2907/3/2615 2901/3/2609
f 2903/3/2611 2909/3/2617 2914/3/2622 2908/3/2616
f 2904/3/2612 2910/3/2618 2909/3/2617 2903/3/2611
f 2905/3/2613 2911/3/2619 2910/3/2618 2904/3/2612
f 2906/3/2614 2912/3/2620 2911/3/2619 2905/3/2613
f 2907/3/2615 2913/3/2621 2912/3/2620 2906/3/2614
f 2908/3/2616 2914/3/2622 2913/3/2621 2907/3/2615
f 2909/3/2617 2915/3/2623 2920/3/2628 2914/3/2622
f 2910/3/2618 2916/3/2624 2915/3/2623 2909/3/2617
f 2911/3/2619 2917/3/2625 2916/3/2624 2910/3/2618
f 2912/3/2620 2918/3/2626 2917/3/2625 2911/3/2619
f 2913/3/2621 2919/3/2627 2918/3/2626 2912/3/2620
f 2914/3/2622 2920/3/2628 2919/3/2627 2913/3/2621
f 2915/3/2623 2921/3/2629 2926/3/2634 2920/3/2628
f 2916/3/2624 2922/3/2630 2921/3/2629 2915/3/2623
f 2917/3/2625 2923/3/2631 2922/3/2630 2916/3/2624
f 2918/3/2626 2924/3/2632 2923/3/2631 2917/3/2625
f 2919/3/2627 2925/3/2633 2924/3/2632 2918/3/2626
f 2920/3/2628 2926/3/2634 2925/3/2633 2919/3/2627
f 2921/3/2629 2927/3/2635 2932/3/2640 2926/3/2634
f 2922/3/2630 2928/3/2636 2927/3/2635 2921/3/2629
f 2923/3/2631 2929/3/2637 2928/3/2636 2922/3/2630
f 2924/3/2632 2930/3/2638 2929/3/2637 2923/3/2631
f 2925/3/2633 2931/3/2639 2930/3/2638 2924/3/2632
f 2926/3/2634 2932/3/2640 2931/3/2639 2925/3/2633
f 2927/3/2635 2933/3/2641 2938/3/2646 2932/3/2640
f 2928/3/2636 2934/3/2642 2933/3/2641 2927/3/2635
f 2929/3/2637 2935/3/2643 2934/3/2642 2928/3/2636
f 2930/3/2638 2936/3/2644 2935/3/2643 2929/3/2637
f 2931/3/2639 2937/3/2645 2936/3/2644 2930/3/2638
f 2932/3/2640 2938/3/2646 2937/3/2645 2931/3/2639
f 2933/3/2641 2939/3/2647 2944/3/2652 2938/3/2646
f 2934/3/2642 2940/3/2648 2939/3/2647 2933/3/2641
f 2935/3/2643 2941/3/2649 2940/3/2648 2934/3/2642
f 2936/3/2644 2942/3/2650 2941/3/2649 2935/3/2643
f 2937/3/2645 2943/3/2651 2942/3/2650 2936/3/2644
f 2938/3/2646 2944/3/2652 2943/3/2651 2937/3/2645
f 2939/3/2647 2945/3/2653 2950/3/2658 2944/3/2652
f 2940/3/2648 2946/3/2654 2945/3/2653 2939/3/2647
f 2941/3/2649 2947/3/2655 2946/3/2654 2940/3/2648
f 2942/3/2650 2948/3/2656 2947/3/2655 2941/3/2649
f 2943/3/2651 2949/3/2657 2948/3/2656 2942/3/2650
f 2944/3/2652 2950/3/2658 2949/3/2657 2943/3/2651
f 2945/3/2653 2951/3/2659 2956/3/2664 2950/3/2658
f 2946/3/2654 2952/3/2660 2951/3/2659 2945/3/2653
f 2947/3/2655 2953/3/2661 2952/3/2660 2946/3/2654
f 2948/3/2656 2954/3/2662 2953/3/2661 2947/3/2655
f 2949/3/2657 2955/3/2663 2954/3/2662 2948/3/2656
f 2950/3/2658 2956/3/2664 2955/3/2663 2949/3/2657
f 2951/3/2659 2957/3/2665 2962/3/2670 2956/3/2664
f 2952/3/2660 2958/3/2666 2957/3/2665 2951/3/2659
f 2953/3/2661 2959/3/2667 2958/3/2666 2952/3/2660
f 2954/3/2662 2960/3/2668 2959/3/2667 2953/3/2661
f 2955/3/2663 2961/3/2669 2960/3/2668 2954/3/2662
f 2956/3/2664 2962/3/2670 2961/3/2669 2955/3/2663
f 2957/3/2665 2963/3/2671 2968/3/2676 2962/3/2670
f 2958/3/2666 2964/3/2672 2963/3/2671 2957/3/2665
f 2959/3/2667 2965/3/2673 2964/3/2672 2958/3/2666
f 2960/3/2668 2966/3/2674 2965/3/2673 2959/3/2667
f 2961/3/2669 2967/3/2675 2966/3/2674 2960/3/2668
f 2962/3/2670 2968/3/2676 2967/3/2675 2961/3/2669
f 2963/3/2671 2969/3/2677 2974/3/2682 2968/3/2676
f 2964/3/2672 2970/3/2678 2969/3/2677 2963/3/2671
f 2965/3/2673 2971/3/2679 2970/3/2678 2964/3/2672
f 2966/3/2674 2972/3/2680 2971/3/2679 2965/3/2673
f 2967/3/2675 2973/3/2681 2972/3/2680 2966/3/2674
f 2968/3/2676 2974/3/2682 2973/3/2681 2967/3/2675
f 2969/3/2677 2975/3/2683 2980/3/2688 2974/3/2682
f 2970/3/2678 2976/3/2684 2975/3/2683 2969/3/2677
f 2971/3/2679 2977/3/2685 2976/3/2684 2970/3/2678
f 2972/3/2680 2978/3/2686 2977/3/2685 2971/3/2679
f 2973/3/2681 2979/3/2687 2978/3/2686 2972/3/2680
f 2974/3/2682 2980/3/2688 2979/3/2687 2973/3/2681
f 2975/3/2683 2981/3/2689 2986/3/2694 2980/3/2688
f 2976/3/2684 2982/3/2690 2981/3/2689 2975/3/2683
f 2977/3/2685 2983/3/2691 2982/3/2690 2976/3/2684
f 2978/3/2686 2984/3/2692 2983/3/2691 2977/3/2685
f 2979/3/2687 2985/3/2693 2984/3/2692 2978/3/2686
f 2980/3/2688 2986/3/2694 2985/3/2693 2979/3/2687
f 2981/3/2689 2987/3/2695 2992/3/2700 2986/3/2694
f 2982/3/2690 2988/3/2696 2987/3/2695 2981/3/2689
f 2983/3/2691 2989/3/2697 2988/3/2696 2982/3/2690
f 2984/3/2692 2990/3/2698 2989/3/2697 2983/3/2691
f 2985/3/2693 2991/3/2699 2990/3/2698 2984/3/2692
f 2986/3/2694 2992/3/2700 2991/3/2699 2985/3/2693
f 2987/3/2695 2993/3/2701 2998/3/2706 2992/3/2700
f 2988/3/2696 2994/3/2702 2993/3/2701 2987/3/2695
f 2989/3/2697 2995/3/2703 2994/3/2702 2988/3/2696
f 2990/3/2698 2996/3/2704 2995/3/2703 2989/3/2697
f 2991/3/2699 2997/3/2705 2996/3/2704 2990/3/2698
f 2992/3/2700 2998/3/2706 2997/3/2705 2991/3/2699
f 2993/3/2701 2999/3/2707 3004/3/2712 2998/3/2706
f 2994/3/2702 3000/3/2708 2999/3/2707 2993/3/2701
f 2995/3/2703 3001/3/2709 3000/3/2708 2994/3/2702
f 2996/3/2704 3002/3/2710 3001/3/2709 2995/3/2703
f 2997/3/2705 3003/3/2711 3002/3/2710 2996/3/2704
f 2998/3/2706 3004/3/2712 3003/3/2711 2997/3/2705
f 2999/3/2707 3005/3/2707 3010/3/2716 3004/3/2712
f 3000/3/2708 3006/3/2713 3005/3/2707 2999/3/2707
f 3001/3/2709 3007/3/2714 3006/3/2713 3000/3/2708
f 3002/3/2710 3008/3/2710 3007/3/2714 3001/3/2709
f 3003/3/2711 3009/3/2715 3008/3/2710 3002/3/2710
f 3004/3/2712 3010/3/2716 3009/3/2715 3003/3/2711
f 3005/3/2707 3011/3/2717 3016/3/2722 3010/3/2716
f 3006/3/2713 3012/3/2718 3011/3/2717 3005/3/2707
f 3007/3/2714 3013/3/2719 3012/3/2718 3006/3/2713
f 3008/3/2710 3014/3/2720 3013/3/2719 3007/3/2714
f 3009/3/2715 3015/3/2721 3014/3/2720 3008/3/2710
f 3010/3/2716 3016/3/2722 3015/3/2721 3009/3/2715
f 3011/3/2717 3017/3/2723 3022/3/2728 3016/3/2722
f 3012/3/2718 3018/3/2724 3017/3/2723 3011/3/2717
f 3013/3/2719 3019/3/2725 3018/3/2724 3012/3/2718
f 3014/3/2720 3020/3/2726 3019/3/2725 3013/3/2719
f 3015/3/2721 3021/3/2727 3020/3/2726 3014/3/2720
f 3016/3/2722 3022/3/2728 3021/3/2727 3015/3/2721
f 3017/3/2723 3023/3/2729 3028/3/2734 3022/3/2728
f 3018/3/2724 3024/3/2730 3023/3/2729 3017/3/2723
f 3019/3/2725 3025/3/2731 3024/3/2730 3018/3/2724
f 3020/3/2726 3026/3/2732 3025/3/2731 3019/3/2725
f 3021/3/2727 3027/3/2733 3026/3/2732 3020/3/2726
f 3022/3/2728 3028/3/2734 3027/3/2733 3021/3/2727
f 3023/3/2729 3029/3/2735 3034/3/2740 3028/3/2734
f 3024/3/2730 3030/3/2736 3029/3/2735 3023/3/2729
f 3025/3/2731 3031/3/2737 3030/3/2736 3024/3/2730
f 3026/3/2732 3032/3/2738 3031/3/2737 3025/3/2731
f 3027/3/2733 3033/3/2739 3032/3/2738 3026/3/2732
f 3028/3/2734 3034/3/2740 3033/3/2739 3027/3/2733
f 3029/3/2735 3035/3/2741 3040/3/2746 3034/3/2740
f 3030/3/2736 3036/3/2742 3035/3/2741 3029/3/2735
f 3031/3/2737 3037/3/2743 3036/3/2742 3030/3/2736
f 3032/3/2738 3038/3/2744 3037/3/2743 3031/3/2737
f 3033/3/2739 3039/3/2745 3038/3/2744 3032/3/2738
f 3034/3/2740 3040/3/2746 3039/3/2745 3033/3/2739
f 3035/3/2741 3041/3/2747 3046/3/2752 3040/3/2746
f 3036/3/2742 3042/3/2748 3041/3/2747 3035/3/2741
f 3037/3/2743 3043/3/2749 3042/3/2748 3036/3/2742
f 3038/3/2744 3044/3/2750 3043/3/2749 3037/3/2743
f 3039/3/2745 3045/3/2751 3044/3/2750 3038/3/2744
f 3040/3/2746 3046/3/2752 3045/3/2751 3039/3/2745
f 3041/3/2747 3047/3/2753 3052/3/2758 3046/3/2752
f 3042/3/2748 3048/3/2754 3047/3/2753 3041/3/2747
f 3043/3/2749 3049/3/2755 3048/3/2754 3042/3/2748
f 3044/3/2750 3050/3/2756 3049/3/2755 3043/3/2749
f 3045/3/2751 3051/3/2757 3050/3/2756 3044/3/2750
f 3046/3/2752 3052/3/2758 3051/3/2757 3045/3/2751
f 3047/3/2753 3053/3/2759 3058/3/2764 3052/3/2758
f 3048/3/2754 3054/3/2760 3053/3/2759 3047/3/2753
f 3049/3/2755 3055/3/2761 3054/3/2760 3048/3/2754
f 3050/3/2756 3056/3/2762 3055/3/2761 3049/3/2755
f 3051/3/2757 3057/3/2763 3056/3/2762 3050/3/2756
f 3052/3/2758 3058/3/2764 3057/3/2763 3051/3/2757
f 3053/3/2759 3059/3/2765 3064/3/2770 3058/3/2764
f 3054/3/2760 3060/3/2766 3059/3/2765 3053/3/2759
f 3055/3/2761 3061/3/2767 3060/3/2766 3054/3/2760
f 3056/3/2762 3062/3/2768 3061/3/2767 3055/3/2761
f 3057/3/2763 3063/3/2769 3062/3/2768 3056/3/2762
f 3058/3/2764 3064/3/2770 3063/3/2769 3057/3/2763
f 3059/3/2765 3065/3/2771 3070/3/2776 3064/3/2770
f 3060/3/2766 3066/3/2772 3065/3/2771 3059/3/2765
f 3061/3/2767 3067/3/2773 3066/3/2772 3060/3/2766
f 3062/3/2768 3068/3/2774 3067/3/2773 3061/3/2767
f 3063/3/2769 3069/3/2775 3068/3/2774 3062/3/2768
f 3064/3/2770 3070/3/2776 3069/3/2775 3063/3/2769
f 3065/3/2771 3071/3/2777 3076/3/2782 3070/3/2776
f 3066/3/2772 3072/3/2778 3071/3/2777 3065/3/2771
f 3067/3/2773 3073/3/2779 3072/3/2778 3066/3/2772
f 3068/3/2774 3074/3/2780 3073/3/2779 3067/3/2773
f 3069/3/2775 3075/3/2781 3074/3/2780 3068/3/2774
f 3070/3/2776 3076/3/2782 3075/3/2781 3069/3/2775
f 3071/3/2777 3077/3/2783 3082/3/2788 3076/3/2782
f 3072/3/2778 3078/3/2784 3077/3/2783 3071/3/2777
f 3073/3/2779 3079/3/2785 3078/3/2784 3072/3/2778
f 3074/3/2780 3080/3/2786 3079/3/2785 3073/3/2779
f 3075/3/2781 3081/3/2787 3080/3/2786 3074/3/2780
f 3076/3/2782 3082/3/2788 3081/3/2787 3075/3/2781
f 3077/3/2783 3083/3/2789 3088/3/2794 3082/3/2788
f 3078/3/2784 3084/3/2790 3083/3/2789 3077/3/2783
f 3079/3/2785 3085/3/2791 3084/3/2790 3078/3/2784
f 3080/3/2786 3086/3/2792 3085/3/2791 3079/3/2785
f 3081/3/2787 3087/3/2793 3086/3/2792 3080/3/2786
f 3082/3/2788 3088/3/2794 3087/3/2793 3081/3/2787
f 3083/3/2789 3089/3/2795 3094/3/2800 3088/3/2794
f 3084/3/2790 3090/3/2796 3089/3/2795 3083/3/2789
f 3085/3/2791 3091/3/2797 3090/3/2796 3084/3/2790
f 3086/3/2792 3092/3/2798 3091/3/2797 3085/3/2791
f 3087/3/2793 3093/3/2799 3092/3/2798 3086/3/2792
f 3088/3/2794 3094/3/2800 3093/3/2799 3087/3/2793
f 3089/3/2795 3095/3/2801 3100/3/2806 3094/3/2800
f 3090/3/2796 3096/3/2802 3095/3/2801 3089/3/2795
f 3091/3/2797 3097/3/2803 3096/3/2802 3090/3/2796
f 3092/3/2798 3098/3/2804 3097/3/2803 3091/3/2797
f 3093/3/2799 3099/3/2805 3098/3/2804 3092/3/2798
f 3094/3/2800 3100/3/2806 3099/3/2805 3093/3/2799
f 3095/3/2801 3101/3/2807 3106/3/2812 3100/3/2806
f 3096/3/2802 3102/3/2808 3101/3/2807 3095/3/2801
f 3097/3/2803 3103/3/2809 3102/3/2808 3096/3/2802
f 3098/3/2804 3104/3/2810 3103/3/2809 3097/3/2803
f 3099/3/2805 3105/3/2811 3104/3/2810 3098/3/2804
f 3100/3/2806 3106/3/2812 3105/3/2811 3099/3/2805
f 3101/3/2807 3107/3/2813 3112/3/2818 3106/3/2812
f 3102/3/2808 3108/3/2814 3107/3/2813 3101/3/2807
f 3103/3/2809 3109/3/2815 3108/3/2814 3102/3/2808
f 3104/3/2810 3110/3/2816 3109/3/2815 3103/3/2809
f 3105/3/2811 3111/3/2817 3110/3/2816 3104/3/2810
f 3106/3/2812 3112/3/2818 3111/3/2817 3105/3/2811
f 3113/5/2819 3114/5/2820 3115/5/2821
f 3116/5/2822 3117/5/2823 3118/5/2824
f 3119/5/2825 3120/5/2826 3121/5/2827
f 3122/5/2828 3123/5/2829 3124/5/2830
f 3125/5/2831 3126/5/2832 3127/5/2833
f 3128/5/2834 3129/5/2835 3130/5/2836
f 3131/5/2837 3132/5/2838 3133/5/2839
f 3134/5/2840 3135/5/2841 3136/5/2842
f 3119/5/2825 3113/5/2819 3115/5/2821 3120/5/2826
f 3114/5/2820 3116/5/2822 3118/5/2824 3115/5/2821
f 3117/5/2823 3122/5/2828 3124/5/2830 3118/5/2824
f 3123/5/2829 3121/5/2827 3120/5/2826 3124/5/2830
f 3131/5/2837 3119/5/2825 3121/5/2827 3132/5/2838
f 3122/5/2828 3134/5/2840 3136/5/2842 3123/5/2829
f 3135/5/2841 3133/5/2839 3132/5/2838 3136/5/2842
f 3125/5/2831 3131/5/2837 3133/5/2839 3126/5/2832
f 3134/5/2840 3128/5/2834 3130/5/2836 3135/5/2841
f 3129/5/2835 3127/5/2833 3126/5/2832 3130/5/2836
f 3113/5/2819 3125/5/2831 3127/5/2833 3114/5/2820
f 3128/5/2834 3117/5/2823 3116/5/2822 3129/5/2835
f 3119/5/2825 3131/5/2837 3125/5/2831 3113/5/2819
f 3115/5/2821 3118/5/2824 3124/5/2830 3120/5/2826
f 3127/5/2833 3129/5/2835 3116/5/2822 3114/5/2820
f 3134/5/2840 3122/5/2828 3117/5/2823 3128/5/2834
f 3121/5/2827 3123/5/2829 3136/5/2842 3132/5/2838
f 3133/5/2839 3135/5/2841 3130/5/2836 3126/5/2832
f 3137/2/2819 3138/2/2820 3139/2/2821
f 3140/2/2822 3141/2/2823 3142/2/2824
f 3143/2/2825 3144/2/2826 3145/2/2827
f 3146/2/2828 3147/2/2829 3148/2/2830
f 3149/2/2831 3150/2/2832 3151/2/2833
f 3152/2/2834 3153/2/2835 3154/2/2836
f 3155/2/2837 3156/2/2838 3157/2/2839
f 3158/2/2840 3159/2/2841 3160/2/2842
f 3143/2/2825 3137/2/2819 3139/2/2821 3144/2/2826
f 3138/2/2820 3140/2/2822 3142/2/2824 3139/2/2821
f 3141/2/2823 3146/2/2828 3148/2/2830 3142/2/2824
f 3147/2/2829 3145/2/2827 3144/2/2826 3148/2/2830
f 3155/2/2837 3143/2/2825 3145/2/2827 3156/2/2838
f 3146/2/2828 3158/2/2840 3160/2/2842 3147/2/2829
f 3159/2/2841 3157/2/2839 3156/2/2838 3160/2/2842
f 3149/2/2831 3155/2/2837 3157/2/2839 3150/2/2832
f 3158/2/2840 3152/2/2834 3154/2/2836 3159/2/2841
f 3153/2/2835 3151/2/2833 3150/2/2832 3154/2/2836
f 3137/2/2819 3149/2/2831 3151/2/2833 3138/2/2820
f 3152/2/2834 3141/2/2823 3140/2/2822 3153/2/2835
f 3143/2/2825 3155/2/2837 3149/2/2831 3137/2/2819
f 3139/2/2821 3142/2/2824 3148/2/2830 3144/2/2826
f 3151/2/2833 3153/2/2835 3140/2/2822 3138/2/2820
f 3158/2/2840 3146/2/2828 3141/2/2823 3152/2/2834
f 3145/2/2827 3147/2/2829 3160/2/2842 3156/2/2838
f 3157/2/2839 3159/2/2841 3154/2/2836 3150/2/2832
f 3161/3/2843 3162/3/2844 3164/3/2846 3163/3/2845
f 3163/3/2845 3164/3/2846 3166/3/2848 3165/3/2847
f 3165/3/2847 3166/3/2848 3168/3/2850 3167/3/2849
f 3167/3/2849 3168/3/2850 3170/3/2852 3169/3/2851
f 3169/3/2851 3170/3/2852 3172/3/2854 3171/3/2853
f 3171/3/2853 3172/3/2854 3174/3/2856 3173/3/2855
f 3173/3/2855 3174/3/2856 3176/3/2858 3175/3/2857
f 3175/3/2857 3176/3/2858 3178/3/2860 3177/3/2859
f 3164/3/2846 3162/3/2844 3180/3/2862 3178/3/2860 3176/3/2858 3174/3/2856 3172/3/2854 3170/3/2852 3168/3/2850 3166/3/2848
f 3177/3/2859 3178/3/2860 3180/3/2862 3179/3/2861
f 3179/3/2861 3180/3/2862 3162/3/2844 3161/3/2843
f 3161/3/2843 3163/3/2845 3165/3/2847 3167/3/2849 3169/3/2851 3171/3/2853 3173/3/2855 3175/3/2857 3177/3/2859 3179/3/2861
f 3181/3/2843 3182/3/2844 3184/3/2846 3183/3/2845
f 3183/3/2845 3184/3/2846 3186/3/2848 3185/3/2847
f 3185/3/2847 3186/3/2848 3188/3/2850 3187/3/2849
f 3187/3/2849 3188/3/2850 3190/3/2852 3189/3/2851
f 3189/3/2851 3190/3/2852 3192/3/2854 3191/3/2853
f 3191/3/2853 3192/3/2854 3194/3/2856 3193/3/2855
f 3193/3/2855 3194/3/2856 3196/3/2858 3195/3/2857
f 3195/3/2857 3196/3/2858 3198/3/2860 3197/3/2859
f 3184/3/2846 3182/3/2844 3200/3/2862 3198/3/2860 3196/3/2858 3194/3/2856 3192/3/2854 3190/3/2852 3188/3/2850 3186/3/2848
f 3197/3/2859 3198/3/2860 3200/3/2862 3199/3/2861
f 3199/3/2861 3200/3/2862 3182/3/2844 3181/3/2843
f 3181/3/2843 3183/3/2845 3185/3/2847 3187/3/2849 3189/3/2851 3191/3/2853 3193/3/2855 3195/3/2857 3197/3/2859 3199/3/2861
f 3201/3/2843 3202/3/2844 3204/3/2846 3203/3/2845
f 3203/3/2845 3204/3/2846 3206/3/2848 3205/3/2847
f 3205/3/2847 3206/3/2848 3208/3/2850 3207/3/2849
f 3207/3/2849 3208/3/2850 3210/3/2852 3209/3/2851
f 3209/3/2851 3210/3/2852 3212/3/2854 3211/3/2853
f 3211/3/2853 3212/3/2854 3214/3/2856 3213/3/2855
f 3213/3/2855 3214/3/2856 3216/3/2858 3215/3/2857
f 3215/3/2857 3216/3/2858 3218/3/2860 3217/3/2859
f 3204/3/2846 3202/3/2844 3220/3/2862 3218/3/2860 3216/3/2858 3214/3/2856 3212/3/2854 3210/3/2852 3208/3/2850 3206/3/2848
f 3217/3/2859 3218/3/2860 3220/3/2862 3219/3/2861
f 3219/3/2861 3220/3/2862 3202/3/2844 3201/3/2843
f 3201/3/2843 3203/3/2845 3205/3/2847 3207/3/2849 3209/3/2851 3211/3/2853 3213/3/2855 3215/3/2857 3217/3/2859 3219/3/2861
f 3221/3/2843 3222/3/2844 3224/3/2846 3223/3/2845
f 3223/3/2845 3224/3/2846 3226/3/2848 3225/3/2847
f 3225/3/2847 3226/3/2848 3228/3/2850 3227/3/2849
f 3227/3/2849 3228/3/2850 3230/3/2852 3229/3/2851
f 3229/3/2851 3230/3/2852 3232/3/2854 3231/3/2853
f 3231/3/2853 3232/3/2854 3234/3/2856 3233/3/2855
f 3233/3/2855 3234/3/2856 3236/3/2858 3235/3/2857
f 3235/3/2857 3236/3/2858 3238/3/2860 3237/3/2859
f 3224/3/2846 3222/3/2844 3240/3/2862 3238/3/2860 3236/3/2858 3234/3/2856 3232/3/2854 3230/3/2852 3228/3/2850 3226/3/2848
f 3237/3/2859 3238/3/2860 3240/3/2862 3239/3/2861
f 3239/3/2861 3240/3/2862 3222/3/2844 3221/3/2843
f 3221/3/2843 3223/3/2845 3225/3/2847 3227/3/2849 3229/3/2851 3231/3/2853 3233/3/2855 3235/3/2857 3237/3/2859 3239/3/2861
f 3241/4/2863 3242/4/2864 3244/4/2866 3243/4/2865
f 3243/4/2865 3244/4/2866 3248/4/2870 3247/4/2869
f 3247/4/2869 3248/4/2870 3246/4/2868 3245/4/2867
f 3245/4/2867 3246/4/2868 3242/4/2864 3241/4/2863
f 3243/4/2865 3247/4/2869 3245/4/2867 3241/4/2863
f 3248/4/2870 3244/4/2866 3242/4/2864 3246/4/2868
f 3249/4/2863 3250/4/2864 3252/4/2866 3251/4/2865
f 3251/4/2865 3252/4/2866 3256/4/2870 3255/4/2869
f 3255/4/2869 3256/4/2870 3254/4/2868 3253/4/2867
f 3253/4/2867 3254/4/2868 3250/4/2864 3249/4/2863
f 3251/4/2865 3255/4/2869 3253/4/2867 3249/4/2863
f 3256/4/2870 3252/4/2866 3250/4/2864 3254/4/2868
f 3257/4/2863 3258/4/2864 3260/4/2866 3259/4/2865
f 3259/4/2865 3260/4/2866 3264/4/2870 3263/4/2869
f 3263/4/2869 3264/4/2870 3262/4/2868 3261/4/2867
f 3261/4/2867 3262/4/2868 3258/4/2864 3257/4/2863
f 3259/4/2865 3263/4/2869 3261/4/2867 3257/4/2863
f 3264/4/2870 3260/4/2866 3258/4/2864 3262/4/2868
f 3265/5/2819 3266/5/2820 3267/5/2821
f 3268/5/2822 3269/5/2823 3270/5/2824
f 3271/5/2825 3272/5/2826 3273/5/2827
f 3274/5/2828 3275/5/2829 3276/5/2830
f 3277/5/2831 3278/5/2832 3279/5/2833
f 3280/5/2834 3281/5/2835 3282/5/2836
f 3283/5/2837 3284/5/2838 3285/5/2839
f 3286/5/2840 3287/5/2841 3288/5/2842
f 3271/5/2825 3265/5/2819 3267/5/2821 3272/5/2826
f 3266/5/2820 3268/5/2822 3270/5/2824 3267/5/2821
f 3269/5/2823 3274/5/2828 3276/5/2830 3270/5/2824
f 3275/5/2829 3273/5/2827 3272/5/2826 3276/5/2830
f 3283/5/2837 3271/5/2825 3273/5/2827 3284/5/2838
f 3274/5/2828 3286/5/2840 3288/5/2842 3275/5/2829
f 3287/5/2841 3285/5/2839 3284/5/2838 3288/5/2842
f 3277/5/2831 3283/5/2837 3285/5/2839 3278/5/2832
f 3286/5/2840 3280/5/2834 3282/5/2836 3287/5/2841
f 3281/5/2835 3279/5/2833 3278/5/2832 3282/5/2836
f 3265/5/2819 3277/5/2831 3279/5/2833 3266/5/2820
f 3280/5/2834 3269/5/2823 3268/5/2822 3281/5/2835
f 3271/5/2825 3283/5/2837 3277/5/2831 3265/5/2819
f 3267/5/2821 3270/5/2824 3276/5/2830 3272/5/2826
f 3279/5/2833 3281/5/2835 3268/5/2822 3266/5/2820
f 3286/5/2840 3274/5/2828 3269/5/2823 3280/5/2834
f 3273/5/2827 3275/5/2829 3288/5/2842 3284/5/2838
f 3285/5/2839 3287/5/2841 3282/5/2836 3278/5/2832
f 3289/2/2819 3290/2/2820 3291/2/2821
f 3292/2/2822 3293/2/2823 3294/2/2824
f 3295/2/2825 3296/2/2826 3297/2/2827
f 3298/2/2828 3299/2/2829 3300/2/2830
f 3301/2/2831 3302/2/2832 3303/2/2833
f 3304/2/2834 3305/2/2835 3306/2/2836
f 3307/2/2837 3308/2/2838 3309/2/2839
f 3310/2/2840 3311/2/2841 3312/2/2842
f 3295/2/2825 3289/2/2819 3291/2/2821 3296/2/2826
f 3290/2/2820 3292/2/2822 3294/2/2824 3291/2/2821
f 3293/2/2823 3298/2/2828 3300/2/2830 3294/2/2824
f 3299/2/2829 3297/2/2827 3296/2/2826 3300/2/2830
f 3307/2/2837 3295/2/2825 3297/2/2827 3308/2/2838
f 3298/2/2828 3310/2/2840 3312/2/2842 3299/2/2829
f 3311/2/2841 3309/2/2839 3308/2/2838 3312/2/2842
f 3301/2/2831 3307/2/2837 3309/2/2839 3302/2/2832
f 3310/2/2840 3304/2/2834 3306/2/2836 3311/2/2841
f 3305/2/2835 3303/2/2833 3302/2/2832 3306/2/2836
f 3289/2/2819 3301/2/2831 3303/2/2833 3290/2/2820
f 3304/2/2834 3293/2/2823 3292/2/2822 3305/2/2835
f 3295/2/2825 3307/2/2837 3301/2/2831 3289/2/2819
f 3291/2/2821 3294/2/2824 3300/2/2830 3296/2/2826
f 3303/2/2833 3305/2/2835 3292/2/2822 3290/2/2820
f 3310/2/2840 3298/2/2828 3293/2/2823 3304/2/2834
f 3297/2/2827 3299/2/2829 3312/2/2842 3308/2/2838
f 3309/2/2839 3311/2/2841 3306/2/2836 3302/2/2832
f 3313/3/2843 3314/3/2844 3316/3/2846 3315/3/2845
f 3315/3/2845 3316/3/2846 3318/3/2848 3317/3/2847
f 3317/3/2847 3318/3/2848 3320/3/2850 3319/3/2849
f 3319/3/2849 3320/3/2850 3322/3/2852 3321/3/2851
f 3321/3/2851 3322/3/2852 3324/3/2854 3323/3/2853
f 3323/3/2853 3324/3/2854 3326/3/2856 3325/3/2855
f 3325/3/2855 3326/3/2856 3328/3/2858 3327/3/2857
f 3327/3/2857 3328/3/2858 3330/3/2860 3329/3/2859
f 3316/3/2846 3314/3/2844 3332/3/2862 3330/3/2860 3328/3/2858 3326/3/2856 3324/3/2854 3322/3/2852 3320/3/2850 3318/3/2848
f 3329/3/2859 3330/3/2860 3332/3/2862 3331/3/2861
f 3331/3/2861 3332/3/2862 3314/3/2844 3313/3/2843
f 3313/3/2843 3315/3/2845 3317/3/2847 3319/3/2849 3321/3/2851 3323/3/2853 3325/3/2855 3327/3/2857 3329/3/2859 3331/3/2861
f 3333/3/2843 3334/3/2844 3336/3/2846 3335/3/2845
f 3335/3/2845 3336/3/2846 3338/3/2848 3337/3/2847
f 3337/3/2847 3338/3/2848 3340/3/2850 3339/3/2849
f 3339/3/2849 3340/3/2850 3342/3/2852 3341/3/2851
f 3341/3/2851 3342/3/2852 3344/3/2854 3343/3/2853
f 3343/3/2853 3344/3/2854 3346/3/2856 3345/3/2855
f 3345/3/2855 3346/3/2856 3348/3/2858 3347/3/2857
f 3347/3/2857 3348/3/2858 3350/3/2860 3349/3/2859
f 3336/3/2846 3334/3/2844 3352/3/2862 3350/3/2860 3348/3/2858 3346/3/2856 3344/3/2854 3342/3/2852 3340/3/2850 3338/3/2848
f 3349/3/2859 3350/3/2860 3352/3/2862 3351/3/2861
f 3351/3/2861 3352/3/2862 3334/3/2844 3333/3/2843
f 3333/3/2843 3335/3/2845 3337/3/2847 3339/3/2849 3341/3/2851 3343/3/2853 3345/3/2855 3347/3/2857 3349/3/2859 3351/3/2861
f 3353/3/2843 3354/3/2844 3356/3/2846 3355/3/2845
f 3355/3/2845 3356/3/2846 3358/3/2848 3357/3/2847
f 3357/3/2847 3358/3/2848 3360/3/2850 3359/3/2849
f 3359/3/2849 3360/3/2850 3362/3/2852 3361/3/2851
f 3361/3/2851 3362/3/2852 3364/3/2854 3363/3/2853
f 3363/3/2853 3364/3/2854 3366/3/2856 3365/3/2855
f 3365/3/2855 3366/3/2856 3368/3/2858 3367/3/2857
f 3367/3/2857 3368/3/2858 3370/3/2860 3369/3/2859
f 3356/3/2846 3354/3/2844 3372/3/2862 3370/3/2860 3368/3/2858 3366/3/2856 3364/3/2854 3362/3/2852 3360/3/2850 3358/3/2848
f 3369/3/2859 3370/3/2860 3372/3/2862 3371/3/2861
f 3371/3/2861 3372/3/2862 3354/3/2844 3353/3/2843
f 3353/3/2843 3355/3/2845 3357/3/2847 3359/3/2849 3361/3/2851 3363/3/2853 3365/3/2855 3367/3/2857 3369/3/2859 3371/3/2861
f 3373/3/2843 3374/3/2844 3376/3/2846 3375/3/2845
f 3375/3/2845 3376/3/2846 3378/3/2848 3377/3/2847
f 3377/3/2847 3378/3/2848 3380/3/2850 3379/3/2849
f 3379/3/2849 3380/3/2850 3382/3/2852 3381/3/2851
f 3381/3/2851 3382/3/2852 3384/3/2854 3383/3/2853
f 3383/3/2853 3384/3/2854 3386/3/2856 3385/3/2855
f 3385/3/2855 3386/3/2856 3388/3/2858 3387/3/2857
f 3387/3/2857 3388/3/2858 3390/3/2860 3389/3/2859
f 3376/3/2846 3374/3/2844 3392/3/2862 3390/3/2860 3388/3/2858 3386/3/2856 3384/3/2854 3382/3/2852 3380/3/2850 3378/3/2848
f 3389/3/2859 3390/3/2860 3392/3/2862 3391/3/2861
f 3391/3/2861 3392/3/2862 3374/3/2844 3373/3/2843
f 3373/3/2843 3375/3/2845 3377/3/2847 3379/3/2849 3381/3/2851 3383/3/2853 3385/3/2855 3387/3/2857 3389/3/2859 3391/3/2861
f 3393/4/2863 3394/4/2864 3396/4/2866 3395/4/2865
f 3395/4/2865 3396/4/2866 3400/4/2870 3399/4/2869
f 3399/4/2869 3400/4/2870 3398/4/2868 3397/4/2867
f 3397/4/2867 3398/4/2868 3394/4/2864 3393/4/2863
f 3395/4/2865 3399/4/2869 3397/4/2867 3393/4/2863
f 3400/4/2870 3396/4/2866 3394/4/2864 3398/4/2868
f 3401/4/2863 3402/4/2864 3404/4/2866 3403/4/2865
f 3403/4/2865 3404/4/2866 3408/4/2870 3407/4/2869
f 3407/4/2869 3408/4/2870 3406/4/2868 3405/4/2867
f 3405/4/2867 3406/4/2868 3402/4/2864 3401/4/2863
f 3403/4/2865 3407/4/2869 3405/4/2867 3401/4/2863
f 3408/4/2870 3404/4/2866 3402/4/2864 3406/4/2868
f 3409/4/2863 3410/4/2864 3412/4/2866 3411/4/2865
f 3411/4/2865 3412/4/2866 3416/4/2870 3415/4/2869
f 3415/4/2869 3416/4/2870 3414/4/2868 3413/4/2867
f 3413/4/2867 3414/4/2868 3410/4/2864 3409/4/2863
f 3411/4/2865 3415/4/2869 3413/4/2867 3409/4/2863
f 3416/4/2870 3412/4/2866 3410/4/2864 3414/4/2868
f 3420/6/2873 3419/6/2872 3426/6/2878 3427/6/2879
f 3418/6/2871 3529/6/2979 3424/6/2876 3425/6/2877
f 3528/6/2978 3417/6/206 3423/6/2875
f 3422/6/405 3421/6/2874 3429/6/2881
f 3530/6/2980 3420/6/2873 3427/6/2879 3428/6/2880
f 3419/6/2872 3418/6/2871 3425/6/2877 3426/6/2878
f 3529/6/2979 3528/6/2978 3423/6/2875 3424/6/2876
f 3421/6/2874 3530/6/2980 3428/6/2880 3429/6/2881
f 3422/6/405 3429/6/2881 3436/6/2888
f 3428/6/2880 3427/6/2879 3434/6/2886 3435/6/2887
f 3426/6/2878 3425/6/2877 3432/6/2884 3433/6/2885
f 3424/6/2876 3423/6/2875 3430/6/2882 3431/6/2883
f 3429/6/2881 3428/6/2880 3435/6/2887 3436/6/2888
f 3427/6/2879 3426/6/2878 3433/6/2885 3434/6/2886
f 3425/6/2877 3424/6/2876 3431/6/2883 3432/6/2884
f 3423/6/2875 3417/6/206 3430/6/2882
f 3431/6/2883 3430/6/2882 3437/6/2889 3438/6/2890
f 3436/6/2888 3435/6/2887 3442/6/2894 3443/6/2895
f 3434/6/2886 3433/6/2885 3440/6/2892 3441/6/2893
f 3432/6/2884 3431/6/2883 3438/6/2890 3439/6/2891
f 3430/6/2882 3417/6/206 3437/6/2889
f 3422/6/405 3436/6/2888 3443/6/2895
f 3435/6/2887 3434/6/2886 3441/6/2893 3442/6/2894
f 3433/6/2885 3432/6/2884 3439/6/2891 3440/6/2892
f 3443/6/2895 3442/6/2894 3449/6/2900 3450/6/2901
f 3441/6/2893 3440/6/2892 3447/6/482 3448/6/2899
f 3439/6/2891 3438/6/2890 3445/6/2897 3446/6/2898
f 3437/6/2889 3417/6/206 3444/6/2896
f 3422/6/405 3443/6/2895 3450/6/2901
f 3442/6/2894 3441/6/2893 3448/6/2899 3449/6/2900
f 3440/6/2892 3439/6/2891 3446/6/2898 3447/6/482
f 3438/6/2890 3437/6/2889 3444/6/2896 3445/6/2897
f 3444/6/2896 3417/6/206 3451/6/2902
f 3422/6/405 3450/6/2901 3457/6/2908
f 3449/6/2900 3448/6/2899 3455/6/2906 3456/6/2907
f 3447/6/482 3446/6/2898 3453/6/2904 3454/6/2905
f 3445/6/2897 3444/6/2896 3451/6/2902 3452/6/2903
f 3450/6/2901 3449/6/2900 3456/6/2907 3457/6/2908
f 3448/6/2899 3447/6/482 3454/6/2905 3455/6/2906
f 3446/6/2898 3445/6/2897 3452/6/2903 3453/6/2904
f 3456/6/2907 3455/6/2906 3462/6/2913 3463/6/2914
f 3454/6/2905 3453/6/2904 3460/6/2911 3461/6/2912
f 3452/6/2903 3451/6/2902 3458/6/2909 3459/6/2910
f 3457/6/2908 3456/6/2907 3463/6/2914 3464/6/2915
f 3455/6/2906 3454/6/2905 3461/6/2912 3462/6/2913
f 3453/6/2904 3452/6/2903 3459/6/2910 3460/6/2911
f 3451/6/2902 3417/6/206 3458/6/2909
f 3422/6/405 3457/6/2908 3464/6/2915
f 3464/6/2915 3463/6/2914 3470/6/2921 3471/6/2922
f 3462/6/2913 3461/6/2912 3468/6/2919 3469/6/2920
f 3460/6/2911 3459/6/2910 3466/6/2917 3467/6/2918
f 3458/6/2909 3417/6/206 3465/6/2916
f 3422/6/405 3464/6/2915 3471/6/2922
f 3463/6/2914 3462/6/2913 3469/6/2920 3470/6/2921
f 3461/6/2912 3460/6/2911 3467/6/2918 3468/6/2919
f 3459/6/2910 3458/6/2909 3465/6/2916 3466/6/2917
f 3469/6/2920 3468/6/2919 3475/6/2926 3476/6/2927
f 3467/6/2918 3466/6/2917 3473/6/2924 3474/6/2925
f 3465/6/2916 3417/6/206 3472/6/2923
f 3422/6/405 3471/6/2922 3478/6/2929
f 3470/6/2921 3469/6/2920 3476/6/2927 3477/6/2928
f 3468/6/2919 3467/6/2918 3474/6/2925 3475/6/2926
f 3466/6/2917 3465/6/2916 3472/6/2923 3473/6/2924
f 3471/6/2922 3470/6/2921 3477/6/2928 3478/6/2929
f 3422/6/405 3478/6/2929 3485/6/2936
f 3477/6/2928 3476/6/2927 3483/6/2934 3484/6/2935
f 3475/6/2926 3474/6/2925 3481/6/2932 3482/6/2933
f 3473/6/2924 3472/6/2923 3479/6/2930 3480/6/2931
f 3478/6/2929 3477/6/2928 3484/6/2935 3485/6/2936
f 3476/6/2927 3475/6/2926 3482/6/2933 3483/6/2934
f 3474/6/2925 3473/6/2924 3480/6/2931 3481/6/2932
f 3472/6/2923 3417/6/206 3479/6/2930
f 3482/6/2933 3481/6/2932 3488/6/2939 3489/6/2940
f 3480/6/2931 3479/6/2930 3486/6/2937 3487/6/2938
f 3485/6/2936 3484/6/2935 3491/6/2942 3492/6/2943
f 3483/6/2934 3482/6/2933 3489/6/2940 3490/6/2941
f 3481/6/2932 3480/6/2931 3487/6/2938 3488/6/2939
f 3479/6/2930 3417/6/206 3486/6/2937
f 3422/6/405 3485/6/2936 3492/6/2943
f 3484/6/2935 3483/6/2934 3490/6/2941 3491/6/2942
f 3492/6/2943 3491/6/2942 3498/6/2949 3499/6/2950
f 3490/6/2941 3489/6/2940 3496/6/2947 3497/6/2948
f 3488/6/2939 3487/6/2938 3494/6/2945 3495/6/2946
f 3486/6/2937 3417/6/206 3493/6/2944
f 3422/6/405 3492/6/2943 3499/6/2950
f 3491/6/2942 3490/6/2941 3497/6/2948 3498/6/2949
f 3489/6/2940 3488/6/2939 3495/6/2946 3496/6/2947
f 3487/6/2938 3486/6/2937 3493/6/2944 3494/6/2945
f 3495/6/2946 3494/6/2945 3501/6/2952 3502/6/2953
f 3493/6/2944 3417/6/206 3500/6/2951
f 3422/6/405 3499/6/2950 3506/6/2956
f 3498/6/2949 3497/6/2948 3504/6/2954 3505/6/2955
f 3496/6/2947 3495/6/2946 3502/6/2953 3503/6/491
f 3494/6/2945 3493/6/2944 3500/6/2951 3501/6/2952
f 3499/6/2950 3498/6/2949 3505/6/2955 3506/6/2956
f 3497/6/2948 3496/6/2947 3503/6/491 3504/6/2954
f 3422/6/405 3506/6/2956 3513/6/2963
f 3505/6/2955 3504/6/2954 3511/6/2961 3512/6/2962
f 3503/6/491 3502/6/2953 3509/6/2959 3510/6/2960
f 3501/6/2952 3500/6/2951 3507/6/2957 3508/6/2958
f 3506/6/2956 3505/6/2955 3512/6/2962 3513/6/2963
f 3504/6/2954 3503/6/491 3510/6/2960 3511/6/2961
f 3502/6/2953 3501/6/2952 3508/6/2958 3509/6/2959
f 3500/6/2951 3417/6/206 3507/6/2957
f 3508/6/2958 3507/6/2957 3514/6/2964 3515/6/2965
f 3513/6/2963 3512/6/2962 3519/6/2969 3520/6/2970
f 3511/6/2961 3510/6/2960 3517/6/2967 3518/6/2968
f 3509/6/2959 3508/6/2958 3515/6/2965 3516/6/2966
f 3507/6/2957 3417/6/206 3514/6/2964
f 3422/6/405 3513/6/2963 3520/6/2970
f 3512/6/2962 3511/6/2961 3518/6/2968 3519/6/2969
f 3510/6/2960 3509/6/2959 3516/6/2966 3517/6/2967
f 3520/6/2970 3519/6/2969 3526/6/2976 3527/6/2977
f 3518/6/2968 3517/6/2967 3524/6/2974 3525/6/2975
f 3516/6/2966 3515/6/2965 3522/6/2972 3523/6/2973
f 3514/6/2964 3417/6/206 3521/6/2971
f 3422/6/405 3520/6/2970 3527/6/2977
f 3519/6/2969 3518/6/2968 3525/6/2975 3526/6/2976
f 3517/6/2967 3516/6/2966 3523/6/2973 3524/6/2974
f 3515/6/2965 3514/6/2964 3521/6/2971 3522/6/2972
f 3521/6/2971 3417/6/206 3528/6/2978
f 3422/6/405 3527/6/2977 3421/6/2874
f 3526/6/2976 3525/6/2975 3420/6/2873 3530/6/2980
f 3524/6/2974 3523/6/2973 3418/6/2871 3419/6/2872
f 3522/6/2972 3521/6/2971 3528/6/2978 3529/6/2979
f 3527/6/2977 3526/6/2976 3530/6/2980 3421/6/2874
f 3525/6/2975 3524/6/2974 3419/6/2872 3420/6/2873
f 3523/6/2973 3522/6/2972 3529/6/2979 3418/6/2871
f 3531/5/2981 3532/5/2982 3534/5/2984 3533/5/2983
f 3533/5/2983 3534/5/2984 3538/5/2988 3537/5/2987
f 3537/5/2987 3538/5/2988 3536/5/2986 3535/5/2985
f 3535/5/2985 3536/5/2986 3532/5/2982 3531/5/2981
f 3533/5/2983 3537/5/2987 3535/5/2985 3531/5/2981
f 3538/5/2988 3534/5/2984 3532/5/2982 3536/5/2986
f 3539/5/2989 3540/5/2990 3542/5/2992 3541/5/2991
f 3541/5/2991 3542/5/2992 3546/5/2996 3545/5/2995
f 3545/5/2995 3546/5/2996 3544/5/2994 3543/5/2993
f 3543/5/2993 3544/5/2994 3540/5/2990 3539/5/2989
f 3541/5/2991 3545/5/2995 3543/5/2993 3539/5/2989
f 3546/5/2996 3542/5/2992 3540/5/2990 3544/5/2994
f 3548/7/2998 3552/7/3002 3551/7/3001 3547/7/2997
f 3554/7/3004 3550/7/3000 3549/7/2999 3553/7/3003
f 3552/7/3002 3556/7/3006 3555/7/3005 3551/7/3001
f 3558/7/3008 3554/7/3004 3553/7/3003 3557/7/3007
f 3556/7/3006 3560/7/3010 3559/7/3009 3555/7/3005
f 3562/7/3012 3558/7/3008 3557/7/3007 3561/7/3011
f 3560/7/3010 3564/7/3014 3563/7/3013 3559/7/3009
f 3566/7/3016 3562/7/3012 3561/7/3011 3565/7/3015
f 3564/7/3014 3568/7/3018 3567/7/3017 3563/7/3013
f 3570/7/3020 3566/7/3016 3565/7/3015 3569/7/3019
f 3568/7/3018 3572/7/3022 3571/7/3021 3567/7/3017
f 3574/7/3024 3570/7/3020 3569/7/3019 3573/7/3023
f 3572/7/3022 3576/7/3026 3575/7/3025 3571/7/3021
f 3578/7/3028 3574/7/3024 3573/7/3023 3577/7/3027
f 3576/7/3026 3580/7/3030 3579/7/3029 3575/7/3025
f 3582/7/3032 3578/7/3028 3577/7/3027 3581/7/3031
f 3580/7/3030 3584/7/3034 3583/7/3033 3579/7/3029
f 3586/7/3036 3582/7/3032 3581/7/3031 3585/7/3035
f 3584/7/3034 3588/7/3038 3587/7/3037 3583/7/3033
f 3590/7/3040 3586/7/3036 3585/7/3035 3589/7/3039
f 3588/7/3038 3592/7/3042 3591/7/3041 3587/7/3037
f 3594/7/3044 3590/7/3040 3589/7/3039 3593/7/3043
f 3592/7/3042 3596/7/3046 3595/7/3045 3591/7/3041
f 3598/7/3048 3594/7/3044 3593/7/3043 3597/7/3047
f 3596/7/3046 3600/7/3050 3599/7/3049 3595/7/3045
f 3602/7/3052 3598/7/3048 3597/7/3047 3601/7/3051
f 3600/7/3050 3604/7/3054 3603/7/3053 3599/7/3049
f 3606/7/3056 3602/7/3052 3601/7/3051 3605/7/3055
f 3604/7/3054 3608/7/3058 3607/7/3057 3603/7/3053
f 3610/7/3060 3606/7/3056 3605/7/3055 3609/7/3059
f 3608/7/3058 3612/7/3062 3611/7/3061 3607/7/3057
f 3614/7/3064 3610/7/3060 3609/7/3059 3613/7/3063
f 3612/7/3062 3616/7/3066 3615/7/3065 3611/7/3061
f 3618/7/3068 3614/7/3064 3613/7/3063 3617/7/3067
f 3616/7/3066 3620/7/3070 3619/7/3069 3615/7/3065
f 3622/7/3072 3618/7/3068 3617/7/3067 3621/7/3071
f 3620/7/3070 3624/7/3074 3623/7/3073 3619/7/3069
f 3626/7/3076 3622/7/3072 3621/7/3071 3625/7/3075
f 3624/7/3074 3548/7/2998 3547/7/2997 3623/7/3073
f 3550/7/3000 3626/7/3076 3625/7/3075 3549/7/2999
f 3547/7/2997 3551/7/3001 3555/7/3005 3559/7/3009 3563/7/3013 3567/7/3017 3571/7/3021 3575/7/3025 3579/7/3029 3583/7/3033 3587/7/3037 3591/7/3041 3595/7/3045 3599/7/3049 3603/7/3053 3607/7/3057 3611/7/3061 3615/7/3065 3619/7/3069 3623/7/3073
f 3548/7/2998 3550/7/3000 3554/7/3004 3552/7/3002
f 3624/7/3074 3626/7/3076 3550/7/3000 3548/7/2998
f 3553/7/3003 3549/7/2999 3625/7/3075 3621/7/3071 3617/7/3067 3613/7/3063 3609/7/3059 3605/7/3055 3601/7/3051 3597/7/3047 3593/7/3043 3589/7/3039 3585/7/3035 3581/7/3031 3577/7/3027 3573/7/3023 3569/7/3019 3565/7/3015 3561/7/3011 3557/7/3007
f 3552/7/3002 3554/7/3004 3558/7/3008 3556/7/3006
f 3556/7/3006 3558/7/3008 3562/7/3012 3560/7/3010
f 3560/7/3010 3562/7/3012 3566/7/3016 3564/7/3014
f 3564/7/3014 3566/7/3016 3570/7/3020 3568/7/3018
f 3568/7/3018 3570/7/3020 3574/7/3024 3572/7/3022
f 3572/7/3022 3574/7/3024 3578/7/3028 3576/7/3026
f 3576/7/3026 3578/7/3028 3582/7/3032 3580/7/3030
f 3580/7/3030 3582/7/3032 3586/7/3036 3584/7/3034
f 3584/7/3034 3586/7/3036 3590/7/3040 3588/7/3038
f 3588/7/3038 3590/7/3040 3594/7/3044 3592/7/3042
f 3592/7/3042 3594/7/3044 3598/7/3048 3596/7/3046
f 3596/7/3046 3598/7/3048 3602/7/3052 3600/7/3050
f 3600/7/3050 3602/7/3052 3606/7/3056 3604/7/3054
f 3604/7/3054 3606/7/3056 3610/7/3060 3608/7/3058
f 3608/7/3058 3610/7/3060 3614/7/3064 3612/7/3062
f 3612/7/3062 3614/7/3064 3618/7/3068 3616/7/3066
f 3616/7/3066 3618/7/3068 3622/7/3072 3620/7/3070
f 3620/7/3070 3622/7/3072 3626/7/3076 3624/7/3074
f 3627/3/482 3633/3/3081 3634/3/3082 3628/3/3077
f 3628/3/3077 3634/3/3082 3635/3/3083 3629/3/3078
f 3629/3/3078 3635/3/3083 3636/3/3084 3630/3/491
f 3630/3/491 3636/3/3084 3637/3/3085 3631/3/3079
f 3631/3/3079 3637/3/3085 3638/3/3086 3632/3/3080
f 3632/3/3080 3638/3/3086 3633/3/3081 3627/3/482
f 3633/3/3081 3639/3/3087 3640/3/3088 3634/3/3082
f 3634/3/3082 3640/3/3088 3641/3/3089 3635/3/3083
f 3635/3/3083 3641/3/3089 3642/3/3090 3636/3/3084
f 3636/3/3084 3642/3/3090 3643/3/3091 3637/3/3085
f 3637/3/3085 3643/3/3091 3644/3/3092 3638/3/3086
f 3638/3/3086 3644/3/3092 3639/3/3087 3633/3/3081
f 3639/3/3087 3645/3/3093 3646/3/3094 3640/3/3088
f 3640/3/3088 3646/3/3094 3647/3/3095 3641/3/3089
f 3641/3/3089 3647/3/3095 3648/3/3096 3642/3/3090
f 3642/3/3090 3648/3/3096 3649/3/3097 3643/3/3091
f 3643/3/3091 3649/3/3097 3650/3/3098 3644/3/3092
f 3644/3/3092 3650/3/3098 3645/3/3093 3639/3/3087
f 3645/3/3093 3651/3/3099 3652/3/3100 3646/3/3094
f 3646/3/3094 3652/3/3100 3653/3/3101 3647/3/3095
f 3647/3/3095 3653/3/3101 3654/3/3102 3648/3/3096
f 3648/3/3096 3654/3/3102 3655/3/3103 3649/3/3097
f 3649/3/3097 3655/3/3103 3656/3/3104 3650/3/3098
f 3650/3/3098 3656/3/3104 3651/3/3099 3645/3/3093
f 3651/3/3099 3657/3/3105 3658/3/3106 3652/3/3100
f 3652/3/3100 3658/3/3106 3659/3/3107 3653/3/3101
f 3653/3/3101 3659/3/3107 3660/3/3108 3654/3/3102
f 3654/3/3102 3660/3/3108 3661/3/3109 3655/3/3103
f 3655/3/3103 3661/3/3109 3662/3/3110 3656/3/3104
f 3656/3/3104 3662/3/3110 3657/3/3105 3651/3/3099
f 3657/3/3105 3663/3/2872 3664/3/3111 3658/3/3106
f 3658/3/3106 3664/3/3111 3665/3/3112 3659/3/3107
f 3659/3/3107 3665/3/3112 3666/3/2926 3660/3/3108
f 3660/3/3108 3666/3/2926 3667/3/3113 3661/3/3109
f 3661/3/3109 3667/3/3113 3668/3/3114 3662/3/3110
f 3662/3/3110 3668/3/3114 3663/3/2872 3657/3/3105
f 3663/3/2872 3669/3/3115 3670/3/3116 3664/3/3111
f 3664/3/3111 3670/3/3116 3671/3/3117 3665/3/3112
f 3665/3/3112 3671/3/3117 3672/3/3118 3666/3/2926
f 3666/3/2926 3672/3/3118 3673/3/3119 3667/3/3113
f 3667/3/3113 3673/3/3119 3674/3/3120 3668/3/3114
f 3668/3/3114 3674/3/3120 3669/3/3115 3663/3/2872
f 3669/3/3115 3675/3/3121 3676/3/3122 3670/3/3116
f 3670/3/3116 3676/3/3122 3677/3/3123 3671/3/3117
f 3671/3/3117 3677/3/3123 3678/3/3124 3672/3/3118
f 3672/3/3118 3678/3/3124 3679/3/3125 3673/3/3119
f 3673/3/3119 3679/3/3125 3680/3/3126 3674/3/3120
f 3674/3/3120 3680/3/3126 3675/3/3121 3669/3/3115
f 3675/3/3121 3681/3/3127 3682/3/3128 3676/3/3122
f 3676/3/3122 3682/3/3128 3683/3/3129 3677/3/3123
f 3677/3/3123 3683/3/3129 3684/3/3130 3678/3/3124
f 3678/3/3124 3684/3/3130 3685/3/3131 3679/3/3125
f 3679/3/3125 3685/3/3131 3686/3/3132 3680/3/3126
f 3680/3/3126 3686/3/3132 3681/3/3127 3675/3/3121
f 3681/3/3127 3687/3/3133 3688/3/3134 3682/3/3128
f 3682/3/3128 3688/3/3134 3689/3/3135 3683/3/3129
f 3683/3/3129 3689/3/3135 3690/3/3136 3684/3/3130
f 3684/3/3130 3690/3/3136 3691/3/3137 3685/3/3131
f 3685/3/3131 3691/3/3137 3692/3/3138 3686/3/3132
f 3686/3/3132 3692/3/3138 3687/3/3133 3681/3/3127
f 3687/3/3133 3693/3/3139 3694/3/3140 3688/3/3134
f 3688/3/3134 3694/3/3140 3695/3/3141 3689/3/3135
f 3689/3/3135 3695/3/3141 3696/3/3142 3690/3/3136
f 3690/3/3136 3696/3/3142 3697/3/3143 3691/3/3137
f 3691/3/3137 3697/3/3143 3698/3/3144 3692/3/3138
f 3692/3/3138 3698/3/3144 3693/3/3139 3687/3/3133
f 3693/3/3139 3699/3/491 3700/3/3145 3694/3/3140
f 3694/3/3140 3700/3/3145 3701/3/3146 3695/3/3141
f 3695/3/3141 3701/3/3146 3702/3/482 3696/3/3142
f 3696/3/3142 3702/3/482 3703/3/3147 3697/3/3143
f 3697/3/3143 3703/3/3147 3704/3/3148 3698/3/3144
f 3698/3/3144 3704/3/3148 3699/3/491 3693/3/3139
f 3699/3/491 3705/3/3084 3706/3/3149 3700/3/3145
f 3700/3/3145 3706/3/3149 3707/3/3150 3701/3/3146
f 3701/3/3146 3707/3/3150 3708/3/3081 3702/3/482
f 3702/3/482 3708/3/3081 3709/3/3151 3703/3/3147
f 3703/3/3147 3709/3/3151 3710/3/3152 3704/3/3148
f 3704/3/3148 3710/3/3152 3705/3/3084 3699/3/491
f 3705/3/3084 3711/3/3090 3712/3/3153 3706/3/3149
f 3706/3/3149 3712/3/3153 3713/3/3154 3707/3/3150
f 3707/3/3150 3713/3/3154 3714/3/3087 3708/3/3081
f 3708/3/3081 3714/3/3087 3715/3/3155 3709/3/3151
f 3709/3/3151 3715/3/3155 3716/3/3156 3710/3/3152
f 3710/3/3152 3716/3/3156 3711/3/3090 3705/3/3084
f 3711/3/3090 3717/3/3096 3718/3/3157 3712/3/3153
f 3712/3/3153 3718/3/3157 3719/3/3158 3713/3/3154
f 3713/3/3154 3719/3/3158 3720/3/3093 3714/3/3087
f 3714/3/3087 3720/3/3093 3721/3/3159 3715/3/3155
f 3715/3/3155 3721/3/3159 3722/3/3160 3716/3/3156
f 3716/3/3156 3722/3/3160 3717/3/3096 3711/3/3090
f 3717/3/3096 3723/3/3102 3724/3/3161 3718/3/3157
f 3718/3/3157 3724/3/3161 3725/3/3162 3719/3/3158
f 3719/3/3158 3725/3/3162 3726/3/3099 3720/3/3093
f 3720/3/3093 3726/3/3099 3727/3/3163 3721/3/3159
f 3721/3/3159 3727/3/3163 3728/3/3164 3722/3/3160
f 3722/3/3160 3728/3/3164 3723/3/3102 3717/3/3096
f 3723/3/3102 3729/3/3108 3730/3/3165 3724/3/3161
f 3724/3/3161 3730/3/3165 3731/3/3166 3725/3/3162
f 3725/3/3162 3731/3/3166 3732/3/3105 3726/3/3099
f 3726/3/3099 3732/3/3105 3733/3/3167 3727/3/3163
f 3727/3/3163 3733/3/3167 3734/3/3168 3728/3/3164
f 3728/3/3164 3734/3/3168 3729/3/3108 3723/3/3102
f 3729/3/3108 3735/3/2926 3736/3/3169 3730/3/3165
f 3730/3/3165 3736/3/3169 3737/3/3170 3731/3/3166
f 3731/3/3166 3737/3/3170 3738/3/2872 3732/3/3105
f 3732/3/3105 3738/3/2872 3739/3/3171 3733/3/3167
f 3733/3/3167 3739/3/3171 3740/3/3172 3734/3/3168
f 3734/3/3168 3740/3/3172 3735/3/2926 3729/3/3108
f 3735/3/2926 3741/3/3118 3742/3/3173 3736/3/3169
f 3736/3/3169 3742/3/3173 3743/3/3174 3737/3/3170
f 3737/3/3170 3743/3/3174 3744/3/3115 3738/3/2872
f 3738/3/2872 3744/3/3115 3745/3/3175 3739/3/3171
f 3739/3/3171 3745/3/3175 3746/3/3176 3740/3/3172
f 3740/3/3172 3746/3/3176 3741/3/3118 3735/3/2926
f 3741/3/3118 3747/3/3124 3748/3/3177 3742/3/3173
f 3742/3/3173 3748/3/3177 3749/3/3178 3743/3/3174
f 3743/3/3174 3749/3/3178 3750/3/3121 3744/3/3115
f 3744/3/3115 3750/3/3121 3751/3/3179 3745/3/3175
f 3745/3/3175 3751/3/3179 3752/3/3180 3746/3/3176
f 3746/3/3176 3752/3/3180 3747/3/3124 3741/3/3118
f 3747/3/3124 3753/3/3130 3754/3/3181 3748/3/3177
f 3748/3/3177 3754/3/3181 3755/3/3182 3749/3/3178
f 3749/3/3178 3755/3/3182 3756/3/3127 3750/3/3121
f 3750/3/3121 3756/3/3127 3757/3/3183 3751/3/3179
f 3751/3/3179 3757/3/3183 3758/3/3184 3752/3/3180
f 3752/3/3180 3758/3/3184 3753/3/3130 3747/3/3124
f 3753/3/3130 3759/3/3136 3760/3/3185 3754/3/3181
f 3754/3/3181 3760/3/3185 3761/3/3186 3755/3/3182
f 3755/3/3182 3761/3/3186 3762/3/3133 3756/3/3127
f 3756/3/3127 3762/3/3133 3763/3/3187 3757/3/3183
f 3757/3/3183 3763/3/3187 3764/3/3188 3758/3/3184
f 3758/3/3184 3764/3/3188 3759/3/3136 3753/3/3130
f 3759/3/3136 3765/3/3142 3766/3/3189 3760/3/3185
f 3760/3/3185 3766/3/3189 3767/3/3190 3761/3/3186
f 3761/3/3186 3767/3/3190 3768/3/3139 3762/3/3133
f 3762/3/3133 3768/3/3139 3769/3/3191 3763/3/3187
f 3763/3/3187 3769/3/3191 3770/3/3192 3764/3/3188
f 3764/3/3188 3770/3/3192 3765/3/3142 3759/3/3136
f 3765/3/3142 3627/3/482 3628/3/3077 3766/3/3189
f 3766/3/3189 3628/3/3077 3629/3/3078 3767/3/3190
f 3767/3/3190 3629/3/3078 3630/3/491 3768/3/3139
f 3768/3/3139 3630/3/491 3631/3/3079 3769/3/3191
f 3769/3/3191 3631/3/3079 3632/3/3080 3770/3/3192
f 3770/3/3192 3632/3/3080 3627/3/482 3765/3/3142
f 3771/4/482 3777/4/3081 3778/4/3082 3772/4/3077
f 3772/4/3077 3778/4/3082 3779/4/3083 3773/4/3078
f 3773/4/3078 3779/4/3083 3780/4/3084 3774/4/491
f 3774/4/491 3780/4/3084 3781/4/3085 3775/4/3079
f 3775/4/3079 3781/4/3085 3782/4/3086 3776/4/3080
f 3776/4/3080 3782/4/3086 3777/4/3081 3771/4/482
f 3777/4/3081 3783/4/3087 3784/4/3088 3778/4/3082
f 3778/4/3082 3784/4/3088 3785/4/3089 3779/4/3083
f 3779/4/3083 3785/4/3089 3786/4/3090 3780/4/3084
f 3780/4/3084 3786/4/3090 3787/4/3091 3781/4/3085
f 3781/4/3085 3787/4/3091 3788/4/3092 3782/4/3086
f 3782/4/3086 3788/4/3092 3783/4/3087 3777/4/3081
f 3783/4/3087 3789/4/3093 3790/4/3094 3784/4/3088
f 3784/4/3088 3790/4/3094 3791/4/3095 3785/4/3089
f 3785/4/3089 3791/4/3095 3792/4/3096 3786/4/3090
f 3786/4/3090 3792/4/3096 3793/4/3097 3787/4/3091
f 3787/4/3091 3793/4/3097 3794/4/3098 3788/4/3092
f 3788/4/3092 3794/4/3098 3789/4/3093 3783/4/3087
f 3789/4/3093 3795/4/3099 3796/4/3100 3790/4/3094
f 3790/4/3094 3796/4/3100 3797/4/3101 3791/4/3095
f 3791/4/3095 3797/4/3101 3798/4/3102 3792/4/3096
f 3792/4/3096 3798/4/3102 3799/4/3103 3793/4/3097
f 3793/4/3097 3799/4/3103 3800/4/3104 3794/4/3098
f 3794/4/3098 3800/4/3104 3795/4/3099 3789/4/3093
f 3795/4/3099 3801/4/3105 3802/4/3106 3796/4/3100
f 3796/4/3100 3802/4/3106 3803/4/3107 3797/4/3101
f 3797/4/3101 3803/4/3107 3804/4/3108 3798/4/3102
f 3798/4/3102 3804/4/3108 3805/4/3109 3799/4/3103
f 3799/4/3103 3805/4/3109 3806/4/3110 3800/4/3104
f 3800/4/3104 3806/4/3110 3801/4/3105 3795/4/3099
f 3801/4/3105 3807/4/2872 3808/4/3111 3802/4/3106
f 3802/4/3106 3808/4/3111 3809/4/3112 3803/4/3107
f 3803/4/3107 3809/4/3112 3810/4/2926 3804/4/3108
f 3804/4/3108 3810/4/2926 3811/4/3113 3805/4/3109
f 3805/4/3109 3811/4/3113 3812/4/3114 3806/4/3110
f 3806/4/3110 3812/4/3114 3807/4/2872 3801/4/3105
f 3807/4/2872 3813/4/3115 3814/4/3116 3808/4/3111
f 3808/4/3111 3814/4/3116 3815/4/3117 3809/4/3112
f 3809/4/3112 3815/4/3117 3816/4/3118 3810/4/2926
f 3810/4/2926 3816/4/3118 3817/4/3119 3811/4/3113
f 3811/4/3113 3817/4/3119 3818/4/3120 3812/4/3114
f 3812/4/3114 3818/4/3120 3813/4/3115 3807/4/2872
f 3813/4/3115 3819/4/3121 3820/4/3193 3814/4/3116
f 3814/4/3116 3820/4/3193 3821/4/3123 3815/4/3117
f 3815/4/3117 3821/4/3123 3822/4/3124 3816/4/3118
f 3816/4/3118 3822/4/3124 3823/4/3125 3817/4/3119
f 3817/4/3119 3823/4/3125 3824/4/3126 3818/4/3120
f 3818/4/3120 3824/4/3126 3819/4/3121 3813/4/3115
f 3819/4/3121 3825/4/3127 3826/4/3128 3820/4/3193
f 3820/4/3193 3826/4/3128 3827/4/3129 3821/4/3123
f 3821/4/3123 3827/4/3129 3828/4/3130 3822/4/3124
f 3822/4/3124 3828/4/3130 3829/4/3131 3823/4/3125
f 3823/4/3125 3829/4/3131 3830/4/3132 3824/4/3126
f 3824/4/3126 3830/4/3132 3825/4/3127 3819/4/3121
f 3825/4/3127 3831/4/3133 3832/4/3134 3826/4/3128
f 3826/4/3128 3832/4/3134 3833/4/3135 3827/4/3129
f 3827/4/3129 3833/4/3135 3834/4/3136 3828/4/3130
f 3828/4/3130 3834/4/3136 3835/4/3137 3829/4/3131
f 3829/4/3131 3835/4/3137 3836/4/3138 3830/4/3132
f 3830/4/3132 3836/4/3138 3831/4/3133 3825/4/3127
f 3831/4/3133 3837/4/3139 3838/4/3140 3832/4/3134
f 3832/4/3134 3838/4/3140 3839/4/3141 3833/4/3135
f 3833/4/3135 3839/4/3141 3840/4/3142 3834/4/3136
f 3834/4/3136 3840/4/3142 3841/4/3143 3835/4/3137
f 3835/4/3137 3841/4/3143 3842/4/3144 3836/4/3138
f 3836/4/3138 3842/4/3144 3837/4/3139 3831/4/3133
f 3837/4/3139 3843/4/491 3844/4/3145 3838/4/3140
f 3838/4/3140 3844/4/3145 3845/4/3146 3839/4/3141
f 3839/4/3141 3845/4/3146 3846/4/482 3840/4/3142
f 3840/4/3142 3846/4/482 3847/4/3147 3841/4/3143
f 3841/4/3143 3847/4/3147 3848/4/3148 3842/4/3144
f 3842/4/3144 3848/4/3148 3843/4/491 3837/4/3139
f 3843/4/491 3849/4/3084 3850/4/3149 3844/4/3145
f 3844/4/3145 3850/4/3149 3851/4/3150 3845/4/3146
f 3845/4/3146 3851/4/3150 3852/4/3081 3846/4/482
f 3846/4/482 3852/4/3081 3853/4/3151 3847/4/3147
f 3847/4/3147 3853/4/3151 3854/4/3152 3848/4/3148
f 3848/4/3148 3854/4/3152 3849/4/3084 3843/4/491
f 3849/4/3084 3855/4/3090 3856/4/3153 3850/4/3149
f 3850/4/3149 3856/4/3153 3857/4/3154 3851/4/3150
f 3851/4/3150 3857/4/3154 3858/4/3087 3852/4/3081
f 3852/4/3081 3858/4/3087 3859/4/3155 3853/4/3151
f 3853/4/3151 3859/4/3155 3860/4/3156 3854/4/3152
f 3854/4/3152 3860/4/3156 3855/4/3090 3849/4/3084
f 3855/4/3090 3861/4/3096 3862/4/3157 3856/4/3153
f 3856/4/3153 3862/4/3157 3863/4/3158 3857/4/3154
f 3857/4/3154 3863/4/3158 3864/4/3093 3858/4/3087
f 3858/4/3087 3864/4/3093 3865/4/3159 3859/4/3155
f 3859/4/3155 3865/4/3159 3866/4/3160 3860/4/3156
f 3860/4/3156 3866/4/3160 3861/4/3096 3855/4/3090
f 3861/4/3096 3867/4/3102 3868/4/3194 3862/4/3157
f 3862/4/3157 3868/4/3194 3869/4/3162 3863/4/3158
f 3863/4/3158 3869/4/3162 3870/4/3099 3864/4/3093
f 3864/4/3093 3870/4/3099 3871/4/3163 3865/4/3159
f 3865/4/3159 3871/4/3163 3872/4/3195 3866/4/3160
f 3866/4/3160 3872/4/3195 3867/4/3102 3861/4/3096
f 3867/4/3102 3873/4/3108 3874/4/3165 3868/4/3194
f 3868/4/3194 3874/4/3165 3875/4/3166 3869/4/3162
f 3869/4/3162 3875/4/3166 3876/4/3105 3870/4/3099
f 3870/4/3099 3876/4/3105 3877/4/3167 3871/4/3163
f 3871/4/3163 3877/4/3167 3878/4/3168 3872/4/3195
f 3872/4/3195 3878/4/3168 3873/4/3108 3867/4/3102
f 3873/4/3108 3879/4/2926 3880/4/3169 3874/4/3165
f 3874/4/3165 3880/4/3169 3881/4/3170 3875/4/3166
f 3875/4/3166 3881/4/3170 3882/4/2872 3876/4/3105
f 3876/4/3105 3882/4/2872 3883/4/3171 3877/4/3167
f 3877/4/3167 3883/4/3171 3884/4/3172 3878/4/3168
f 3878/4/3168 3884/4/3172 3879/4/2926 3873/4/3108
f 3879/4/2926 3885/4/3118 3886/4/3173 3880/4/3169
f 3880/4/3169 3886/4/3173 3887/4/3174 3881/4/3170
f 3881/4/3170 3887/4/3174 3888/4/3115 3882/4/2872
f 3882/4/2872 3888/4/3115 3889/4/3175 3883/4/3171
f 3883/4/3171 3889/4/3175 3890/4/3176 3884/4/3172
f 3884/4/3172 3890/4/3176 3885/4/3118 3879/4/2926
f 3885/4/3118 3891/4/3124 3892/4/3196 3886/4/3173
f 3886/4/3173 3892/4/3196 3893/4/3178 3887/4/3174
f 3887/4/3174 3893/4/3178 3894/4/3121 3888/4/3115
f 3888/4/3115 3894/4/3121 3895/4/3179 3889/4/3175
f 3889/4/3175 3895/4/3179 3896/4/3197 3890/4/3176
f 3890/4/3176 3896/4/3197 3891/4/3124 3885/4/3118
f 3891/4/3124 3897/4/3130 3898/4/3181 3892/4/3196
f 3892/4/3196 3898/4/3181 3899/4/3182 3893/4/3178
f 3893/4/3178 3899/4/3182 3900/4/3127 3894/4/3121
f 3894/4/3121 3900/4/3127 3901/4/3183 3895/4/3179
f 3895/4/3179 3901/4/3183 3902/4/3184 3896/4/3197
f 3896/4/3197 3902/4/3184 3897/4/3130 3891/4/3124
f 3897/4/3130 3903/4/3136 3904/4/3185 3898/4/3181
f 3898/4/3181 3904/4/3185 3905/4/3186 3899/4/3182
f 3899/4/3182 3905/4/3186 3906/4/3133 3900/4/3127
f 3900/4/3127 3906/4/3133 3907/4/3187 3901/4/3183
f 3901/4/3183 3907/4/3187 3908/4/3188 3902/4/3184
f 3902/4/3184 3908/4/3188 3903/4/3136 3897/4/3130
f 3903/4/3136 3909/4/3142 3910/4/3189 3904/4/3185
f 3904/4/3185 3910/4/3189 3911/4/3190 3905/4/3186
f 3905/4/3186 3911/4/3190 3912/4/3139 3906/4/3133
f 3906/4/3133 3912/4/3139 3913/4/3191 3907/4/3187
f 3907/4/3187 3913/4/3191 3914/4/3192 3908/4/3188
f 3908/4/3188 3914/4/3192 3909/4/3142 3903/4/3136
f 3909/4/3142 3771/4/482 3772/4/3077 3910/4/3189
f 3910/4/3189 3772/4/3077 3773/4/3078 3911/4/3190
f 3911/4/3190 3773/4/3078 3774/4/491 3912/4/3139
f 3912/4/3139 3774/4/491 3775/4/3079 3913/4/3191
f 3913/4/3191 3775/4/3079 3776/4/3080 3914/4/3192
f 3914/4/3192 3776/4/3080 3771/4/482 3909/4/3142
f 3915/4/3198 3916/4/3199 3918/4/3201 3917/4/3200
f 3917/4/3200 3918/4/3201 3920/4/3203 3919/4/3202
f 3919/4/3202 3920/4/3203 3922/4/3205 3921/4/3204
f 3921/4/3204 3922/4/3205 3924/4/3207 3923/4/3206
f 3923/4/3206 3924/4/3207 3926/4/3209 3925/4/3208
f 3925/4/3208 3926/4/3209 3928/4/3211 3927/4/3210
f 3927/4/3210 3928/4/3211 3930/4/3213 3929/4/3212
f 3929/4/3212 3930/4/3213 3932/4/3215 3931/4/3214
f 3931/4/3214 3932/4/3215 3934/4/3217 3933/4/3216
f 3933/4/3216 3934/4/3217 3936/4/3219 3935/4/3218
f 3935/4/3218 3936/4/3219 3938/4/3221 3937/4/3220
f 3937/4/3220 3938/4/3221 3940/4/3223 3939/4/3222
f 3939/4/3222 3940/4/3223 3942/4/3225 3941/4/3224
f 3941/4/3224 3942/4/3225 3944/4/3227 3943/4/3226
f 3943/4/3226 3944/4/3227 3946/4/3229 3945/4/3228
f 3945/4/3228 3946/4/3229 3948/4/3231 3947/4/3230
f 3947/4/3230 3948/4/3231 3950/4/3233 3949/4/3232
f 3949/4/3232 3950/4/3233 3952/4/3235 3951/4/3234
f 3951/4/3234 3952/4/3235 3954/4/3237 3953/4/3236
f 3953/4/3236 3954/4/3237 3956/4/3239 3955/4/3238
f 3955/4/3238 3956/4/3239 3958/4/3241 3957/4/3240
f 3957/4/3240 3958/4/3241 3960/4/3243 3959/4/3242
f 3918/4/3201 3916/4/3199 3962/4/3245 3960/4/3243 3958/4/3241 3956/4/3239 3954/4/3237 3952/4/3235 3950/4/3233 3948/4/3231 3946/4/3229 3944/4/3227 3942/4/3225 3940/4/3223 3938/4/3221 3936/4/3219 3934/4/3217 3932/4/3215 3930/4/3213 3928/4/3211 3926/4/3209 3924/4/3207 3922/4/3205 3920/4/3203
f 3959/4/3242 3960/4/3243 3962/4/3245 3961/4/3244
f 3961/4/3244 3962/4/3245 3916/4/3199 3915/4/3198
f 3915/4/3198 3917/4/3200 3919/4/3202 3921/4/3204 3923/4/3206 3925/4/3208 3927/4/3210 3929/4/3212 3931/4/3214 3933/4/3216 3935/4/3218 3937/4/3220 3939/4/3222 3941/4/3224 3943/4/3226 3945/4/3228 3947/4/3230 3949/4/3232 3951/4/3234 3953/4/3236 3955/4/3238 3957/4/3240 3959/4/3242 3961/4/3244
f 3963/3/2867 3964/3/2868 3966/3/2864 3965/3/2863
f 3965/3/2863 3966/3/2864 3970/3/2866 3969/3/2865
f 3969/3/2865 3970/3/2866 3968/3/2870 3967/3/2869
f 3967/3/2869 3968/3/2870 3964/3/2868 3963/3/2867
f 3965/3/2863 3969/3/2865 3967/3/2869 3963/3/2867
f 3970/3/2866 3966/3/2864 3964/3/2868 3968/3/2870
f 3971/3/3246 3972/3/3247 3974/3/3249 3973/3/3248
f 3973/3/3248 3974/3/3249 3978/3/3253 3977/3/3252
f 3977/3/3252 3978/3/3253 3976/3/3251 3975/3/3250
f 3975/3/3250 3976/3/3251 3972/3/3247 3971/3/3246
f 3973/3/3248 3977/3/3252 3975/3/3250 3971/3/3246
f 3978/3/3253 3974/3/3249 3972/3/3247 3976/3/3251
f 3979/3/3254 3980/3/3255 3982/3/3257 3981/3/3256
f 3981/3/3256 3982/3/3257 3986/3/3261 3985/3/3260
f 3985/3/3260 3986/3/3261 3984/3/3259 3983/3/3258
f 3983/3/3258 3984/3/3259 3980/3/3255 3979/3/3254
f 3981/3/3256 3985/3/3260 3983/3/3258 3979/3/3254
f 3986/3/3261 3982/3/3257 3980/3/3255 3984/3/3259
f 3987/3/2865 3988/3/2866 3990/3/2870 3989/3/2869
f 3989/3/2869 3990/3/2870 3994/3/2868 3993/3/2867
f 3993/3/2867 3994/3/2868 3992/3/2864 3991/3/2863
f 3991/3/2863 3992/3/2864 3988/3/2866 3987/3/2865
f 3989/3/2869 3993/3/2867 3991/3/2863 3987/3/2865
f 3994/3/2868 3990/3/2870 3988/3/2866 3992/3/2864
f 3995/3/3252 3996/3/3253 3998/3/3251 3997/3/3250
f 3997/3/3250 3998/3/3251 4002/3/3247 4001/3/3246
f 4001/3/3246 4002/3/3247 4000/3/3249 3999/3/3248
f 3999/3/3248 4000/3/3249 3996/3/3253 3995/3/3252
f 3997/3/3250 4001/3/3246 3999/3/3248 3995/3/3252
f 4002/3/3247 3998/3/3251 3996/3/3253 4000/3/3249
f 4003/3/3260 4004/3/3261 4006/3/3259 4005/3/3258
f 4005/3/3258 4006/3/3259 4010/3/3255 4009/3/3254
f 4009/3/3254 4010/3/3255 4008/3/3257 4007/3/3256
f 4007/3/3256 4008/3/3257 4004/3/3261 4003/3/3260
f 4005/3/3258 4009/3/3254 4007/3/3256 4003/3/3260
f 4010/3/3255 4006/3/3259 4004/3/3261 4008/3/3257
f 4012/7/2998 4016/7/3002 4015/7/3001 4011/7/2997
f 4018/7/3004 4014/7/3000 4013/7/2999 4017/7/3003
f 4016/7/3002 4020/7/3006 4019/7/3005 4015/7/3001
f 4022/7/3008 4018/7/3004 4017/7/3003 4021/7/3007
f 4020/7/3006 4024/7/3010 4023/7/3009 4019/7/3005
f 4026/7/3012 4022/7/3008 4021/7/3007 4025/7/3011
f 4024/7/3010 4028/7/3014 4027/7/3013 4023/7/3009
f 4030/7/3016 4026/7/3012 4025/7/3011 4029/7/3015
f 4028/7/3014 4032/7/3018 4031/7/3017 4027/7/3013
f 4034/7/3020 4030/7/3016 4029/7/3015 4033/7/3019
f 4032/7/3018 4036/7/3022 4035/7/3021 4031/7/3017
f 4038/7/3024 4034/7/3020 4033/7/3019 4037/7/3023
f 4036/7/3022 4040/7/3026 4039/7/3025 4035/7/3021
f 4042/7/3028 4038/7/3024 4037/7/3023 4041/7/3027
f 4040/7/3026 4044/7/3030 4043/7/3029 4039/7/3025
f 4046/7/3032 4042/7/3028 4041/7/3027 4045/7/3031
f 4044/7/3030 4048/7/3034 4047/7/3033 4043/7/3029
f 4050/7/3036 4046/7/3032 4045/7/3031 4049/7/3035
f 4048/7/3034 4052/7/3038 4051/7/3037 4047/7/3033
f 4054/7/3040 4050/7/3036 4049/7/3035 4053/7/3039
f 4052/7/3038 4056/7/3042 4055/7/3041 4051/7/3037
f 4058/7/3044 4054/7/3040 4053/7/3039 4057/7/3043
f 4056/7/3042 4060/7/3046 4059/7/3045 4055/7/3041
f 4062/7/3048 4058/7/3044 4057/7/3043 4061/7/3047
f 4060/7/3046 4064/7/3050 4063/7/3049 4059/7/3045
f 4066/7/3052 4062/7/3048 4061/7/3047 4065/7/3051
f 4064/7/3050 4068/7/3054 4067/7/3053 4063/7/3049
f 4070/7/3056 4066/7/3052 4065/7/3051 4069/7/3055
f 4068/7/3054 4072/7/3058 4071/7/3057 4067/7/3053
f 4074/7/3060 4070/7/3056 4069/7/3055 4073/7/3059
f 4072/7/3058 4076/7/3062 4075/7/3061 4071/7/3057
f 4078/7/3064 4074/7/3060 4073/7/3059 4077/7/3063
f 4076/7/3062 4080/7/3066 4079/7/3065 4075/7/3061
f 4082/7/3068 4078/7/3064 4077/7/3063 4081/7/3067
f 4080/7/3066 4084/7/3070 4083/7/3069 4079/7/3065
f 4086/7/3072 4082/7/3068 4081/7/3067 4085/7/3071
f 4084/7/3070 4088/7/3074 4087/7/3073 4083/7/3069
f 4090/7/3076 4086/7/3072 4085/7/3071 4089/7/3075
f 4088/7/3074 4012/7/2998 4011/7/2997 4087/7/3073
f 4014/7/3000 4090/7/3076 4089/7/3075 4013/7/2999
f 4011/7/2997 4015/7/3001 4019/7/3005 4023/7/3009 4027/7/3013 4031/7/3017 4035/7/3021 4039/7/3025 4043/7/3029 4047/7/3033 4051/7/3037 4055/7/3041 4059/7/3045 4063/7/3049 4067/7/3053 4071/7/3057 4075/7/3061 4079/7/3065 4083/7/3069 4087/7/3073
f 4012/7/2998 4014/7/3000 4018/7/3004 4016/7/3002
f 4088/7/3074 4090/7/3076 4014/7/3000 4012/7/2998
f 4017/7/3003 4013/7/2999 4089/7/3075 4085/7/3071 4081/7/3067 4077/7/3063 4073/7/3059 4069/7/3055 4065/7/3051 4061/7/3047 4057/7/3043 4053/7/3039 4049/7/3035 4045/7/3031 4041/7/3027 4037/7/3023 4033/7/3019 4029/7/3015 4025/7/3011 4021/7/3007
f 4016/7/3002 4018/7/3004 4022/7/3008 4020/7/3006
f 4020/7/3006 4022/7/3008 4026/7/3012 4024/7/3010
f 4024/7/3010 4026/7/3012 4030/7/3016 4028/7/3014
f 4028/7/3014 4030/7/3016 4034/7/3020 4032/7/3018
f 4032/7/3018 4034/7/3020 4038/7/3024 4036/7/3022
f 4036/7/3022 4038/7/3024 4042/7/3028 4040/7/3026
f 4040/7/3026 4042/7/3028 4046/7/3032 4044/7/3030
f 4044/7/3030 4046/7/3032 4050/7/3036 4048/7/3034
f 4048/7/3034 4050/7/3036 4054/7/3040 4052/7/3038
f 4052/7/3038 4054/7/3040 4058/7/3044 4056/7/3042
f 4056/7/3042 4058/7/3044 4062/7/3048 4060/7/3046
f 4060/7/3046 4062/7/3048 4066/7/3052 4064/7/3050
f 4064/7/3050 4066/7/3052 4070/7/3056 4068/7/3054
f 4068/7/3054 4070/7/3056 4074/7/3060 4072/7/3058
f 4072/7/3058 4074/7/3060 4078/7/3064 4076/7/3062
f 4076/7/3062 4078/7/3064 4082/7/3068 4080/7/3066
f 4080/7/3066 4082/7/3068 4086/7/3072 4084/7/3070
f 4084/7/3070 4086/7/3072 4090/7/3076 4088/7/3074
f 4091/3/482 4097/3/3081 4098/3/3082 4092/3/3077
f 4092/3/3077 4098/3/3082 4099/3/3083 4093/3/3078
f 4093/3/3078 4099/3/3083 4100/3/3084 4094/3/491
f 4094/3/491 4100/3/3084 4101/3/3085 4095/3/3079
f 4095/3/3079 4101/3/3085 4102/3/3086 4096/3/3080
f 4096/3/3080 4102/3/3086 4097/3/3081 4091/3/482
f 4097/3/3081 4103/3/3087 4104/3/3088 4098/3/3082
f 4098/3/3082 4104/3/3088 4105/3/3089 4099/3/3083
f 4099/3/3083 4105/3/3089 4106/3/3090 4100/3/3084
f 4100/3/3084 4106/3/3090 4107/3/3091 4101/3/3085
f 4101/3/3085 4107/3/3091 4108/3/3092 4102/3/3086
f 4102/3/3086 4108/3/3092 4103/3/3087 4097/3/3081
f 4103/3/3087 4109/3/3093 4110/3/3094 4104/3/3088
f 4104/3/3088 4110/3/3094 4111/3/3095 4105/3/3089
f 4105/3/3089 4111/3/3095 4112/3/3096 4106/3/3090
f 4106/3/3090 4112/3/3096 4113/3/3097 4107/3/3091
f 4107/3/3091 4113/3/3097 4114/3/3098 4108/3/3092
f 4108/3/3092 4114/3/3098 4109/3/3093 4103/3/3087
f 4109/3/3093 4115/3/3099 4116/3/3100 4110/3/3094
f 4110/3/3094 4116/3/3100 4117/3/3101 4111/3/3095
f 4111/3/3095 4117/3/3101 4118/3/3102 4112/3/3096
f 4112/3/3096 4118/3/3102 4119/3/3103 4113/3/3097
f 4113/3/3097 4119/3/3103 4120/3/3104 4114/3/3098
f 4114/3/3098 4120/3/3104 4115/3/3099 4109/3/3093
f 4115/3/3099 4121/3/3105 4122/3/3106 4116/3/3100
f 4116/3/3100 4122/3/3106 4123/3/3107 4117/3/3101
f 4117/3/3101 4123/3/3107 4124/3/3108 4118/3/3102
f 4118/3/3102 4124/3/3108 4125/3/3109 4119/3/3103
f 4119/3/3103 4125/3/3109 4126/3/3110 4120/3/3104
f 4120/3/3104 4126/3/3110 4121/3/3105 4115/3/3099
f 4121/3/3105 4127/3/2872 4128/3/3111 4122/3/3106
f 4122/3/3106 4128/3/3111 4129/3/3112 4123/3/3107
f 4123/3/3107 4129/3/3112 4130/3/2926 4124/3/3108
f 4124/3/3108 4130/3/2926 4131/3/3113 4125/3/3109
f 4125/3/3109 4131/3/3113 4132/3/3114 4126/3/3110
f 4126/3/3110 4132/3/3114 4127/3/2872 4121/3/3105
f 4127/3/2872 4133/3/3115 4134/3/3116 4128/3/3111
f 4128/3/3111 4134/3/3116 4135/3/3117 4129/3/3112
f 4129/3/3112 4135/3/3117 4136/3/3118 4130/3/2926
f 4130/3/2926 4136/3/3118 4137/3/3119 4131/3/3113
f 4131/3/3113 4137/3/3119 4138/3/3120 4132/3/3114
f 4132/3/3114 4138/3/3120 4133/3/3115 4127/3/2872
f 4133/3/3115 4139/3/3121 4140/3/3122 4134/3/3116
f 4134/3/3116 4140/3/3122 4141/3/3123 4135/3/3117
f 4135/3/3117 4141/3/3123 4142/3/3124 4136/3/3118
f 4136/3/3118 4142/3/3124 4143/3/3125 4137/3/3119
f 4137/3/3119 4143/3/3125 4144/3/3126 4138/3/3120
f 4138/3/3120 4144/3/3126 4139/3/3121 4133/3/3115
f 4139/3/3121 4145/3/3127 4146/3/3128 4140/3/3122
f 4140/3/3122 4146/3/3128 4147/3/3129 4141/3/3123
f 4141/3/3123 4147/3/3129 4148/3/3130 4142/3/3124
f 4142/3/3124 4148/3/3130 4149/3/3131 4143/3/3125
f 4143/3/3125 4149/3/3131 4150/3/3132 4144/3/3126
f 4144/3/3126 4150/3/3132 4145/3/3127 4139/3/3121
f 4145/3/3127 4151/3/3133 4152/3/3134 4146/3/3128
f 4146/3/3128 4152/3/3134 4153/3/3135 4147/3/3129
f 4147/3/3129 4153/3/3135 4154/3/3136 4148/3/3130
f 4148/3/3130 4154/3/3136 4155/3/3137 4149/3/3131
f 4149/3/3131 4155/3/3137 4156/3/3138 4150/3/3132
f 4150/3/3132 4156/3/3138 4151/3/3133 4145/3/3127
f 4151/3/3133 4157/3/3139 4158/3/3140 4152/3/3134
f 4152/3/3134 4158/3/3140 4159/3/3141 4153/3/3135
f 4153/3/3135 4159/3/3141 4160/3/3142 4154/3/3136
f 4154/3/3136 4160/3/3142 4161/3/3143 4155/3/3137
f 4155/3/3137 4161/3/3143 4162/3/3144 4156/3/3138
f 4156/3/3138 4162/3/3144 4157/3/3139 4151/3/3133
f 4157/3/3139 4163/3/491 4164/3/3145 4158/3/3140
f 4158/3/3140 4164/3/3145 4165/3/3146 4159/3/3141
f 4159/3/3141 4165/3/3146 4166/3/482 4160/3/3142
f 4160/3/3142 4166/3/482 4167/3/3147 4161/3/3143
f 4161/3/3143 4167/3/3147 4168/3/3148 4162/3/3144
f 4162/3/3144 4168/3/3148 4163/3/491 4157/3/3139
f 4163/3/491 4169/3/3084 4170/3/3149 4164/3/3145
f 4164/3/3145 4170/3/3149 4171/3/3150 4165/3/3146
f 4165/3/3146 4171/3/3150 4172/3/3081 4166/3/482
f 4166/3/482 4172/3/3081 4173/3/3151 4167/3/3147
f 4167/3/3147 4173/3/3151 4174/3/3152 4168/3/3148
f 4168/3/3148 4174/3/3152 4169/3/3084 4163/3/491
f 4169/3/3084 4175/3/3090 4176/3/3153 4170/3/3149
f 4170/3/3149 4176/3/3153 4177/3/3154 4171/3/3150
f 4171/3/3150 4177/3/3154 4178/3/3087 4172/3/3081
f 4172/3/3081 4178/3/3087 4179/3/3155 4173/3/3151
f 4173/3/3151 4179/3/3155 4180/3/3156 4174/3/3152
f 4174/3/3152 4180/3/3156 4175/3/3090 4169/3/3084
f 4175/3/3090 4181/3/3096 4182/3/3157 4176/3/3153
f 4176/3/3153 4182/3/3157 4183/3/3158 4177/3/3154
f 4177/3/3154 4183/3/3158 4184/3/3093 4178/3/3087
f 4178/3/3087 4184/3/3093 4185/3/3159 4179/3/3155
f 4179/3/3155 4185/3/3159 4186/3/3160 4180/3/3156
f 4180/3/3156 4186/3/3160 4181/3/3096 4175/3/3090
f 4181/3/3096 4187/3/3102 4188/3/3161 4182/3/3157
f 4182/3/3157 4188/3/3161 4189/3/3162 4183/3/3158
f 4183/3/3158 4189/3/3162 4190/3/3099 4184/3/3093
f 4184/3/3093 4190/3/3099 4191/3/3163 4185/3/3159
f 4185/3/3159 4191/3/3163 4192/3/3164 4186/3/3160
f 4186/3/3160 4192/3/3164 4187/3/3102 4181/3/3096
f 4187/3/3102 4193/3/3108 4194/3/3165 4188/3/3161
f 4188/3/3161 4194/3/3165 4195/3/3166 4189/3/3162
f 4189/3/3162 4195/3/3166 4196/3/3105 4190/3/3099
f 4190/3/3099 4196/3/3105 4197/3/3167 4191/3/3163
f 4191/3/3163 4197/3/3167 4198/3/3168 4192/3/3164
f 4192/3/3164 4198/3/3168 4193/3/3108 4187/3/3102
f 4193/3/3108 4199/3/2926 4200/3/3169 4194/3/3165
f 4194/3/3165 4200/3/3169 4201/3/3170 4195/3/3166
f 4195/3/3166 4201/3/3170 4202/3/2872 4196/3/3105
f 4196/3/3105 4202/3/2872 4203/3/3171 4197/3/3167
f 4197/3/3167 4203/3/3171 4204/3/3172 4198/3/3168
f 4198/3/3168 4204/3/3172 4199/3/2926 4193/3/3108
f 4199/3/2926 4205/3/3118 4206/3/3173 4200/3/3169
f 4200/3/3169 4206/3/3173 4207/3/3174 4201/3/3170
f 4201/3/3170 4207/3/3174 4208/3/3115 4202/3/2872
f 4202/3/2872 4208/3/3115 4209/3/3175 4203/3/3171
f 4203/3/3171 4209/3/3175 4210/3/3176 4204/3/3172
f 4204/3/3172 4210/3/3176 4205/3/3118 4199/3/2926
f 4205/3/3118 4211/3/3124 4212/3/3196 4206/3/3173
f 4206/3/3173 4212/3/3196 4213/3/3178 4207/3/3174
f 4207/3/3174 4213/3/3178 4214/3/3121 4208/3/3115
f 4208/3/3115 4214/3/3121 4215/3/3179 4209/3/3175
f 4209/3/3175 4215/3/3179 4216/3/3197 4210/3/3176
f 4210/3/3176 4216/3/3197 4211/3/3124 4205/3/3118
f 4211/3/3124 4217/3/3130 4218/3/3181 4212/3/3196
f 4212/3/3196 4218/3/3181 4219/3/3182 4213/3/3178
f 4213/3/3178 4219/3/3182 4220/3/3127 4214/3/3121
f 4214/3/3121 4220/3/3127 4221/3/3183 4215/3/3179
f 4215/3/3179 4221/3/3183 4222/3/3184 4216/3/3197
f 4216/3/3197 4222/3/3184 4217/3/3130 4211/3/3124
f 4217/3/3130 4223/3/3136 4224/3/3185 4218/3/3181
f 4218/3/3181 4224/3/3185 4225/3/3186 4219/3/3182
f 4219/3/3182 4225/3/3186 4226/3/3133 4220/3/3127
f 4220/3/3127 4226/3/3133 4227/3/3187 4221/3/3183
f 4221/3/3183 4227/3/3187 4228/3/3188 4222/3/3184
f 4222/3/3184 4228/3/3188 4223/3/3136 4217/3/3130
f 4223/3/3136 4229/3/3142 4230/3/3189 4224/3/3185
f 4224/3/3185 4230/3/3189 4231/3/3190 4225/3/3186
f 4225/3/3186 4231/3/3190 4232/3/3139 4226/3/3133
f 4226/3/3133 4232/3/3139 4233/3/3191 4227/3/3187
f 4227/3/3187 4233/3/3191 4234/3/3192 4228/3/3188
f 4228/3/3188 4234/3/3192 4229/3/3142 4223/3/3136
f 4229/3/3142 4091/3/482 4092/3/3077 4230/3/3189
f 4230/3/3189 4092/3/3077 4093/3/3078 4231/3/3190
f 4231/3/3190 4093/3/3078 4094/3/491 4232/3/3139
f 4232/3/3139 4094/3/491 4095/3/3079 4233/3/3191
f 4233/3/3191 4095/3/3079 4096/3/3080 4234/3/3192
f 4234/3/3192 4096/3/3080 4091/3/482 4229/3/3142
f 4235/4/482 4241/4/3081 4242/4/3082 4236/4/3077
f 4236/4/3077 4242/4/3082 4243/4/3083 4237/4/3078
f 4237/4/3078 4243/4/3083 4244/4/3084 4238/4/491
f 4238/4/491 4244/4/3084 4245/4/3085 4239/4/3079
f 4239/4/3079 4245/4/3085 4246/4/3086 4240/4/3080
f 4240/4/3080 4246/4/3086 4241/4/3081 4235/4/482
f 4241/4/3081 4247/4/3087 4248/4/3088 4242/4/3082
f 4242/4/3082 4248/4/3088 4249/4/3089 4243/4/3083
f 4243/4/3083 4249/4/3089 4250/4/3090 4244/4/3084
f 4244/4/3084 4250/4/3090 4251/4/3091 4245/4/3085
f 4245/4/3085 4251/4/3091 4252/4/3092 4246/4/3086
f 4246/4/3086 4252/4/3092 4247/4/3087 4241/4/3081
f 4247/4/3087 4253/4/3093 4254/4/3094 4248/4/3088
f 4248/4/3088 4254/4/3094 4255/4/3095 4249/4/3089
f 4249/4/3089 4255/4/3095 4256/4/3096 4250/4/3090
f 4250/4/3090 4256/4/3096 4257/4/3097 4251/4/3091
f 4251/4/3091 4257/4/3097 4258/4/3098 4252/4/3092
f 4252/4/3092 4258/4/3098 4253/4/3093 4247/4/3087
f 4253/4/3093 4259/4/3099 4260/4/3100 4254/4/3094
f 4254/4/3094 4260/4/3100 4261/4/3101 4255/4/3095
f 4255/4/3095 4261/4/3101 4262/4/3102 4256/4/3096
f 4256/4/3096 4262/4/3102 4263/4/3103 4257/4/3097
f 4257/4/3097 4263/4/3103 4264/4/3104 4258/4/3098
f 4258/4/3098 4264/4/3104 4259/4/3099 4253/4/3093
f 4259/4/3099 4265/4/3105 4266/4/3106 4260/4/3100
f 4260/4/3100 4266/4/3106 4267/4/3107 4261/4/3101
f 4261/4/3101 4267/4/3107 4268/4/3108 4262/4/3102
f 4262/4/3102 4268/4/3108 4269/4/3109 4263/4/3103
f 4263/4/3103 4269/4/3109 4270/4/3110 4264/4/3104
f 4264/4/3104 4270/4/3110 4265/4/3105 4259/4/3099
f 4265/4/3105 4271/4/2872 4272/4/3111 4266/4/3106
f 4266/4/3106 4272/4/3111 4273/4/3112 4267/4/3107
f 4267/4/3107 4273/4/3112 4274/4/2926 4268/4/3108
f 4268/4/3108 4274/4/2926 4275/4/3113 4269/4/3109
f 4269/4/3109 4275/4/3113 4276/4/3114 4270/4/3110
f 4270/4/3110 4276/4/3114 4271/4/2872 4265/4/3105
f 4271/4/2872 4277/4/3115 4278/4/3116 4272/4/3111
f 4272/4/3111 4278/4/3116 4279/4/3117 4273/4/3112
f 4273/4/3112 4279/4/3117 4280/4/3118 4274/4/2926
f 4274/4/2926 4280/4/3118 4281/4/3119 4275/4/3113
f 4275/4/3113 4281/4/3119 4282/4/3120 4276/4/3114
f 4276/4/3114 4282/4/3120 4277/4/3115 4271/4/2872
f 4277/4/3115 4283/4/3121 4284/4/3122 4278/4/3116
f 4278/4/3116 4284/4/3122 4285/4/3123 4279/4/3117
f 4279/4/3117 4285/4/3123 4286/4/3124 4280/4/3118
f 4280/4/3118 4286/4/3124 4287/4/3125 4281/4/3119
f 4281/4/3119 4287/4/3125 4288/4/3126 4282/4/3120
f 4282/4/3120 4288/4/3126 4283/4/3121 4277/4/3115
f 4283/4/3121 4289/4/3127 4290/4/3128 4284/4/3122
f 4284/4/3122 4290/4/3128 4291/4/3129 4285/4/3123
f 4285/4/3123 4291/4/3129 4292/4/3130 4286/4/3124
f 4286/4/3124 4292/4/3130 4293/4/3131 4287/4/3125
f 4287/4/3125 4293/4/3131 4294/4/3132 4288/4/3126
f 4288/4/3126 4294/4/3132 4289/4/3127 4283/4/3121
f 4289/4/3127 4295/4/3133 4296/4/3134 4290/4/3128
f 4290/4/3128 4296/4/3134 4297/4/3135 4291/4/3129
f 4291/4/3129 4297/4/3135 4298/4/3136 4292/4/3130
f 4292/4/3130 4298/4/3136 4299/4/3137 4293/4/3131
f 4293/4/3131 4299/4/3137 4300/4/3138 4294/4/3132
f 4294/4/3132 4300/4/3138 4295/4/3133 4289/4/3127
f 4295/4/3133 4301/4/3139 4302/4/3140 4296/4/3134
f 4296/4/3134 4302/4/3140 4303/4/3141 4297/4/3135
f 4297/4/3135 4303/4/3141 4304/4/3142 4298/4/3136
f 4298/4/3136 4304/4/3142 4305/4/3143 4299/4/3137
f 4299/4/3137 4305/4/3143 4306/4/3144 4300/4/3138
f 4300/4/3138 4306/4/3144 4301/4/3139 4295/4/3133
f 4301/4/3139 4307/4/491 4308/4/3145 4302/4/3140
f 4302/4/3140 4308/4/3145 4309/4/3146 4303/4/3141
f 4303/4/3141 4309/4/3146 4310/4/482 4304/4/3142
f 4304/4/3142 4310/4/482 4311/4/3147 4305/4/3143
f 4305/4/3143 4311/4/3147 4312/4/3148 4306/4/3144
f 4306/4/3144 4312/4/3148 4307/4/491 4301/4/3139
f 4307/4/491 4313/4/3084 4314/4/3149 4308/4/3145
f 4308/4/3145 4314/4/3149 4315/4/3150 4309/4/3146
f 4309/4/3146 4315/4/3150 4316/4/3081 4310/4/482
f 4310/4/482 4316/4/3081 4317/4/3151 4311/4/3147
f 4311/4/3147 4317/4/3151 4318/4/3152 4312/4/3148
f 4312/4/3148 4318/4/3152 4313/4/3084 4307/4/491
f 4313/4/3084 4319/4/3090 4320/4/3153 4314/4/3149
f 4314/4/3149 4320/4/3153 4321/4/3154 4315/4/3150
f 4315/4/3150 4321/4/3154 4322/4/3087 4316/4/3081
f 4316/4/3081 4322/4/3087 4323/4/3155 4317/4/3151
f 4317/4/3151 4323/4/3155 4324/4/3156 4318/4/3152
f 4318/4/3152 4324/4/3156 4319/4/3090 4313/4/3084
f 4319/4/3090 4325/4/3096 4326/4/3157 4320/4/3153
f 4320/4/3153 4326/4/3157 4327/4/3158 4321/4/3154
f 4321/4/3154 4327/4/3158 4328/4/3093 4322/4/3087
f 4322/4/3087 4328/4/3093 4329/4/3159 4323/4/3155
f 4323/4/3155 4329/4/3159 4330/4/3160 4324/4/3156
f 4324/4/3156 4330/4/3160 4325/4/3096 4319/4/3090
f 4325/4/3096 4331/4/3102 4332/4/3194 4326/4/3157
f 4326/4/3157 4332/4/3194 4333/4/3162 4327/4/3158
f 4327/4/3158 4333/4/3162 4334/4/3099 4328/4/3093
f 4328/4/3093 4334/4/3099 4335/4/3163 4329/4/3159
f 4329/4/3159 4335/4/3163 4336/4/3164 4330/4/3160
f 4330/4/3160 4336/4/3164 4331/4/3102 4325/4/3096
f 4331/4/3102 4337/4/3108 4338/4/3165 4332/4/3194
f 4332/4/3194 4338/4/3165 4339/4/3166 4333/4/3162
f 4333/4/3162 4339/4/3166 4340/4/3105 4334/4/3099
f 4334/4/3099 4340/4/3105 4341/4/3167 4335/4/3163
f 4335/4/3163 4341/4/3167 4342/4/3168 4336/4/3164
f 4336/4/3164 4342/4/3168 4337/4/3108 4331/4/3102
f 4337/4/3108 4343/4/2926 4344/4/3169 4338/4/3165
f 4338/4/3165 4344/4/3169 4345/4/3170 4339/4/3166
f 4339/4/3166 4345/4/3170 4346/4/2872 4340/4/3105
f 4340/4/3105 4346/4/2872 4347/4/3171 4341/4/3167
f 4341/4/3167 4347/4/3171 4348/4/3172 4342/4/3168
f 4342/4/3168 4348/4/3172 4343/4/2926 4337/4/3108
f 4343/4/2926 4349/4/3118 4350/4/3173 4344/4/3169
f 4344/4/3169 4350/4/3173 4351/4/3174 4345/4/3170
f 4345/4/3170 4351/4/3174 4352/4/3115 4346/4/2872
f 4346/4/2872 4352/4/3115 4353/4/3175 4347/4/3171
f 4347/4/3171 4353/4/3175 4354/4/3176 4348/4/3172
f 4348/4/3172 4354/4/3176 4349/4/3118 4343/4/2926
f 4349/4/3118 4355/4/3124 4356/4/3196 4350/4/3173
f 4350/4/3173 4356/4/3196 4357/4/3178 4351/4/3174
f 4351/4/3174 4357/4/3178 4358/4/3121 4352/4/3115
f 4352/4/3115 4358/4/3121 4359/4/3179 4353/4/3175
f 4353/4/3175 4359/4/3179 4360/4/3197 4354/4/3176
f 4354/4/3176 4360/4/3197 4355/4/3124 4349/4/3118
f 4355/4/3124 4361/4/3130 4362/4/3181 4356/4/3196
f 4356/4/3196 4362/4/3181 4363/4/3182 4357/4/3178
f 4357/4/3178 4363/4/3182 4364/4/3127 4358/4/3121
f 4358/4/3121 4364/4/3127 4365/4/3183 4359/4/3179
f 4359/4/3179 4365/4/3183 4366/4/3184 4360/4/3197
f 4360/4/3197 4366/4/3184 4361/4/3130 4355/4/3124
f 4361/4/3130 4367/4/3136 4368/4/3262 4362/4/3181
f 4362/4/3181 4368/4/3262 4369/4/3186 4363/4/3182
f 4363/4/3182 4369/4/3186 4370/4/3133 4364/4/3127
f 4364/4/3127 4370/4/3133 4371/4/3187 4365/4/3183
f 4365/4/3183 4371/4/3187 4372/4/3188 4366/4/3184
f 4366/4/3184 4372/4/3188 4367/4/3136 4361/4/3130
f 4367/4/3136 4373/4/3142 4374/4/3189 4368/4/3262
f 4368/4/3262 4374/4/3189 4375/4/3190 4369/4/3186
f 4369/4/3186 4375/4/3190 4376/4/3139 4370/4/3133
f 4370/4/3133 4376/4/3139 4377/4/3191 4371/4/3187
f 4371/4/3187 4377/4/3191 4378/4/3192 4372/4/3188
f 4372/4/3188 4378/4/3192 4373/4/3142 4367/4/3136
f 4373/4/3142 4235/4/482 4236/4/3077 4374/4/3189
f 4374/4/3189 4236/4/3077 4237/4/3078 4375/4/3190
f 4375/4/3190 4237/4/3078 4238/4/491 4376/4/3139
f 4376/4/3139 4238/4/491 4239/4/3079 4377/4/3191
f 4377/4/3191 4239/4/3079 4240/4/3080 4378/4/3192
f 4378/4/3192 4240/4/3080 4235/4/482 4373/4/3142
f 4379/4/3198 4380/4/3199 4382/4/3201 4381/4/3200
f 4381/4/3200 4382/4/3201 4384/4/3203 4383/4/3202
f 4383/4/3202 4384/4/3203 4386/4/3205 4385/4/3204
f 4385/4/3204 4386/4/3205 4388/4/3207 4387/4/3206
f 4387/4/3206 4388/4/3207 4390/4/3209 4389/4/3208
f 4389/4/3208 4390/4/3209 4392/4/3211 4391/4/3210
f 4391/4/3210 4392/4/3211 4394/4/3213 4393/4/3212
f 4393/4/3212 4394/4/3213 4396/4/3215 4395/4/3214
f 4395/4/3214 4396/4/3215 4398/4/3217 4397/4/3216
f 4397/4/3216 4398/4/3217 4400/4/3219 4399/4/3218
f 4399/4/3218 4400/4/3219 4402/4/3221 4401/4/3220
f 4401/4/3220 4402/4/3221 4404/4/3223 4403/4/3222
f 4403/4/3222 4404/4/3223 4406/4/3225 4405/4/3224
f 4405/4/3224 4406/4/3225 4408/4/3227 4407/4/3226
f 4407/4/3226 4408/4/3227 4410/4/3229 4409/4/3228
f 4409/4/3228 4410/4/3229 4412/4/3231 4411/4/3230
f 4411/4/3230 4412/4/3231 4414/4/3233 4413/4/3232
f 4413/4/3232 4414/4/3233 4416/4/3235 4415/4/3234
f 4415/4/3234 4416/4/3235 4418/4/3237 4417/4/3236
f 4417/4/3236 4418/4/3237 4420/4/3239 4419/4/3238
f 4419/4/3238 4420/4/3239 4422/4/3241 4421/4/3240
f 4421/4/3240 4422/4/3241 4424/4/3243 4423/4/3242
f 4382/4/3201 4380/4/3199 4426/4/3245 4424/4/3243 4422/4/3241 4420/4/3239 4418/4/3237 4416/4/3235 4414/4/3233 4412/4/3231 4410/4/3229 4408/4/3227 4406/4/3225 4404/4/3223 4402/4/3221 4400/4/3219 4398/4/3217 4396/4/3215 4394/4/3213 4392/4/3211 4390/4/3209 4388/4/3207 4386/4/3205 4384/4/3203
f 4423/4/3242 4424/4/3243 4426/4/3245 4425/4/3244
f 4425/4/3244 4426/4/3245 4380/4/3199 4379/4/3198
f 4379/4/3198 4381/4/3200 4383/4/3202 4385/4/3204 4387/4/3206 4389/4/3208 4391/4/3210 4393/4/3212 4395/4/3214 4397/4/3216 4399/4/3218 4401/4/3220 4403/4/3222 4405/4/3224 4407/4/3226 4409/4/3228 4411/4/3230 4413/4/3232 4415/4/3234 4417/4/3236 4419/4/3238 4421/4/3240 4423/4/3242 4425/4/3244
f 4427/3/2867 4428/3/2868 4430/3/2864 4429/3/2863
f 4429/3/2863 4430/3/2864 4434/3/2866 4433/3/2865
f 4433/3/2865 4434/3/2866 4432/3/2870 4431/3/2869
f 4431/3/2869 4432/3/2870 4428/3/2868 4427/3/2867
f 4429/3/2863 4433/3/2865 4431/3/2869 4427/3/2867
f 4434/3/2866 4430/3/2864 4428/3/2868 4432/3/2870
f 4435/3/3246 4436/3/3247 4438/3/3249 4437/3/3248
f 4437/3/3248 4438/3/3249 4442/3/3253 4441/3/3252
f 4441/3/3252 4442/3/3253 4440/3/3251 4439/3/3250
f 4439/3/3250 4440/3/3251 4436/3/3247 4435/3/3246
f 4437/3/3248 4441/3/3252 4439/3/3250 4435/3/3246
f 4442/3/3253 4438/3/3249 4436/3/3247 4440/3/3251
f 4443/3/3254 4444/3/3255 4446/3/3257 4445/3/3256
f 4445/3/3256 4446/3/3257 4450/3/3261 4449/3/3260
f 4449/3/3260 4450/3/3261 4448/3/3259 4447/3/3258
f 4447/3/3258 4448/3/3259 4444/3/3255 4443/3/3254
f 4445/3/3256 4449/3/3260 4447/3/3258 4443/3/3254
f 4450/3/3261 4446/3/3257 4444/3/3255 4448/3/3259
f 4451/3/2865 4452/3/2866 4454/3/2870 4453/3/2869
f 4453/3/2869 4454/3/2870 4458/3/2868 4457/3/2867
f 4457/3/2867 4458/3/2868 4456/3/2864 4455/3/2863
f 4455/3/2863 4456/3/2864 4452/3/2866 4451/3/2865
f 4453/3/2869 4457/3/2867 4455/3/2863 4451/3/2865
f 4458/3/2868 4454/3/2870 4452/3/2866 4456/3/2864
f 4459/3/3252 4460/3/3253 4462/3/3251 4461/3/3250
f 4461/3/3250 4462/3/3251 4466/3/3247 4465/3/3246
f 4465/3/3246 4466/3/3247 4464/3/3249 4463/3/3248
f 4463/3/3248 4464/3/3249 4460/3/3253 4459/3/3252
f 4461/3/3250 4465/3/3246 4463/3/3248 4459/3/3252
f 4466/3/3247 4462/3/3251 4460/3/3253 4464/3/3249
f 4467/3/3260 4468/3/3261 4470/3/3259 4469/3/3258
f 4469/3/3258 4470/3/3259 4474/3/3255 4473/3/3254
f 4473/3/3254 4474/3/3255 4472/3/3257 4471/3/3256
f 4471/3/3256 4472/3/3257 4468/3/3261 4467/3/3260
f 4469/3/3258 4473/3/3254 4471/3/3256 4467/3/3260
f 4474/3/3255 4470/3/3259 4468/3/3261 4472/3/3257
f 4476/7/2998 4480/7/3002 4479/7/3001 4475/7/2997
f 4482/7/3004 4478/7/3000 4477/7/2999 4481/7/3003
f 4480/7/3002 4484/7/3006 4483/7/3005 4479/7/3001
f 4486/7/3008 4482/7/3004 4481/7/3003 4485/7/3007
f 4484/7/3006 4488/7/3010 4487/7/3009 4483/7/3005
f 4490/7/3012 4486/7/3008 4485/7/3007 4489/7/3011
f 4488/7/3010 4492/7/3014 4491/7/3013 4487/7/3009
f 4494/7/3016 4490/7/3012 4489/7/3011 4493/7/3015
f 4492/7/3014 4496/7/3018 4495/7/3017 4491/7/3013
f 4498/7/3020 4494/7/3016 4493/7/3015 4497/7/3019
f 4496/7/3018 4500/7/3022 4499/7/3021 4495/7/3017
f 4502/7/3024 4498/7/3020 4497/7/3019 4501/7/3023
f 4500/7/3022 4504/7/3026 4503/7/3025 4499/7/3021
f 4506/7/3028 4502/7/3024 4501/7/3023 4505/7/3027
f 4504/7/3026 4508/7/3030 4507/7/3029 4503/7/3025
f 4510/7/3032 4506/7/3028 4505/7/3027 4509/7/3031
f 4508/7/3030 4512/7/3034 4511/7/3033 4507/7/3029
f 4514/7/3036 4510/7/3032 4509/7/3031 4513/7/3035
f 4512/7/3034 4516/7/3038 4515/7/3037 4511/7/3033
f 4518/7/3040 4514/7/3036 4513/7/3035 4517/7/3039
f 4516/7/3038 4520/7/3042 4519/7/3041 4515/7/3037
f 4522/7/3044 4518/7/3040 4517/7/3039 4521/7/3043
f 4520/7/3042 4524/7/3046 4523/7/3045 4519/7/3041
f 4526/7/3048 4522/7/3044 4521/7/3043 4525/7/3047
f 4524/7/3046 4528/7/3050 4527/7/3049 4523/7/3045
f 4530/7/3052 4526/7/3048 4525/7/3047 4529/7/3051
f 4528/7/3050 4532/7/3054 4531/7/3053 4527/7/3049
f 4534/7/3056 4530/7/3052 4529/7/3051 4533/7/3055
f 4532/7/3054 4536/7/3058 4535/7/3057 4531/7/3053
f 4538/7/3060 4534/7/3056 4533/7/3055 4537/7/3059
f 4536/7/3058 4540/7/3062 4539/7/3061 4535/7/3057
f 4542/7/3064 4538/7/3060 4537/7/3059 4541/7/3063
f 4540/7/3062 4544/7/3066 4543/7/3065 4539/7/3061
f 4546/7/3068 4542/7/3064 4541/7/3063 4545/7/3067
f 4544/7/3066 4548/7/3070 4547/7/3069 4543/7/3065
f 4550/7/3072 4546/7/3068 4545/7/3067 4549/7/3071
f 4548/7/3070 4552/7/3074 4551/7/3073 4547/7/3069
f 4554/7/3076 4550/7/3072 4549/7/3071 4553/7/3075
f 4552/7/3074 4476/7/2998 4475/7/2997 4551/7/3073
f 4478/7/3000 4554/7/3076 4553/7/3075 4477/7/2999
f 4475/7/2997 4479/7/3001 4483/7/3005 4487/7/3009 4491/7/3013 4495/7/3017 4499/7/3021 4503/7/3025 4507/7/3029 4511/7/3033 4515/7/3037 4519/7/3041 4523/7/3045 4527/7/3049 4531/7/3053 4535/7/3057 4539/7/3061 4543/7/3065 4547/7/3069 4551/7/3073
f 4476/7/2998 4478/7/3000 4482/7/3004 4480/7/3002
f 4552/7/3074 4554/7/3076 4478/7/3000 4476/7/2998
f 4481/7/3003 4477/7/2999 4553/7/3075 4549/7/3071 4545/7/3067 4541/7/3063 4537/7/3059 4533/7/3055 4529/7/3051 4525/7/3047 4521/7/3043 4517/7/3039 4513/7/3035 4509/7/3031 4505/7/3027 4501/7/3023 4497/7/3019 4493/7/3015 4489/7/3011 4485/7/3007
f 4480/7/3002 4482/7/3004 4486/7/3008 4484/7/3006
f 4484/7/3006 4486/7/3008 4490/7/3012 4488/7/3010
f 4488/7/3010 4490/7/3012 4494/7/3016 4492/7/3014
f 4492/7/3014 4494/7/3016 4498/7/3020 4496/7/3018
f 4496/7/3018 4498/7/3020 4502/7/3024 4500/7/3022
f 4500/7/3022 4502/7/3024 4506/7/3028 4504/7/3026
f 4504/7/3026 4506/7/3028 4510/7/3032 4508/7/3030
f 4508/7/3030 4510/7/3032 4514/7/3036 4512/7/3034
f 4512/7/3034 4514/7/3036 4518/7/3040 4516/7/3038
f 4516/7/3038 4518/7/3040 4522/7/3044 4520/7/3042
f 4520/7/3042 4522/7/3044 4526/7/3048 4524/7/3046
f 4524/7/3046 4526/7/3048 4530/7/3052 4528/7/3050
f 4528/7/3050 4530/7/3052 4534/7/3056 4532/7/3054
f 4532/7/3054 4534/7/3056 4538/7/3060 4536/7/3058
f 4536/7/3058 4538/7/3060 4542/7/3064 4540/7/3062
f 4540/7/3062 4542/7/3064 4546/7/3068 4544/7/3066
f 4544/7/3066 4546/7/3068 4550/7/3072 4548/7/3070
f 4548/7/3070 4550/7/3072 4554/7/3076 4552/7/3074
f 4555/3/482 4561/3/3081 4562/3/3082 4556/3/3077
f 4556/3/3077 4562/3/3082 4563/3/3083 4557/3/3078
f 4557/3/3078 4563/3/3083 4564/3/3084 4558/3/491
f 4558/3/491 4564/3/3084 4565/3/3085 4559/3/3079
f 4559/3/3079 4565/3/3085 4566/3/3086 4560/3/3080
f 4560/3/3080 4566/3/3086 4561/3/3081 4555/3/482
f 4561/3/3081 4567/3/3087 4568/3/3088 4562/3/3082
f 4562/3/3082 4568/3/3088 4569/3/3089 4563/3/3083
f 4563/3/3083 4569/3/3089 4570/3/3090 4564/3/3084
f 4564/3/3084 4570/3/3090 4571/3/3091 4565/3/3085
f 4565/3/3085 4571/3/3091 4572/3/3092 4566/3/3086
f 4566/3/3086 4572/3/3092 4567/3/3087 4561/3/3081
f 4567/3/3087 4573/3/3093 4574/3/3094 4568/3/3088
f 4568/3/3088 4574/3/3094 4575/3/3095 4569/3/3089
f 4569/3/3089 4575/3/3095 4576/3/3096 4570/3/3090
f 4570/3/3090 4576/3/3096 4577/3/3097 4571/3/3091
f 4571/3/3091 4577/3/3097 4578/3/3098 4572/3/3092
f 4572/3/3092 4578/3/3098 4573/3/3093 4567/3/3087
f 4573/3/3093 4579/3/3099 4580/3/3263 4574/3/3094
f 4574/3/3094 4580/3/3263 4581/3/3101 4575/3/3095
f 4575/3/3095 4581/3/3101 4582/3/3102 4576/3/3096
f 4576/3/3096 4582/3/3102 4583/3/3103 4577/3/3097
f 4577/3/3097 4583/3/3103 4584/3/3264 4578/3/3098
f 4578/3/3098 4584/3/3264 4579/3/3099 4573/3/3093
f 4579/3/3099 4585/3/3105 4586/3/3106 4580/3/3263
f 4580/3/3263 4586/3/3106 4587/3/3107 4581/3/3101
f 4581/3/3101 4587/3/3107 4588/3/3108 4582/3/3102
f 4582/3/3102 4588/3/3108 4589/3/3109 4583/3/3103
f 4583/3/3103 4589/3/3109 4590/3/3110 4584/3/3264
f 4584/3/3264 4590/3/3110 4585/3/3105 4579/3/3099
f 4585/3/3105 4591/3/2872 4592/3/3111 4586/3/3106
f 4586/3/3106 4592/3/3111 4593/3/3112 4587/3/3107
f 4587/3/3107 4593/3/3112 4594/3/2926 4588/3/3108
f 4588/3/3108 4594/3/2926 4595/3/3113 4589/3/3109
f 4589/3/3109 4595/3/3113 4596/3/3114 4590/3/3110
f 4590/3/3110 4596/3/3114 4591/3/2872 4585/3/3105
f 4591/3/2872 4597/3/3115 4598/3/3116 4592/3/3111
f 4592/3/3111 4598/3/3116 4599/3/3117 4593/3/3112
f 4593/3/3112 4599/3/3117 4600/3/3118 4594/3/2926
f 4594/3/2926 4600/3/3118 4601/3/3119 4595/3/3113
f 4595/3/3113 4601/3/3119 4602/3/3120 4596/3/3114
f 4596/3/3114 4602/3/3120 4597/3/3115 4591/3/2872
f 4597/3/3115 4603/3/3121 4604/3/3122 4598/3/3116
f 4598/3/3116 4604/3/3122 4605/3/3123 4599/3/3117
f 4599/3/3117 4605/3/3123 4606/3/3124 4600/3/3118
f 4600/3/3118 4606/3/3124 4607/3/3125 4601/3/3119
f 4601/3/3119 4607/3/3125 4608/3/3126 4602/3/3120
f 4602/3/3120 4608/3/3126 4603/3/3121 4597/3/3115
f 4603/3/3121 4609/3/3127 4610/3/3128 4604/3/3122
f 4604/3/3122 4610/3/3128 4611/3/3129 4605/3/3123
f 4605/3/3123 4611/3/3129 4612/3/3130 4606/3/3124
f 4606/3/3124 4612/3/3130 4613/3/3131 4607/3/3125
f 4607/3/3125 4613/3/3131 4614/3/3132 4608/3/3126
f 4608/3/3126 4614/3/3132 4609/3/3127 4603/3/3121
f 4609/3/3127 4615/3/3133 4616/3/3134 4610/3/3128
f 4610/3/3128 4616/3/3134 4617/3/3135 4611/3/3129
f 4611/3/3129 4617/3/3135 4618/3/3136 4612/3/3130
f 4612/3/3130 4618/3/3136 4619/3/3137 4613/3/3131
f 4613/3/3131 4619/3/3137 4620/3/3138 4614/3/3132
f 4614/3/3132 4620/3/3138 4615/3/3133 4609/3/3127
f 4615/3/3133 4621/3/3139 4622/3/3140 4616/3/3134
f 4616/3/3134 4622/3/3140 4623/3/3141 4617/3/3135
f 4617/3/3135 4623/3/3141 4624/3/3142 4618/3/3136
f 4618/3/3136 4624/3/3142 4625/3/3143 4619/3/3137
f 4619/3/3137 4625/3/3143 4626/3/3144 4620/3/3138
f 4620/3/3138 4626/3/3144 4621/3/3139 4615/3/3133
f 4621/3/3139 4627/3/491 4628/3/3145 4622/3/3140
f 4622/3/3140 4628/3/3145 4629/3/3146 4623/3/3141
f 4623/3/3141 4629/3/3146 4630/3/482 4624/3/3142
f 4624/3/3142 4630/3/482 4631/3/3147 4625/3/3143
f 4625/3/3143 4631/3/3147 4632/3/3148 4626/3/3144
f 4626/3/3144 4632/3/3148 4627/3/491 4621/3/3139
f 4627/3/491 4633/3/3084 4634/3/3149 4628/3/3145
f 4628/3/3145 4634/3/3149 4635/3/3150 4629/3/3146
f 4629/3/3146 4635/3/3150 4636/3/3081 4630/3/482
f 4630/3/482 4636/3/3081 4637/3/3151 4631/3/3147
f 4631/3/3147 4637/3/3151 4638/3/3152 4632/3/3148
f 4632/3/3148 4638/3/3152 4633/3/3084 4627/3/491
f 4633/3/3084 4639/3/3090 4640/3/3153 4634/3/3149
f 4634/3/3149 4640/3/3153 4641/3/3154 4635/3/3150
f 4635/3/3150 4641/3/3154 4642/3/3087 4636/3/3081
f 4636/3/3081 4642/3/3087 4643/3/3155 4637/3/3151
f 4637/3/3151 4643/3/3155 4644/3/3156 4638/3/3152
f 4638/3/3152 4644/3/3156 4639/3/3090 4633/3/3084
f 4639/3/3090 4645/3/3096 4646/3/3157 4640/3/3153
f 4640/3/3153 4646/3/3157 4647/3/3158 4641/3/3154
f 4641/3/3154 4647/3/3158 4648/3/3093 4642/3/3087
f 4642/3/3087 4648/3/3093 4649/3/3159 4643/3/3155
f 4643/3/3155 4649/3/3159 4650/3/3160 4644/3/3156
f 4644/3/3156 4650/3/3160 4645/3/3096 4639/3/3090
f 4645/3/3096 4651/3/3102 4652/3/3194 4646/3/3157
f 4646/3/3157 4652/3/3194 4653/3/3162 4647/3/3158
f 4647/3/3158 4653/3/3162 4654/3/3099 4648/3/3093
f 4648/3/3093 4654/3/3099 4655/3/3163 4649/3/3159
f 4649/3/3159 4655/3/3163 4656/3/3195 4650/3/3160
f 4650/3/3160 4656/3/3195 4651/3/3102 4645/3/3096
f 4651/3/3102 4657/3/3108 4658/3/3165 4652/3/3194
f 4652/3/3194 4658/3/3165 4659/3/3166 4653/3/3162
f 4653/3/3162 4659/3/3166 4660/3/3105 4654/3/3099
f 4654/3/3099 4660/3/3105 4661/3/3167 4655/3/3163
f 4655/3/3163 4661/3/3167 4662/3/3168 4656/3/3195
f 4656/3/3195 4662/3/3168 4657/3/3108 4651/3/3102
f 4657/3/3108 4663/3/2926 4664/3/3169 4658/3/3165
f 4658/3/3165 4664/3/3169 4665/3/3170 4659/3/3166
f 4659/3/3166 4665/3/3170 4666/3/2872 4660/3/3105
f 4660/3/3105 4666/3/2872 4667/3/3171 4661/3/3167
f 4661/3/3167 4667/3/3171 4668/3/3172 4662/3/3168
f 4662/3/3168 4668/3/3172 4663/3/2926 4657/3/3108
f 4663/3/2926 4669/3/3118 4670/3/3173 4664/3/3169
f 4664/3/3169 4670/3/3173 4671/3/3174 4665/3/3170
f 4665/3/3170 4671/3/3174 4672/3/3115 4666/3/2872
f 4666/3/2872 4672/3/3115 4673/3/3175 4667/3/3171
f 4667/3/3171 4673/3/3175 4674/3/3176 4668/3/3172
f 4668/3/3172 4674/3/3176 4669/3/3118 4663/3/2926
f 4669/3/3118 4675/3/3124 4676/3/3196 4670/3/3173
f 4670/3/3173 4676/3/3196 4677/3/3178 4671/3/3174
f 4671/3/3174 4677/3/3178 4678/3/3121 4672/3/3115
f 4672/3/3115 4678/3/3121 4679/3/3179 4673/3/3175
f 4673/3/3175 4679/3/3179 4680/3/3180 4674/3/3176
f 4674/3/3176 4680/3/3180 4675/3/3124 4669/3/3118
f 4675/3/3124 4681/3/3130 4682/3/3181 4676/3/3196
f 4676/3/3196 4682/3/3181 4683/3/3182 4677/3/3178
f 4677/3/3178 4683/3/3182 4684/3/3127 4678/3/3121
f 4678/3/3121 4684/3/3127 4685/3/3183 4679/3/3179
f 4679/3/3179 4685/3/3183 4686/3/3184 4680/3/3180
f 4680/3/3180 4686/3/3184 4681/3/3130 4675/3/3124
f 4681/3/3130 4687/3/3136 4688/3/3185 4682/3/3181
f 4682/3/3181 4688/3/3185 4689/3/3186 4683/3/3182
f 4683/3/3182 4689/3/3186 4690/3/3133 4684/3/3127
f 4684/3/3127 4690/3/3133 4691/3/3187 4685/3/3183
f 4685/3/3183 4691/3/3187 4692/3/3188 4686/3/3184
f 4686/3/3184 4692/3/3188 4687/3/3136 4681/3/3130
f 4687/3/3136 4693/3/3142 4694/3/3189 4688/3/3185
f 4688/3/3185 4694/3/3189 4695/3/3190 4689/3/3186
f 4689/3/3186 4695/3/3190 4696/3/3139 4690/3/3133
f 4690/3/3133 4696/3/3139 4697/3/3191 4691/3/3187
f 4691/3/3187 4697/3/3191 4698/3/3192 4692/3/3188
f 4692/3/3188 4698/3/3192 4693/3/3142 4687/3/3136
f 4693/3/3142 4555/3/482 4556/3/3077 4694/3/3189
f 4694/3/3189 4556/3/3077 4557/3/3078 4695/3/3190
f 4695/3/3190 4557/3/3078 4558/3/491 4696/3/3139
f 4696/3/3139 4558/3/491 4559/3/3079 4697/3/3191
f 4697/3/3191 4559/3/3079 4560/3/3080 4698/3/3192
f 4698/3/3192 4560/3/3080 4555/3/482 4693/3/3142
f 4699/4/482 4705/4/3081 4706/4/3082 4700/4/3077
f 4700/4/3077 4706/4/3082 4707/4/3083 4701/4/3078
f 4701/4/3078 4707/4/3083 4708/4/3084 4702/4/491
f 4702/4/491 4708/4/3084 4709/4/3085 4703/4/3079
f 4703/4/3079 4709/4/3085 4710/4/3086 4704/4/3080
f 4704/4/3080 4710/4/3086 4705/4/3081 4699/4/482
f 4705/4/3081 4711/4/3087 4712/4/3265 4706/4/3082
f 4706/4/3082 4712/4/3265 4713/4/3089 4707/4/3083
f 4707/4/3083 4713/4/3089 4714/4/3090 4708/4/3084
f 4708/4/3084 4714/4/3090 4715/4/3091 4709/4/3085
f 4709/4/3085 4715/4/3091 4716/4/3092 4710/4/3086
f 4710/4/3086 4716/4/3092 4711/4/3087 4705/4/3081
f 4711/4/3087 4717/4/3093 4718/4/3094 4712/4/3265
f 4712/4/3265 4718/4/3094 4719/4/3095 4713/4/3089
f 4713/4/3089 4719/4/3095 4720/4/3096 4714/4/3090
f 4714/4/3090 4720/4/3096 4721/4/3097 4715/4/3091
f 4715/4/3091 4721/4/3097 4722/4/3098 4716/4/3092
f 4716/4/3092 4722/4/3098 4717/4/3093 4711/4/3087
f 4717/4/3093 4723/4/3099 4724/4/3100 4718/4/3094
f 4718/4/3094 4724/4/3100 4725/4/3101 4719/4/3095
f 4719/4/3095 4725/4/3101 4726/4/3102 4720/4/3096
f 4720/4/3096 4726/4/3102 4727/4/3103 4721/4/3097
f 4721/4/3097 4727/4/3103 4728/4/3104 4722/4/3098
f 4722/4/3098 4728/4/3104 4723/4/3099 4717/4/3093
f 4723/4/3099 4729/4/3105 4730/4/3106 4724/4/3100
f 4724/4/3100 4730/4/3106 4731/4/3107 4725/4/3101
f 4725/4/3101 4731/4/3107 4732/4/3108 4726/4/3102
f 4726/4/3102 4732/4/3108 4733/4/3109 4727/4/3103
f 4727/4/3103 4733/4/3109 4734/4/3110 4728/4/3104
f 4728/4/3104 4734/4/3110 4729/4/3105 4723/4/3099
f 4729/4/3105 4735/4/2872 4736/4/3111 4730/4/3106
f 4730/4/3106 4736/4/3111 4737/4/3112 4731/4/3107
f 4731/4/3107 4737/4/3112 4738/4/2926 4732/4/3108
f 4732/4/3108 4738/4/2926 4739/4/3113 4733/4/3109
f 4733/4/3109 4739/4/3113 4740/4/3114 4734/4/3110
f 4734/4/3110 4740/4/3114 4735/4/2872 4729/4/3105
f 4735/4/2872 4741/4/3115 4742/4/3116 4736/4/3111
f 4736/4/3111 4742/4/3116 4743/4/3117 4737/4/3112
f 4737/4/3112 4743/4/3117 4744/4/3118 4738/4/2926
f 4738/4/2926 4744/4/3118 4745/4/3119 4739/4/3113
f 4739/4/3113 4745/4/3119 4746/4/3120 4740/4/3114
f 4740/4/3114 4746/4/3120 4741/4/3115 4735/4/2872
f 4741/4/3115 4747/4/3121 4748/4/3122 4742/4/3116
f 4742/4/3116 4748/4/3122 4749/4/3123 4743/4/3117
f 4743/4/3117 4749/4/3123 4750/4/3124 4744/4/3118
f 4744/4/3118 4750/4/3124 4751/4/3125 4745/4/3119
f 4745/4/3119 4751/4/3125 4752/4/3126 4746/4/3120
f 4746/4/3120 4752/4/3126 4747/4/3121 4741/4/3115
f 4747/4/3121 4753/4/3127 4754/4/3128 4748/4/3122
f 4748/4/3122 4754/4/3128 4755/4/3129 4749/4/3123
f 4749/4/3123 4755/4/3129 4756/4/3130 4750/4/3124
f 4750/4/3124 4756/4/3130 4757/4/3131 4751/4/3125
f 4751/4/3125 4757/4/3131 4758/4/3132 4752/4/3126
f 4752/4/3126 4758/4/3132 4753/4/3127 4747/4/3121
f 4753/4/3127 4759/4/3133 4760/4/3134 4754/4/3128
f 4754/4/3128 4760/4/3134 4761/4/3135 4755/4/3129
f 4755/4/3129 4761/4/3135 4762/4/3136 4756/4/3130
f 4756/4/3130 4762/4/3136 4763/4/3137 4757/4/3131
f 4757/4/3131 4763/4/3137 4764/4/3138 4758/4/3132
f 4758/4/3132 4764/4/3138 4759/4/3133 4753/4/3127
f 4759/4/3133 4765/4/3139 4766/4/3140 4760/4/3134
f 4760/4/3134 4766/4/3140 4767/4/3141 4761/4/3135
f 4761/4/3135 4767/4/3141 4768/4/3142 4762/4/3136
f 4762/4/3136 4768/4/3142 4769/4/3143 4763/4/3137
f 4763/4/3137 4769/4/3143 4770/4/3144 4764/4/3138
f 4764/4/3138 4770/4/3144 4765/4/3139 4759/4/3133
f 4765/4/3139 4771/4/491 4772/4/3145 4766/4/3140
f 4766/4/3140 4772/4/3145 4773/4/3146 4767/4/3141
f 4767/4/3141 4773/4/3146 4774/4/482 4768/4/3142
f 4768/4/3142 4774/4/482 4775/4/3147 4769/4/3143
f 4769/4/3143 4775/4/3147 4776/4/3148 4770/4/3144
f 4770/4/3144 4776/4/3148 4771/4/491 4765/4/3139
f 4771/4/491 4777/4/3084 4778/4/3149 4772/4/3145
f 4772/4/3145 4778/4/3149 4779/4/3150 4773/4/3146
f 4773/4/3146 4779/4/3150 4780/4/3081 4774/4/482
f 4774/4/482 4780/4/3081 4781/4/3151 4775/4/3147
f 4775/4/3147 4781/4/3151 4782/4/3152 4776/4/3148
f 4776/4/3148 4782/4/3152 4777/4/3084 4771/4/491
f 4777/4/3084 4783/4/3090 4784/4/3153 4778/4/3149
f 4778/4/3149 4784/4/3153 4785/4/3154 4779/4/3150
f 4779/4/3150 4785/4/3154 4786/4/3087 4780/4/3081
f 4780/4/3081 4786/4/3087 4787/4/3155 4781/4/3151
f 4781/4/3151 4787/4/3155 4788/4/3156 4782/4/3152
f 4782/4/3152 4788/4/3156 4783/4/3090 4777/4/3084
f 4783/4/3090 4789/4/3096 4790/4/3157 4784/4/3153
f 4784/4/3153 4790/4/3157 4791/4/3158 4785/4/3154
f 4785/4/3154 4791/4/3158 4792/4/3093 4786/4/3087
f 4786/4/3087 4792/4/3093 4793/4/3159 4787/4/3155
f 4787/4/3155 4793/4/3159 4794/4/3160 4788/4/3156
f 4788/4/3156 4794/4/3160 4789/4/3096 4783/4/3090
f 4789/4/3096 4795/4/3102 4796/4/3161 4790/4/3157
f 4790/4/3157 4796/4/3161 4797/4/3162 4791/4/3158
f 4791/4/3158 4797/4/3162 4798/4/3099 4792/4/3093
f 4792/4/3093 4798/4/3099 4799/4/3163 4793/4/3159
f 4793/4/3159 4799/4/3163 4800/4/3164 4794/4/3160
f 4794/4/3160 4800/4/3164 4795/4/3102 4789/4/3096
f 4795/4/3102 4801/4/3108 4802/4/3165 4796/4/3161
f 4796/4/3161 4802/4/3165 4803/4/3166 4797/4/3162
f 4797/4/3162 4803/4/3166 4804/4/3105 4798/4/3099
f 4798/4/3099 4804/4/3105 4805/4/3167 4799/4/3163
f 4799/4/3163 4805/4/3167 4806/4/3168 4800/4/3164
f 4800/4/3164 4806/4/3168 4801/4/3108 4795/4/3102
f 4801/4/3108 4807/4/2926 4808/4/3169 4802/4/3165
f 4802/4/3165 4808/4/3169 4809/4/3170 4803/4/3166
f 4803/4/3166 4809/4/3170 4810/4/2872 4804/4/3105
f 4804/4/3105 4810/4/2872 4811/4/3171 4805/4/3167
f 4805/4/3167 4811/4/3171 4812/4/3172 4806/4/3168
f 4806/4/3168 4812/4/3172 4807/4/2926 4801/4/3108
f 4807/4/2926 4813/4/3118 4814/4/3173 4808/4/3169
f 4808/4/3169 4814/4/3173 4815/4/3174 4809/4/3170
f 4809/4/3170 4815/4/3174 4816/4/3115 4810/4/2872
f 4810/4/2872 4816/4/3115 4817/4/3175 4811/4/3171
f 4811/4/3171 4817/4/3175 4818/4/3176 4812/4/3172
f 4812/4/3172 4818/4/3176 4813/4/3118 4807/4/2926
f 4813/4/3118 4819/4/3124 4820/4/3196 4814/4/3173
f 4814/4/3173 4820/4/3196 4821/4/3178 4815/4/3174
f 4815/4/3174 4821/4/3178 4822/4/3121 4816/4/3115
f 4816/4/3115 4822/4/3121 4823/4/3179 4817/4/3175
f 4817/4/3175 4823/4/3179 4824/4/3197 4818/4/3176
f 4818/4/3176 4824/4/3197 4819/4/3124 4813/4/3118
f 4819/4/3124 4825/4/3130 4826/4/3181 4820/4/3196
f 4820/4/3196 4826/4/3181 4827/4/3182 4821/4/3178
f 4821/4/3178 4827/4/3182 4828/4/3127 4822/4/3121
f 4822/4/3121 4828/4/3127 4829/4/3183 4823/4/3179
f 4823/4/3179 4829/4/3183 4830/4/3184 4824/4/3197
f 4824/4/3197 4830/4/3184 4825/4/3130 4819/4/3124
f 4825/4/3130 4831/4/3136 4832/4/3185 4826/4/3181
f 4826/4/3181 4832/4/3185 4833/4/3186 4827/4/3182
f 4827/4/3182 4833/4/3186 4834/4/3133 4828/4/3127
f 4828/4/3127 4834/4/3133 4835/4/3187 4829/4/3183
f 4829/4/3183 4835/4/3187 4836/4/3266 4830/4/3184
f 4830/4/3184 4836/4/3266 4831/4/3136 4825/4/3130
f 4831/4/3136 4837/4/3142 4838/4/3189 4832/4/3185
f 4832/4/3185 4838/4/3189 4839/4/3190 4833/4/3186
f 4833/4/3186 4839/4/3190 4840/4/3139 4834/4/3133
f 4834/4/3133 4840/4/3139 4841/4/3191 4835/4/3187
f 4835/4/3187 4841/4/3191 4842/4/3192 4836/4/3266
f 4836/4/3266 4842/4/3192 4837/4/3142 4831/4/3136
f 4837/4/3142 4699/4/482 4700/4/3077 4838/4/3189
f 4838/4/3189 4700/4/3077 4701/4/3078 4839/4/3190
f 4839/4/3190 4701/4/3078 4702/4/491 4840/4/3139
f 4840/4/3139 4702/4/491 4703/4/3079 4841/4/3191
f 4841/4/3191 4703/4/3079 4704/4/3080 4842/4/3192
f 4842/4/3192 4704/4/3080 4699/4/482 4837/4/3142
f 4843/4/3198 4844/4/3199 4846/4/3201 4845/4/3200
f 4845/4/3200 4846/4/3201 4848/4/3203 4847/4/3202
f 4847/4/3202 4848/4/3203 4850/4/3205 4849/4/3204
f 4849/4/3204 4850/4/3205 4852/4/3207 4851/4/3206
f 4851/4/3206 4852/4/3207 4854/4/3209 4853/4/3208
f 4853/4/3208 4854/4/3209 4856/4/3211 4855/4/3210
f 4855/4/3210 4856/4/3211 4858/4/3213 4857/4/3212
f 4857/4/3212 4858/4/3213 4860/4/3215 4859/4/3214
f 4859/4/3214 4860/4/3215 4862/4/3217 4861/4/3216
f 4861/4/3216 4862/4/3217 4864/4/3219 4863/4/3218
f 4863/4/3218 4864/4/3219 4866/4/3221 4865/4/3220
f 4865/4/3220 4866/4/3221 4868/4/3223 4867/4/3222
f 4867/4/3222 4868/4/3223 4870/4/3225 4869/4/3224
f 4869/4/3224 4870/4/3225 4872/4/3227 4871/4/3226
f 4871/4/3226 4872/4/3227 4874/4/3229 4873/4/3228
f 4873/4/3228 4874/4/3229 4876/4/3231 4875/4/3230
f 4875/4/3230 4876/4/3231 4878/4/3233 4877/4/3232
f 4877/4/3232 4878/4/3233 4880/4/3235 4879/4/3234
f 4879/4/3234 4880/4/3235 4882/4/3237 4881/4/3236
f 4881/4/3236 4882/4/3237 4884/4/3239 4883/4/3238
f 4883/4/3238 4884/4/3239 4886/4/3241 4885/4/3240
f 4885/4/3240 4886/4/3241 4888/4/3243 4887/4/3242
f 4846/4/3201 4844/4/3199 4890/4/3245 4888/4/3243 4886/4/3241 4884/4/3239 4882/4/3237 4880/4/3235 4878/4/3233 4876/4/3231 4874/4/3229 4872/4/3227 4870/4/3225 4868/4/3223 4866/4/3221 4864/4/3219 4862/4/3217 4860/4/3215 4858/4/3213 4856/4/3211 4854/4/3209 4852/4/3207 4850/4/3205 4848/4/3203
f 4887/4/3242 4888/4/3243 4890/4/3245 4889/4/3244
f 4889/4/3244 4890/4/3245 4844/4/3199 4843/4/3198
f 4843/4/3198 4845/4/3200 4847/4/3202 4849/4/3204 4851/4/3206 4853/4/3208 4855/4/3210 4857/4/3212 4859/4/3214 4861/4/3216 4863/4/3218 4865/4/3220 4867/4/3222 4869/4/3224 4871/4/3226 4873/4/3228 4875/4/3230 4877/4/3232 4879/4/3234 4881/4/3236 4883/4/3238 4885/4/3240 4887/4/3242 4889/4/3244
f 4891/3/2867 4892/3/2868 4894/3/2864 4893/3/2863
f 4893/3/2863 4894/3/2864 4898/3/2866 4897/3/2865
f 4897/3/2865 4898/3/2866 4896/3/2870 4895/3/2869
f 4895/3/2869 4896/3/2870 4892/3/2868 4891/3/2867
f 4893/3/2863 4897/3/2865 4895/3/2869 4891/3/2867
f 4898/3/2866 4894/3/2864 4892/3/2868 4896/3/2870
f 4899/3/3246 4900/3/3247 4902/3/3249 4901/3/3248
f 4901/3/3248 4902/3/3249 4906/3/3253 4905/3/3252
f 4905/3/3252 4906/3/3253 4904/3/3251 4903/3/3250
f 4903/3/3250 4904/3/3251 4900/3/3247 4899/3/3246
f 4901/3/3248 4905/3/3252 4903/3/3250 4899/3/3246
f 4906/3/3253 4902/3/3249 4900/3/3247 4904/3/3251
f 4907/3/3254 4908/3/3255 4910/3/3257 4909/3/3256
f 4909/3/3256 4910/3/3257 4914/3/3261 4913/3/3260
f 4913/3/3260 4914/3/3261 4912/3/3259 4911/3/3258
f 4911/3/3258 4912/3/3259 4908/3/3255 4907/3/3254
f 4909/3/3256 4913/3/3260 4911/3/3258 4907/3/3254
f 4914/3/3261 4910/3/3257 4908/3/3255 4912/3/3259
f 4915/3/2865 4916/3/2866 4918/3/2870 4917/3/2869
f 4917/3/2869 4918/3/2870 4922/3/2868 4921/3/2867
f 4921/3/2867 4922/3/2868 4920/3/2864 4919/3/2863
f 4919/3/2863 4920/3/2864 4916/3/2866 4915/3/2865
f 4917/3/2869 4921/3/2867 4919/3/2863 4915/3/2865
f 4922/3/2868 4918/3/2870 4916/3/2866 4920/3/2864
f 4923/3/3252 4924/3/3253 4926/3/3251 4925/3/3250
f 4925/3/3250 4926/3/3251 4930/3/3247 4929/3/3246
f 4929/3/3246 4930/3/3247 4928/3/3249 4927/3/3248
f 4927/3/3248 4928/3/3249 4924/3/3253 4923/3/3252
f 4925/3/3250 4929/3/3246 4927/3/3248 4923/3/3252
f 4930/3/3247 4926/3/3251 4924/3/3253 4928/3/3249
f 4931/3/3260 4932/3/3261 4934/3/3259 4933/3/3258
f 4933/3/3258 4934/3/3259 4938/3/3255 4937/3/3254
f 4937/3/3254 4938/3/3255 4936/3/3257 4935/3/3256
f 4935/3/3256 4936/3/3257 4932/3/3261 4931/3/3260
f 4933/3/3258 4937/3/3254 4935/3/3256 4931/3/3260
f 4938/3/3255 4934/3/3259 4932/3/3261 4936/3/3257
f 4940/7/2998 4944/7/3002 4943/7/3001 4939/7/2997
f 4946/7/3004 4942/7/3000 4941/7/2999 4945/7/3003
f 4944/7/3002 4948/7/3006 4947/7/3005 4943/7/3001
f 4950/7/3008 4946/7/3004 4945/7/3003 4949/7/3007
f 4948/7/3006 4952/7/3010 4951/7/3009 4947/7/3005
f 4954/7/3012 4950/7/3008 4949/7/3007 4953/7/3011
f 4952/7/3010 4956/7/3014 4955/7/3013 4951/7/3009
f 4958/7/3016 4954/7/3012 4953/7/3011 4957/7/3015
f 4956/7/3014 4960/7/3018 4959/7/3017 4955/7/3013
f 4962/7/3020 4958/7/3016 4957/7/3015 4961/7/3019
f 4960/7/3018 4964/7/3022 4963/7/3021 4959/7/3017
f 4966/7/3024 4962/7/3020 4961/7/3019 4965/7/3023
f 4964/7/3022 4968/7/3026 4967/7/3025 4963/7/3021
f 4970/7/3028 4966/7/3024 4965/7/3023 4969/7/3027
f 4968/7/3026 4972/7/3030 4971/7/3029 4967/7/3025
f 4974/7/3032 4970/7/3028 4969/7/3027 4973/7/3031
f 4972/7/3030 4976/7/3034 4975/7/3033 4971/7/3029
f 4978/7/3036 4974/7/3032 4973/7/3031 4977/7/3035
f 4976/7/3034 4980/7/3038 4979/7/3037 4975/7/3033
f 4982/7/3040 4978/7/3036 4977/7/3035 4981/7/3039
f 4980/7/3038 4984/7/3042 4983/7/3041 4979/7/3037
f 4986/7/3044 4982/7/3040 4981/7/3039 4985/7/3043
f 4984/7/3042 4988/7/3046 4987/7/3045 4983/7/3041
f 4990/7/3048 4986/7/3044 4985/7/3043 4989/7/3047
f 4988/7/3046 4992/7/3050 4991/7/3049 4987/7/3045
f 4994/7/3052 4990/7/3048 4989/7/3047 4993/7/3051
f 4992/7/3050 4996/7/3054 4995/7/3053 4991/7/3049
f 4998/7/3056 4994/7/3052 4993/7/3051 4997/7/3055
f 4996/7/3054 5000/7/3058 4999/7/3057 4995/7/3053
f 5002/7/3060 4998/7/3056 4997/7/3055 5001/7/3059
f 5000/7/3058 5004/7/3062 5003/7/3061 4999/7/3057
f 5006/7/3064 5002/7/3060 5001/7/3059 5005/7/3063
f 5004/7/3062 5008/7/3066 5007/7/3065 5003/7/3061
f 5010/7/3068 5006/7/3064 5005/7/3063 5009/7/3067
f 5008/7/3066 5012/7/3070 5011/7/3069 5007/7/3065
f 5014/7/3072 5010/7/3068 5009/7/3067 5013/7/3071
f 5012/7/3070 5016/7/3074 5015/7/3073 5011/7/3069
f 5018/7/3076 5014/7/3072 5013/7/3071 5017/7/3075
f 5016/7/3074 4940/7/2998 4939/7/2997 5015/7/3073
f 4942/7/3000 5018/7/3076 5017/7/3075 4941/7/2999
f 4939/7/2997 4943/7/3001 4947/7/3005 4951/7/3009 4955/7/3013 4959/7/3017 4963/7/3021 4967/7/3025 4971/7/3029 4975/7/3033 4979/7/3037 4983/7/3041 4987/7/3045 4991/7/3049 4995/7/3053 4999/7/3057 5003/7/3061 5007/7/3065 5011/7/3069 5015/7/3073
f 4940/7/2998 4942/7/3000 4946/7/3004 4944/7/3002
f 5016/7/3074 5018/7/3076 4942/7/3000 4940/7/2998
f 4945/7/3003 4941/7/2999 5017/7/3075 5013/7/3071 5009/7/3067 5005/7/3063 5001/7/3059 4997/7/3055 4993/7/3051 4989/7/3047 4985/7/3043 4981/7/3039 4977/7/3035 4973/7/3031 4969/7/3027 4965/7/3023 4961/7/3019 4957/7/3015 4953/7/3011 4949/7/3007
f 4944/7/3002 4946/7/3004 4950/7/3008 4948/7/3006
f 4948/7/3006 4950/7/3008 4954/7/3012 4952/7/3010
f 4952/7/3010 4954/7/3012 4958/7/3016 4956/7/3014
f 4956/7/3014 4958/7/3016 4962/7/3020 4960/7/3018
f 4960/7/3018 4962/7/3020 4966/7/3024 4964/7/3022
f 4964/7/3022 4966/7/3024 4970/7/3028 4968/7/3026
f 4968/7/3026 4970/7/3028 4974/7/3032 4972/7/3030
f 4972/7/3030 4974/7/3032 4978/7/3036 4976/7/3034
f 4976/7/3034 4978/7/3036 4982/7/3040 4980/7/3038
f 4980/7/3038 4982/7/3040 4986/7/3044 4984/7/3042
f 4984/7/3042 4986/7/3044 4990/7/3048 4988/7/3046
f 4988/7/3046 4990/7/3048 4994/7/3052 4992/7/3050
f 4992/7/3050 4994/7/3052 4998/7/3056 4996/7/3054
f 4996/7/3054 4998/7/3056 5002/7/3060 5000/7/3058
f 5000/7/3058 5002/7/3060 5006/7/3064 5004/7/3062
f 5004/7/3062 5006/7/3064 5010/7/3068 5008/7/3066
f 5008/7/3066 5010/7/3068 5014/7/3072 5012/7/3070
f 5012/7/3070 5014/7/3072 5018/7/3076 5016/7/3074
f 5019/3/482 5025/3/3081 5026/3/3082 5020/3/3077
f 5020/3/3077 5026/3/3082 5027/3/3083 5021/3/3078
f 5021/3/3078 5027/3/3083 5028/3/3084 5022/3/491
f 5022/3/491 5028/3/3084 5029/3/3085 5023/3/3079
f 5023/3/3079 5029/3/3085 5030/3/3086 5024/3/3080
f 5024/3/3080 5030/3/3086 5025/3/3081 5019/3/482
f 5025/3/3081 5031/3/3087 5032/3/3088 5026/3/3082
f 5026/3/3082 5032/3/3088 5033/3/3089 5027/3/3083
f 5027/3/3083 5033/3/3089 5034/3/3090 5028/3/3084
f 5028/3/3084 5034/3/3090 5035/3/3091 5029/3/3085
f 5029/3/3085 5035/3/3091 5036/3/3092 5030/3/3086
f 5030/3/3086 5036/3/3092 5031/3/3087 5025/3/3081
f 5031/3/3087 5037/3/3093 5038/3/3094 5032/3/3088
f 5032/3/3088 5038/3/3094 5039/3/3095 5033/3/3089
f 5033/3/3089 5039/3/3095 5040/3/3096 5034/3/3090
f 5034/3/3090 5040/3/3096 5041/3/3097 5035/3/3091
f 5035/3/3091 5041/3/3097 5042/3/3098 5036/3/3092
f 5036/3/3092 5042/3/3098 5037/3/3093 5031/3/3087
f 5037/3/3093 5043/3/3099 5044/3/3100 5038/3/3094
f 5038/3/3094 5044/3/3100 5045/3/3101 5039/3/3095
f 5039/3/3095 5045/3/3101 5046/3/3102 5040/3/3096
f 5040/3/3096 5046/3/3102 5047/3/3103 5041/3/3097
f 5041/3/3097 5047/3/3103 5048/3/3264 5042/3/3098
f 5042/3/3098 5048/3/3264 5043/3/3099 5037/3/3093
f 5043/3/3099 5049/3/3105 5050/3/3106 5044/3/3100
f 5044/3/3100 5050/3/3106 5051/3/3107 5045/3/3101
f 5045/3/3101 5051/3/3107 5052/3/3108 5046/3/3102
f 5046/3/3102 5052/3/3108 5053/3/3109 5047/3/3103
f 5047/3/3103 5053/3/3109 5054/3/3110 5048/3/3264
f 5048/3/3264 5054/3/3110 5049/3/3105 5043/3/3099
f 5049/3/3105 5055/3/2872 5056/3/3111 5050/3/3106
f 5050/3/3106 5056/3/3111 5057/3/3112 5051/3/3107
f 5051/3/3107 5057/3/3112 5058/3/2926 5052/3/3108
f 5052/3/3108 5058/3/2926 5059/3/3113 5053/3/3109
f 5053/3/3109 5059/3/3113 5060/3/3114 5054/3/3110
f 5054/3/3110 5060/3/3114 5055/3/2872 5049/3/3105
f 5055/3/2872 5061/3/3115 5062/3/3116 5056/3/3111
f 5056/3/3111 5062/3/3116 5063/3/3117 5057/3/3112
f 5057/3/3112 5063/3/3117 5064/3/3118 5058/3/2926
f 5058/3/2926 5064/3/3118 5065/3/3119 5059/3/3113
f 5059/3/3113 5065/3/3119 5066/3/3120 5060/3/3114
f 5060/3/3114 5066/3/3120 5061/3/3115 5055/3/2872
f 5061/3/3115 5067/3/3121 5068/3/3122 5062/3/3116
f 5062/3/3116 5068/3/3122 5069/3/3123 5063/3/3117
f 5063/3/3117 5069/3/3123 5070/3/3124 5064/3/3118
f 5064/3/3118 5070/3/3124 5071/3/3125 5065/3/3119
f 5065/3/3119 5071/3/3125 5072/3/3126 5066/3/3120
f 5066/3/3120 5072/3/3126 5067/3/3121 5061/3/3115
f 5067/3/3121 5073/3/3127 5074/3/3128 5068/3/3122
f 5068/3/3122 5074/3/3128 5075/3/3129 5069/3/3123
f 5069/3/3123 5075/3/3129 5076/3/3130 5070/3/3124
f 5070/3/3124 5076/3/3130 5077/3/3131 5071/3/3125
f 5071/3/3125 5077/3/3131 5078/3/3132 5072/3/3126
f 5072/3/3126 5078/3/3132 5073/3/3127 5067/3/3121
f 5073/3/3127 5079/3/3133 5080/3/3134 5074/3/3128
f 5074/3/3128 5080/3/3134 5081/3/3135 5075/3/3129
f 5075/3/3129 5081/3/3135 5082/3/3136 5076/3/3130
f 5076/3/3130 5082/3/3136 5083/3/3137 5077/3/3131
f 5077/3/3131 5083/3/3137 5084/3/3138 5078/3/3132
f 5078/3/3132 5084/3/3138 5079/3/3133 5073/3/3127
f 5079/3/3133 5085/3/3139 5086/3/3140 5080/3/3134
f 5080/3/3134 5086/3/3140 5087/3/3141 5081/3/3135
f 5081/3/3135 5087/3/3141 5088/3/3142 5082/3/3136
f 5082/3/3136 5088/3/3142 5089/3/3143 5083/3/3137
f 5083/3/3137 5089/3/3143 5090/3/3144 5084/3/3138
f 5084/3/3138 5090/3/3144 5085/3/3139 5079/3/3133
f 5085/3/3139 5091/3/491 5092/3/3145 5086/3/3140
f 5086/3/3140 5092/3/3145 5093/3/3146 5087/3/3141
f 5087/3/3141 5093/3/3146 5094/3/482 5088/3/3142
f 5088/3/3142 5094/3/482 5095/3/3147 5089/3/3143
f 5089/3/3143 5095/3/3147 5096/3/3148 5090/3/3144
f 5090/3/3144 5096/3/3148 5091/3/491 5085/3/3139
f 5091/3/491 5097/3/3084 5098/3/3149 5092/3/3145
f 5092/3/3145 5098/3/3149 5099/3/3150 5093/3/3146
f 5093/3/3146 5099/3/3150 5100/3/3081 5094/3/482
f 5094/3/482 5100/3/3081 5101/3/3151 5095/3/3147
f 5095/3/3147 5101/3/3151 5102/3/3152 5096/3/3148
f 5096/3/3148 5102/3/3152 5097/3/3084 5091/3/491
f 5097/3/3084 5103/3/3090 5104/3/3153 5098/3/3149
f 5098/3/3149 5104/3/3153 5105/3/3154 5099/3/3150
f 5099/3/3150 5105/3/3154 5106/3/3087 5100/3/3081
f 5100/3/3081 5106/3/3087 5107/3/3155 5101/3/3151
f 5101/3/3151 5107/3/3155 5108/3/3156 5102/3/3152
f 5102/3/3152 5108/3/3156 5103/3/3090 5097/3/3084
f 5103/3/3090 5109/3/3096 5110/3/3157 5104/3/3153
f 5104/3/3153 5110/3/3157 5111/3/3158 5105/3/3154
f 5105/3/3154 5111/3/3158 5112/3/3093 5106/3/3087
f 5106/3/3087 5112/3/3093 5113/3/3159 5107/3/3155
f 5107/3/3155 5113/3/3159 5114/3/3160 5108/3/3156
f 5108/3/3156 5114/3/3160 5109/3/3096 5103/3/3090
f 5109/3/3096 5115/3/3102 5116/3/3161 5110/3/3157
f 5110/3/3157 5116/3/3161 5117/3/3162 5111/3/3158
f 5111/3/3158 5117/3/3162 5118/3/3099 5112/3/3093
f 5112/3/3093 5118/3/3099 5119/3/3163 5113/3/3159
f 5113/3/3159 5119/3/3163 5120/3/3164 5114/3/3160
f 5114/3/3160 5120/3/3164 5115/3/3102 5109/3/3096
f 5115/3/3102 5121/3/3108 5122/3/3165 5116/3/3161
f 5116/3/3161 5122/3/3165 5123/3/3166 5117/3/3162
f 5117/3/3162 5123/3/3166 5124/3/3105 5118/3/3099
f 5118/3/3099 5124/3/3105 5125/3/3167 5119/3/3163
f 5119/3/3163 5125/3/3167 5126/3/3168 5120/3/3164
f 5120/3/3164 5126/3/3168 5121/3/3108 5115/3/3102
f 5121/3/3108 5127/3/2926 5128/3/3169 5122/3/3165
f 5122/3/3165 5128/3/3169 5129/3/3170 5123/3/3166
f 5123/3/3166 5129/3/3170 5130/3/2872 5124/3/3105
f 5124/3/3105 5130/3/2872 5131/3/3171 5125/3/3167
f 5125/3/3167 5131/3/3171 5132/3/3172 5126/3/3168
f 5126/3/3168 5132/3/3172 5127/3/2926 5121/3/3108
f 5127/3/2926 5133/3/3118 5134/3/3173 5128/3/3169
f 5128/3/3169 5134/3/3173 5135/3/3174 5129/3/3170
f 5129/3/3170 5135/3/3174 5136/3/3115 5130/3/2872
f 5130/3/2872 5136/3/3115 5137/3/3175 5131/3/3171
f 5131/3/3171 5137/3/3175 5138/3/3176 5132/3/3172
f 5132/3/3172 5138/3/3176 5133/3/3118 5127/3/2926
f 5133/3/3118 5139/3/3124 5140/3/3196 5134/3/3173
f 5134/3/3173 5140/3/3196 5141/3/3178 5135/3/3174
f 5135/3/3174 5141/3/3178 5142/3/3121 5136/3/3115
f 5136/3/3115 5142/3/3121 5143/3/3179 5137/3/3175
f 5137/3/3175 5143/3/3179 5144/3/3197 5138/3/3176
f 5138/3/3176 5144/3/3197 5139/3/3124 5133/3/3118
f 5139/3/3124 5145/3/3130 5146/3/3181 5140/3/3196
f 5140/3/3196 5146/3/3181 5147/3/3182 5141/3/3178
f 5141/3/3178 5147/3/3182 5148/3/3127 5142/3/3121
f 5142/3/3121 5148/3/3127 5149/3/3183 5143/3/3179
f 5143/3/3179 5149/3/3183 5150/3/3184 5144/3/3197
f 5144/3/3197 5150/3/3184 5145/3/3130 5139/3/3124
f 5145/3/3130 5151/3/3136 5152/3/3185 5146/3/3181
f 5146/3/3181 5152/3/3185 5153/3/3186 5147/3/3182
f 5147/3/3182 5153/3/3186 5154/3/3133 5148/3/3127
f 5148/3/3127 5154/3/3133 5155/3/3187 5149/3/3183
f 5149/3/3183 5155/3/3187 5156/3/3188 5150/3/3184
f 5150/3/3184 5156/3/3188 5151/3/3136 5145/3/3130
f 5151/3/3136 5157/3/3142 5158/3/3189 5152/3/3185
f 5152/3/3185 5158/3/3189 5159/3/3190 5153/3/3186
f 5153/3/3186 5159/3/3190 5160/3/3139 5154/3/3133
f 5154/3/3133 5160/3/3139 5161/3/3191 5155/3/3187
f 5155/3/3187 5161/3/3191 5162/3/3192 5156/3/3188
f 5156/3/3188 5162/3/3192 5157/3/3142 5151/3/3136
f 5157/3/3142 5019/3/482 5020/3/3077 5158/3/3189
f 5158/3/3189 5020/3/3077 5021/3/3078 5159/3/3190
f 5159/3/3190 5021/3/3078 5022/3/491 5160/3/3139
f 5160/3/3139 5022/3/491 5023/3/3079 5161/3/3191
f 5161/3/3191 5023/3/3079 5024/3/3080 5162/3/3192
f 5162/3/3192 5024/3/3080 5019/3/482 5157/3/3142
f 5163/4/482 5169/4/3081 5170/4/3082 5164/4/3077
f 5164/4/3077 5170/4/3082 5171/4/3083 5165/4/3078
f 5165/4/3078 5171/4/3083 5172/4/3084 5166/4/491
f 5166/4/491 5172/4/3084 5173/4/3085 5167/4/3079
f 5167/4/3079 5173/4/3085 5174/4/3086 5168/4/3080
f 5168/4/3080 5174/4/3086 5169/4/3081 5163/4/482
f 5169/4/3081 5175/4/3087 5176/4/3265 5170/4/3082
f 5170/4/3082 5176/4/3265 5177/4/3089 5171/4/3083
f 5171/4/3083 5177/4/3089 5178/4/3090 5172/4/3084
f 5172/4/3084 5178/4/3090 5179/4/3091 5173/4/3085
f 5173/4/3085 5179/4/3091 5180/4/3267 5174/4/3086
f 5174/4/3086 5180/4/3267 5175/4/3087 5169/4/3081
f 5175/4/3087 5181/4/3093 5182/4/3094 5176/4/3265
f 5176/4/3265 5182/4/3094 5183/4/3095 5177/4/3089
f 5177/4/3089 5183/4/3095 5184/4/3096 5178/4/3090
f 5178/4/3090 5184/4/3096 5185/4/3097 5179/4/3091
f 5179/4/3091 5185/4/3097 5186/4/3098 5180/4/3267
f 5180/4/3267 5186/4/3098 5181/4/3093 5175/4/3087
f 5181/4/3093 5187/4/3099 5188/4/3100 5182/4/3094
f 5182/4/3094 5188/4/3100 5189/4/3101 5183/4/3095
f 5183/4/3095 5189/4/3101 5190/4/3102 5184/4/3096
f 5184/4/3096 5190/4/3102 5191/4/3103 5185/4/3097
f 5185/4/3097 5191/4/3103 5192/4/3104 5186/4/3098
f 5186/4/3098 5192/4/3104 5187/4/3099 5181/4/3093
f 5187/4/3099 5193/4/3105 5194/4/3106 5188/4/3100
f 5188/4/3100 5194/4/3106 5195/4/3107 5189/4/3101
f 5189/4/3101 5195/4/3107 5196/4/3108 5190/4/3102
f 5190/4/3102 5196/4/3108 5197/4/3109 5191/4/3103
f 5191/4/3103 5197/4/3109 5198/4/3110 5192/4/3104
f 5192/4/3104 5198/4/3110 5193/4/3105 5187/4/3099
f 5193/4/3105 5199/4/2872 5200/4/3111 5194/4/3106
f 5194/4/3106 5200/4/3111 5201/4/3112 5195/4/3107
f 5195/4/3107 5201/4/3112 5202/4/2926 5196/4/3108
f 5196/4/3108 5202/4/2926 5203/4/3113 5197/4/3109
f 5197/4/3109 5203/4/3113 5204/4/3114 5198/4/3110
f 5198/4/3110 5204/4/3114 5199/4/2872 5193/4/3105
f 5199/4/2872 5205/4/3115 5206/4/3116 5200/4/3111
f 5200/4/3111 5206/4/3116 5207/4/3117 5201/4/3112
f 5201/4/3112 5207/4/3117 5208/4/3118 5202/4/2926
f 5202/4/2926 5208/4/3118 5209/4/3119 5203/4/3113
f 5203/4/3113 5209/4/3119 5210/4/3120 5204/4/3114
f 5204/4/3114 5210/4/3120 5205/4/3115 5199/4/2872
f 5205/4/3115 5211/4/3121 5212/4/3122 5206/4/3116
f 5206/4/3116 5212/4/3122 5213/4/3123 5207/4/3117
f 5207/4/3117 5213/4/3123 5214/4/3124 5208/4/3118
f 5208/4/3118 5214/4/3124 5215/4/3125 5209/4/3119
f 5209/4/3119 5215/4/3125 5216/4/3126 5210/4/3120
f 5210/4/3120 5216/4/3126 5211/4/3121 5205/4/3115
f 5211/4/3121 5217/4/3127 5218/4/3128 5212/4/3122
f 5212/4/3122 5218/4/3128 5219/4/3129 5213/4/3123
f 5213/4/3123 5219/4/3129 5220/4/3130 5214/4/3124
f 5214/4/3124 5220/4/3130 5221/4/3131 5215/4/3125
f 5215/4/3125 5221/4/3131 5222/4/3132 5216/4/3126
f 5216/4/3126 5222/4/3132 5217/4/3127 5211/4/3121
f 5217/4/3127 5223/4/3133 5224/4/3134 5218/4/3128
f 5218/4/3128 5224/4/3134 5225/4/3135 5219/4/3129
f 5219/4/3129 5225/4/3135 5226/4/3136 5220/4/3130
f 5220/4/3130 5226/4/3136 5227/4/3137 5221/4/3131
f 5221/4/3131 5227/4/3137 5228/4/3138 5222/4/3132
f 5222/4/3132 5228/4/3138 5223/4/3133 5217/4/3127
f 5223/4/3133 5229/4/3139 5230/4/3140 5224/4/3134
f 5224/4/3134 5230/4/3140 5231/4/3141 5225/4/3135
f 5225/4/3135 5231/4/3141 5232/4/3142 5226/4/3136
f 5226/4/3136 5232/4/3142 5233/4/3143 5227/4/3137
f 5227/4/3137 5233/4/3143 5234/4/3144 5228/4/3138
f 5228/4/3138 5234/4/3144 5229/4/3139 5223/4/3133
f 5229/4/3139 5235/4/491 5236/4/3145 5230/4/3140
f 5230/4/3140 5236/4/3145 5237/4/3146 5231/4/3141
f 5231/4/3141 5237/4/3146 5238/4/482 5232/4/3142
f 5232/4/3142 5238/4/482 5239/4/3147 5233/4/3143
f 5233/4/3143 5239/4/3147 5240/4/3148 5234/4/3144
f 5234/4/3144 5240/4/3148 5235/4/491 5229/4/3139
f 5235/4/491 5241/4/3084 5242/4/3149 5236/4/3145
f 5236/4/3145 5242/4/3149 5243/4/3150 5237/4/3146
f 5237/4/3146 5243/4/3150 5244/4/3081 5238/4/482
f 5238/4/482 5244/4/3081 5245/4/3151 5239/4/3147
f 5239/4/3147 5245/4/3151 5246/4/3152 5240/4/3148
f 5240/4/3148 5246/4/3152 5241/4/3084 5235/4/491
f 5241/4/3084 5247/4/3090 5248/4/3153 5242/4/3149
f 5242/4/3149 5248/4/3153 5249/4/3154 5243/4/3150
f 5243/4/3150 5249/4/3154 5250/4/3087 5244/4/3081
f 5244/4/3081 5250/4/3087 5251/4/3155 5245/4/3151
f 5245/4/3151 5251/4/3155 5252/4/3156 5246/4/3152
f 5246/4/3152 5252/4/3156 5247/4/3090 5241/4/3084
f 5247/4/3090 5253/4/3096 5254/4/3157 5248/4/3153
f 5248/4/3153 5254/4/3157 5255/4/3158 5249/4/3154
f 5249/4/3154 5255/4/3158 5256/4/3093 5250/4/3087
f 5250/4/3087 5256/4/3093 5257/4/3159 5251/4/3155
f 5251/4/3155 5257/4/3159 5258/4/3160 5252/4/3156
f 5252/4/3156 5258/4/3160 5253/4/3096 5247/4/3090
f 5253/4/3096 5259/4/3102 5260/4/3194 5254/4/3157
f 5254/4/3157 5260/4/3194 5261/4/3162 5255/4/3158
f 5255/4/3158 5261/4/3162 5262/4/3099 5256/4/3093
f 5256/4/3093 5262/4/3099 5263/4/3163 5257/4/3159
f 5257/4/3159 5263/4/3163 5264/4/3164 5258/4/3160
f 5258/4/3160 5264/4/3164 5259/4/3102 5253/4/3096
f 5259/4/3102 5265/4/3108 5266/4/3165 5260/4/3194
f 5260/4/3194 5266/4/3165 5267/4/3166 5261/4/3162
f 5261/4/3162 5267/4/3166 5268/4/3105 5262/4/3099
f 5262/4/3099 5268/4/3105 5269/4/3167 5263/4/3163
f 5263/4/3163 5269/4/3167 5270/4/3168 5264/4/3164
f 5264/4/3164 5270/4/3168 5265/4/3108 5259/4/3102
f 5265/4/3108 5271/4/2926 5272/4/3169 5266/4/3165
f 5266/4/3165 5272/4/3169 5273/4/3170 5267/4/3166
f 5267/4/3166 5273/4/3170 5274/4/2872 5268/4/3105
f 5268/4/3105 5274/4/2872 5275/4/3171 5269/4/3167
f 5269/4/3167 5275/4/3171 5276/4/3172 5270/4/3168
f 5270/4/3168 5276/4/3172 5271/4/2926 5265/4/3108
f 5271/4/2926 5277/4/3118 5278/4/3173 5272/4/3169
f 5272/4/3169 5278/4/3173 5279/4/3174 5273/4/3170
f 5273/4/3170 5279/4/3174 5280/4/3115 5274/4/2872
f 5274/4/2872 5280/4/3115 5281/4/3175 5275/4/3171
f 5275/4/3171 5281/4/3175 5282/4/3176 5276/4/3172
f 5276/4/3172 5282/4/3176 5277/4/3118 5271/4/2926
f 5277/4/3118 5283/4/3124 5284/4/3196 5278/4/3173
f 5278/4/3173 5284/4/3196 5285/4/3178 5279/4/3174
f 5279/4/3174 5285/4/3178 5286/4/3121 5280/4/3115
f 5280/4/3115 5286/4/3121 5287/4/3179 5281/4/3175
f 5281/4/3175 5287/4/3179 5288/4/3197 5282/4/3176
f 5282/4/3176 5288/4/3197 5283/4/3124 5277/4/3118
f 5283/4/3124 5289/4/3130 5290/4/3181 5284/4/3196
f 5284/4/3196 5290/4/3181 5291/4/3182 5285/4/3178
f 5285/4/3178 5291/4/3182 5292/4/3127 5286/4/3121
f 5286/4/3121 5292/4/3127 5293/4/3183 5287/4/3179
f 5287/4/3179 5293/4/3183 5294/4/3184 5288/4/3197
f 5288/4/3197 5294/4/3184 5289/4/3130 5283/4/3124
f 5289/4/3130 5295/4/3136 5296/4/3185 5290/4/3181
f 5290/4/3181 5296/4/3185 5297/4/3186 5291/4/3182
f 5291/4/3182 5297/4/3186 5298/4/3133 5292/4/3127
f 5292/4/3127 5298/4/3133 5299/4/3187 5293/4/3183
f 5293/4/3183 5299/4/3187 5300/4/3188 5294/4/3184
f 5294/4/3184 5300/4/3188 5295/4/3136 5289/4/3130
f 5295/4/3136 5301/4/3142 5302/4/3189 5296/4/3185
f 5296/4/3185 5302/4/3189 5303/4/3190 5297/4/3186
f 5297/4/3186 5303/4/3190 5304/4/3139 5298/4/3133
f 5298/4/3133 5304/4/3139 5305/4/3191 5299/4/3187
f 5299/4/3187 5305/4/3191 5306/4/3192 5300/4/3188
f 5300/4/3188 5306/4/3192 5301/4/3142 5295/4/3136
f 5301/4/3142 5163/4/482 5164/4/3077 5302/4/3189
f 5302/4/3189 5164/4/3077 5165/4/3078 5303/4/3190
f 5303/4/3190 5165/4/3078 5166/4/491 5304/4/3139
f 5304/4/3139 5166/4/491 5167/4/3079 5305/4/3191
f 5305/4/3191 5167/4/3079 5168/4/3080 5306/4/3192
f 5306/4/3192 5168/4/3080 5163/4/482 5301/4/3142
f 5307/4/3198 5308/4/3199 5310/4/3201 5309/4/3200
f 5309/4/3200 5310/4/3201 5312/4/3203 5311/4/3202
f 5311/4/3202 5312/4/3203 5314/4/3205 5313/4/3204
f 5313/4/3204 5314/4/3205 5316/4/3207 5315/4/3206
f 5315/4/3206 5316/4/3207 5318/4/3209 5317/4/3208
f 5317/4/3208 5318/4/3209 5320/4/3211 5319/4/3210
f 5319/4/3210 5320/4/3211 5322/4/3213 5321/4/3212
f 5321/4/3212 5322/4/3213 5324/4/3215 5323/4/3214
f 5323/4/3214 5324/4/3215 5326/4/3217 5325/4/3216
f 5325/4/3216 5326/4/3217 5328/4/3219 5327/4/3218
f 5327/4/3218 5328/4/3219 5330/4/3221 5329/4/3220
f 5329/4/3220 5330/4/3221 5332/4/3223 5331/4/3222
f 5331/4/3222 5332/4/3223 5334/4/3225 5333/4/3224
f 5333/4/3224 5334/4/3225 5336/4/3227 5335/4/3226
f 5335/4/3226 5336/4/3227 5338/4/3229 5337/4/3228
f 5337/4/3228 5338/4/3229 5340/4/3231 5339/4/3230
f 5339/4/3230 5340/4/3231 5342/4/3233 5341/4/3232
f 5341/4/3232 5342/4/3233 5344/4/3235 5343/4/3234
f 5343/4/3234 5344/4/3235 5346/4/3237 5345/4/3236
f 5345/4/3236 5346/4/3237 5348/4/3239 5347/4/3238
f 5347/4/3238 5348/4/3239 5350/4/3241 5349/4/3240
f 5349/4/3240 5350/4/3241 5352/4/3243 5351/4/3242
f 5310/4/3201 5308/4/3199 5354/4/3245 5352/4/3243 5350/4/3241 5348/4/3239 5346/4/3237 5344/4/3235 5342/4/3233 5340/4/3231 5338/4/3229 5336/4/3227 5334/4/3225 5332/4/3223 5330/4/3221 5328/4/3219 5326/4/3217 5324/4/3215 5322/4/3213 5320/4/3211 5318/4/3209 5316/4/3207 5314/4/3205 5312/4/3203
f 5351/4/3242 5352/4/3243 5354/4/3245 5353/4/3244
f 5353/4/3244 5354/4/3245 5308/4/3199 5307/4/3198
f 5307/4/3198 5309/4/3200 5311/4/3202 5313/4/3204 5315/4/3206 5317/4/3208 5319/4/3210 5321/4/3212 5323/4/3214 5325/4/3216 5327/4/3218 5329/4/3220 5331/4/3222 5333/4/3224 5335/4/3226 5337/4/3228 5339/4/3230 5341/4/3232 5343/4/3234 5345/4/3236 5347/4/3238 5349/4/3240 5351/4/3242 5353/4/3244
f 5355/3/2867 5356/3/2868 5358/3/2864 5357/3/2863
f 5357/3/2863 5358/3/2864 5362/3/2866 5361/3/2865
f 5361/3/2865 5362/3/2866 5360/3/2870 5359/3/2869
f 5359/3/2869 5360/3/2870 5356/3/2868 5355/3/2867
f 5357/3/2863 5361/3/2865 5359/3/2869 5355/3/2867
f 5362/3/2866 5358/3/2864 5356/3/2868 5360/3/2870
f 5363/3/3246 5364/3/3247 5366/3/3249 5365/3/3248
f 5365/3/3248 5366/3/3249 5370/3/3253 5369/3/3252
f 5369/3/3252 5370/3/3253 5368/3/3251 5367/3/3250
f 5367/3/3250 5368/3/3251 5364/3/3247 5363/3/3246
f 5365/3/3248 5369/3/3252 5367/3/3250 5363/3/3246
f 5370/3/3253 5366/3/3249 5364/3/3247 5368/3/3251
f 5371/3/3254 5372/3/3255 5374/3/3257 5373/3/3256
f 5373/3/3256 5374/3/3257 5378/3/3261 5377/3/3260
f 5377/3/3260 5378/3/3261 5376/3/3259 5375/3/3258
f 5375/3/3258 5376/3/3259 5372/3/3255 5371/3/3254
f 5373/3/3256 5377/3/3260 5375/3/3258 5371/3/3254
f 5378/3/3261 5374/3/3257 5372/3/3255 5376/3/3259
f 5379/3/2865 5380/3/2866 5382/3/2870 5381/3/2869
f 5381/3/2869 5382/3/2870 5386/3/2868 5385/3/2867
f 5385/3/2867 5386/3/2868 5384/3/2864 5383/3/2863
f 5383/3/2863 5384/3/2864 5380/3/2866 5379/3/2865
f 5381/3/2869 5385/3/2867 5383/3/2863 5379/3/2865
f 5386/3/2868 5382/3/2870 5380/3/2866 5384/3/2864
f 5387/3/3252 5388/3/3253 5390/3/3251 5389/3/3250
f 5389/3/3250 5390/3/3251 5394/3/3247 5393/3/3246
f 5393/3/3246 5394/3/3247 5392/3/3249 5391/3/3248
f 5391/3/3248 5392/3/3249 5388/3/3253 5387/3/3252
f 5389/3/3250 5393/3/3246 5391/3/3248 5387/3/3252
f 5394/3/3247 5390/3/3251 5388/3/3253 5392/3/3249
f 5395/3/3260 5396/3/3261 5398/3/3259 5397/3/3258
f 5397/3/3258 5398/3/3259 5402/3/3255 5401/3/3254
f 5401/3/3254 5402/3/3255 5400/3/3257 5399/3/3256
f 5399/3/3256 5400/3/3257 5396/3/3261 5395/3/3260
f 5397/3/3258 5401/3/3254 5399/3/3256 5395/3/3260
f 5402/3/3255 5398/3/3259 5396/3/3261 5400/3/3257
f 5403/8/2863 5404/8/2864 5406/8/2866 5405/8/2865
f 5405/8/2865 5406/8/2866 5410/8/2870 5409/8/2869
f 5409/8/2869 5410/8/2870 5408/8/2868 5407/8/2867
f 5407/8/2867 5408/8/2868 5404/8/2864 5403/8/2863
f 5405/8/2865 5409/8/2869 5407/8/2867 5403/8/2863
f 5410/8/2870 5406/8/2866 5404/8/2864 5408/8/2868
f 5412/7/3269 5416/7/3273 5415/7/3272 5411/7/3268
f 5418/7/3275 5414/7/3271 5413/7/3270 5417/7/3274
f 5416/7/3273 5420/7/3277 5419/7/3276 5415/7/3272
f 5422/7/3279 5418/7/3275 5417/7/3274 5421/7/3278
f 5420/7/3277 5424/7/3281 5423/7/3280 5419/7/3276
f 5426/7/3283 5422/7/3279 5421/7/3278 5425/7/3282
f 5424/7/3281 5428/7/3285 5427/7/3284 5423/7/3280
f 5430/7/3287 5426/7/3283 5425/7/3282 5429/7/3286
f 5428/7/3285 5432/7/3289 5431/7/3288 5427/7/3284
f 5434/7/3291 5430/7/3287 5429/7/3286 5433/7/3290
f 5432/7/3289 5436/7/3293 5435/7/3292 5431/7/3288
f 5438/7/3295 5434/7/3291 5433/7/3290 5437/7/3294
f 5436/7/3293 5440/7/3297 5439/7/3296 5435/7/3292
f 5442/7/3299 5438/7/3295 5437/7/3294 5441/7/3298
f 5440/7/3297 5444/7/3301 5443/7/3300 5439/7/3296
f 5446/7/3303 5442/7/3299 5441/7/3298 5445/7/3302
f 5444/7/3301 5448/7/3305 5447/7/3304 5443/7/3300
f 5450/7/3307 5446/7/3303 5445/7/3302 5449/7/3306
f 5448/7/3305 5452/7/3309 5451/7/3308 5447/7/3304
f 5454/7/3311 5450/7/3307 5449/7/3306 5453/7/3310
f 5452/7/3309 5456/7/3313 5455/7/3312 5451/7/3308
f 5458/7/3315 5454/7/3311 5453/7/3310 5457/7/3314
f 5456/7/3313 5460/7/3317 5459/7/3316 5455/7/3312
f 5462/7/3319 5458/7/3315 5457/7/3314 5461/7/3318
f 5460/7/3317 5464/7/3321 5463/7/3320 5459/7/3316
f 5466/7/3323 5462/7/3319 5461/7/3318 5465/7/3322
f 5464/7/3321 5468/7/3325 5467/7/3324 5463/7/3320
f 5470/7/3327 5466/7/3323 5465/7/3322 5469/7/3326
f 5468/7/3325 5472/7/3329 5471/7/3328 5467/7/3324
f 5474/7/3331 5470/7/3327 5469/7/3326 5473/7/3330
f 5472/7/3329 5476/7/3333 5475/7/3332 5471/7/3328
f 5478/7/3335 5474/7/3331 5473/7/3330 5477/7/3334
f 5476/7/3333 5480/7/3337 5479/7/3336 5475/7/3332
f 5482/7/3339 5478/7/3335 5477/7/3334 5481/7/3338
f 5480/7/3337 5484/7/3341 5483/7/3340 5479/7/3336
f 5486/7/3343 5482/7/3339 5481/7/3338 5485/7/3342
f 5484/7/3341 5488/7/3345 5487/7/3344 5483/7/3340
f 5490/7/3347 5486/7/3343 5485/7/3342 5489/7/3346
f 5488/7/3345 5412/7/3269 5411/7/3268 5487/7/3344
f 5414/7/3271 5490/7/3347 5489/7/3346 5413/7/3270
f 5411/7/3268 5415/7/3272 5419/7/3276 5423/7/3280 5427/7/3284 5431/7/3288 5435/7/3292 5439/7/3296 5443/7/3300 5447/7/3304 5451/7/3308 5455/7/3312 5459/7/3316 5463/7/3320 5467/7/3324 5471/7/3328 5475/7/3332 5479/7/3336 5483/7/3340 5487/7/3344
f 5412/7/3269 5414/7/3271 5418/7/3275 5416/7/3273
f 5488/7/3345 5490/7/3347 5414/7/3271 5412/7/3269
f 5417/7/3274 5413/7/3270 5489/7/3346 5485/7/3342 5481/7/3338 5477/7/3334 5473/7/3330 5469/7/3326 5465/7/3322 5461/7/3318 5457/7/3314 5453/7/3310 5449/7/3306 5445/7/3302 5441/7/3298 5437/7/3294 5433/7/3290 5429/7/3286 5425/7/3282 5421/7/3278
f 5416/7/3273 5418/7/3275 5422/7/3279 5420/7/3277
f 5420/7/3277 5422/7/3279 5426/7/3283 5424/7/3281
f 5424/7/3281 5426/7/3283 5430/7/3287 5428/7/3285
f 5428/7/3285 5430/7/3287 5434/7/3291 5432/7/3289
f 5432/7/3289 5434/7/3291 5438/7/3295 5436/7/3293
f 5436/7/3293 5438/7/3295 5442/7/3299 5440/7/3297
f 5440/7/3297 5442/7/3299 5446/7/3303 5444/7/3301
f 5444/7/3301 5446/7/3303 5450/7/3307 5448/7/3305
f 5448/7/3305 5450/7/3307 5454/7/3311 5452/7/3309
f 5452/7/3309 5454/7/3311 5458/7/3315 5456/7/3313
f 5456/7/3313 5458/7/3315 5462/7/3319 5460/7/3317
f 5460/7/3317 5462/7/3319 5466/7/3323 5464/7/3321
f 5464/7/3321 5466/7/3323 5470/7/3327 5468/7/3325
f 5468/7/3325 5470/7/3327 5474/7/3331 5472/7/3329
f 5472/7/3329 5474/7/3331 5478/7/3335 5476/7/3333
f 5476/7/3333 5478/7/3335 5482/7/3339 5480/7/3337
f 5480/7/3337 5482/7/3339 5486/7/3343 5484/7/3341
f 5484/7/3341 5486/7/3343 5490/7/3347 5488/7/3345
f 5491/3/482 5497/3/3352 5498/3/3353 5492/3/3348
f 5492/3/3348 5498/3/3353 5499/3/3354 5493/3/3349
f 5493/3/3349 5499/3/3354 5500/3/3355 5494/3/491
f 5494/3/491 5500/3/3355 5501/3/3356 5495/3/3350
f 5495/3/3350 5501/3/3356 5502/3/3357 5496/3/3351
f 5496/3/3351 5502/3/3357 5497/3/3352 5491/3/482
f 5497/3/3352 5503/3/3358 5504/3/3359 5498/3/3353
f 5498/3/3353 5504/3/3359 5505/3/3360 5499/3/3354
f 5499/3/3354 5505/3/3360 5506/3/3361 5500/3/3355
f 5500/3/3355 5506/3/3361 5507/3/3362 5501/3/3356
f 5501/3/3356 5507/3/3362 5508/3/3363 5502/3/3357
f 5502/3/3357 5508/3/3363 5503/3/3358 5497/3/3352
f 5503/3/3358 5509/3/3364 5510/3/3365 5504/3/3359
f 5504/3/3359 5510/3/3365 5511/3/3366 5505/3/3360
f 5505/3/3360 5511/3/3366 5512/3/3367 5506/3/3361
f 5506/3/3361 5512/3/3367 5513/3/3368 5507/3/3362
f 5507/3/3362 5513/3/3368 5514/3/3369 5508/3/3363
f 5508/3/3363 5514/3/3369 5509/3/3364 5503/3/3358
f 5509/3/3364 5515/3/3370 5516/3/3371 5510/3/3365
f 5510/3/3365 5516/3/3371 5517/3/3372 5511/3/3366
f 5511/3/3366 5517/3/3372 5518/3/3373 5512/3/3367
f 5512/3/3367 5518/3/3373 5519/3/3374 5513/3/3368
f 5513/3/3368 5519/3/3374 5520/3/3375 5514/3/3369
f 5514/3/3369 5520/3/3375 5515/3/3370 5509/3/3364
f 5515/3/3370 5521/3/3376 5522/3/3377 5516/3/3371
f 5516/3/3371 5522/3/3377 5523/3/3378 5517/3/3372
f 5517/3/3372 5523/3/3378 5524/3/3379 5518/3/3373
f 5518/3/3373 5524/3/3379 5525/3/3380 5519/3/3374
f 5519/3/3374 5525/3/3380 5526/3/3381 5520/3/3375
f 5520/3/3375 5526/3/3381 5521/3/3376 5515/3/3370
f 5521/3/3376 5527/3/206 5528/3/3382 5522/3/3377
f 5522/3/3377 5528/3/3382 5529/3/3383 5523/3/3378
f 5523/3/3378 5529/3/3383 5530/3/405 5524/3/3379
f 5524/3/3379 5530/3/405 5531/3/3384 5525/3/3380
f 5525/3/3380 5531/3/3384 5532/3/3385 5526/3/3381
f 5526/3/3381 5532/3/3385 5527/3/206 5521/3/3376
f 5527/3/206 5533/3/3386 5534/3/3387 5528/3/3382
f 5528/3/3382 5534/3/3387 5535/3/3388 5529/3/3383
f 5529/3/3383 5535/3/3388 5536/3/3389 5530/3/405
f 5530/3/405 5536/3/3389 5537/3/3390 5531/3/3384
f 5531/3/3384 5537/3/3390 5538/3/3391 5532/3/3385
f 5532/3/3385 5538/3/3391 5533/3/3386 5527/3/206
f 5533/3/3386 5539/3/3392 5540/3/3393 5534/3/3387
f 5534/3/3387 5540/3/3393 5541/3/3394 5535/3/3388
f 5535/3/3388 5541/3/3394 5542/3/3395 5536/3/3389
f 5536/3/3389 5542/3/3395 5543/3/3396 5537/3/3390
f 5537/3/3390 5543/3/3396 5544/3/3397 5538/3/3391
f 5538/3/3391 5544/3/3397 5539/3/3392 5533/3/3386
f 5539/3/3392 5545/3/3398 5546/3/3399 5540/3/3393
f 5540/3/3393 5546/3/3399 5547/3/3400 5541/3/3394
f 5541/3/3394 5547/3/3400 5548/3/3401 5542/3/3395
f 5542/3/3395 5548/3/3401 5549/3/3402 5543/3/3396
f 5543/3/3396 5549/3/3402 5550/3/3403 5544/3/3397
f 5544/3/3397 5550/3/3403 5545/3/3398 5539/3/3392
f 5545/3/3398 5551/3/3404 5552/3/3405 5546/3/3399
f 5546/3/3399 5552/3/3405 5553/3/3406 5547/3/3400
f 5547/3/3400 5553/3/3406 5554/3/3407 5548/3/3401
f 5548/3/3401 5554/3/3407 5555/3/3408 5549/3/3402
f 5549/3/3402 5555/3/3408 5556/3/3409 5550/3/3403
f 5550/3/3403 5556/3/3409 5551/3/3404 5545/3/3398
f 5551/3/3404 5557/3/3410 5558/3/3411 5552/3/3405
f 5552/3/3405 5558/3/3411 5559/3/3412 5553/3/3406
f 5553/3/3406 5559/3/3412 5560/3/3413 5554/3/3407
f 5554/3/3407 5560/3/3413 5561/3/3414 5555/3/3408
f 5555/3/3408 5561/3/3414 5562/3/3415 5556/3/3409
f 5556/3/3409 5562/3/3415 5557/3/3410 5551/3/3404
f 5557/3/3410 5563/3/491 5564/3/3416 5558/3/3411
f 5558/3/3411 5564/3/3416 5565/3/3417 5559/3/3412
f 5559/3/3412 5565/3/3417 5566/3/482 5560/3/3413
f 5560/3/3413 5566/3/482 5567/3/3418 5561/3/3414
f 5561/3/3414 5567/3/3418 5568/3/3419 5562/3/3415
f 5562/3/3415 5568/3/3419 5563/3/491 5557/3/3410
f 5563/3/491 5569/3/3355 5570/3/3420 5564/3/3416
f 5564/3/3416 5570/3/3420 5571/3/3421 5565/3/3417
f 5565/3/3417 5571/3/3421 5572/3/3352 5566/3/482
f 5566/3/482 5572/3/3352 5573/3/3422 5567/3/3418
f 5567/3/3418 5573/3/3422 5574/3/3423 5568/3/3419
f 5568/3/3419 5574/3/3423 5569/3/3355 5563/3/491
f 5569/3/3355 5575/3/3361 5576/3/3424 5570/3/3420
f 5570/3/3420 5576/3/3424 5577/3/3425 5571/3/3421
f 5571/3/3421 5577/3/3425 5578/3/3358 5572/3/3352
f 5572/3/3352 5578/3/3358 5579/3/3426 5573/3/3422
f 5573/3/3422 5579/3/3426 5580/3/3427 5574/3/3423
f 5574/3/3423 5580/3/3427 5575/3/3361 5569/3/3355
f 5575/3/3361 5581/3/3367 5582/3/3428 5576/3/3424
f 5576/3/3424 5582/3/3428 5583/3/3429 5577/3/3425
f 5577/3/3425 5583/3/3429 5584/3/3364 5578/3/3358
f 5578/3/3358 5584/3/3364 5585/3/3430 5579/3/3426
f 5579/3/3426 5585/3/3430 5586/3/3431 5580/3/3427
f 5580/3/3427 5586/3/3431 5581/3/3367 5575/3/3361
f 5581/3/3367 5587/3/3373 5588/3/3432 5582/3/3428
f 5582/3/3428 5588/3/3432 5589/3/3433 5583/3/3429
f 5583/3/3429 5589/3/3433 5590/3/3370 5584/3/3364
f 5584/3/3364 5590/3/3370 5591/3/3434 5585/3/3430
f 5585/3/3430 5591/3/3434 5592/3/3435 5586/3/3431
f 5586/3/3431 5592/3/3435 5587/3/3373 5581/3/3367
f 5587/3/3373 5593/3/3379 5594/3/3436 5588/3/3432
f 5588/3/3432 5594/3/3436 5595/3/3437 5589/3/3433
f 5589/3/3433 5595/3/3437 5596/3/3376 5590/3/3370
f 5590/3/3370 5596/3/3376 5597/3/3438 5591/3/3434
f 5591/3/3434 5597/3/3438 5598/3/3439 5592/3/3435
f 5592/3/3435 5598/3/3439 5593/3/3379 5587/3/3373
f 5593/3/3379 5599/3/405 5600/3/3440 5594/3/3436
f 5594/3/3436 5600/3/3440 5601/3/3441 5595/3/3437
f 5595/3/3437 5601/3/3441 5602/3/206 5596/3/3376
f 5596/3/3376 5602/3/206 5603/3/3442 5597/3/3438
f 5597/3/3438 5603/3/3442 5604/3/3443 5598/3/3439
f 5598/3/3439 5604/3/3443 5599/3/405 5593/3/3379
f 5599/3/405 5605/3/3389 5606/3/3444 5600/3/3440
f 5600/3/3440 5606/3/3444 5607/3/3445 5601/3/3441
f 5601/3/3441 5607/3/3445 5608/3/3386 5602/3/206
f 5602/3/206 5608/3/3386 5609/3/3446 5603/3/3442
f 5603/3/3442 5609/3/3446 5610/3/3447 5604/3/3443
f 5604/3/3443 5610/3/3447 5605/3/3389 5599/3/405
f 5605/3/3389 5611/3/3395 5612/3/3448 5606/3/3444
f 5606/3/3444 5612/3/3448 5613/3/3449 5607/3/3445
f 5607/3/3445 5613/3/3449 5614/3/3392 5608/3/3386
f 5608/3/3386 5614/3/3392 5615/3/3450 5609/3/3446
f 5609/3/3446 5615/3/3450 5616/3/3451 5610/3/3447
f 5610/3/3447 5616/3/3451 5611/3/3395 5605/3/3389
f 5611/3/3395 5617/3/3401 5618/3/3452 5612/3/3448
f 5612/3/3448 5618/3/3452 5619/3/3453 5613/3/3449
f 5613/3/3449 5619/3/3453 5620/3/3398 5614/3/3392
f 5614/3/3392 5620/3/3398 5621/3/3454 5615/3/3450
f 5615/3/3450 5621/3/3454 5622/3/3455 5616/3/3451
f 5616/3/3451 5622/3/3455 5617/3/3401 5611/3/3395
f 5617/3/3401 5623/3/3407 5624/3/3456 5618/3/3452
f 5618/3/3452 5624/3/3456 5625/3/3457 5619/3/3453
f 5619/3/3453 5625/3/3457 5626/3/3404 5620/3/3398
f 5620/3/3398 5626/3/3404 5627/3/3458 5621/3/3454
f 5621/3/3454 5627/3/3458 5628/3/3459 5622/3/3455
f 5622/3/3455 5628/3/3459 5623/3/3407 5617/3/3401
f 5623/3/3407 5629/3/3413 5630/3/3460 5624/3/3456
f 5624/3/3456 5630/3/3460 5631/3/3461 5625/3/3457
f 5625/3/3457 5631/3/3461 5632/3/3410 5626/3/3404
f 5626/3/3404 5632/3/3410 5633/3/3462 5627/3/3458
f 5627/3/3458 5633/3/3462 5634/3/3463 5628/3/3459
f 5628/3/3459 5634/3/3463 5629/3/3413 5623/3/3407
f 5629/3/3413 5491/3/482 5492/3/3348 5630/3/3460
f 5630/3/3460 5492/3/3348 5493/3/3349 5631/3/3461
f 5631/3/3461 5493/3/3349 5494/3/491 5632/3/3410
f 5632/3/3410 5494/3/491 5495/3/3350 5633/3/3462
f 5633/3/3462 5495/3/3350 5496/3/3351 5634/3/3463
f 5634/3/3463 5496/3/3351 5491/3/482 5629/3/3413
f 5635/3/482 5641/3/3352 5642/3/3353 5636/3/3348
f 5636/3/3348 5642/3/3353 5643/3/3354 5637/3/3349
f 5637/3/3349 5643/3/3354 5644/3/3355 5638/3/491
f 5638/3/491 5644/3/3355 5645/3/3356 5639/3/3350
f 5639/3/3350 5645/3/3356 5646/3/3357 5640/3/3351
f 5640/3/3351 5646/3/3357 5641/3/3352 5635/3/482
f 5641/3/3352 5647/3/3358 5648/3/3359 5642/3/3353
f 5642/3/3353 5648/3/3359 5649/3/3360 5643/3/3354
f 5643/3/3354 5649/3/3360 5650/3/3361 5644/3/3355
f 5644/3/3355 5650/3/3361 5651/3/3362 5645/3/3356
f 5645/3/3356 5651/3/3362 5652/3/3363 5646/3/3357
f 5646/3/3357 5652/3/3363 5647/3/3358 5641/3/3352
f 5647/3/3358 5653/3/3364 5654/3/3365 5648/3/3359
f 5648/3/3359 5654/3/3365 5655/3/3366 5649/3/3360
f 5649/3/3360 5655/3/3366 5656/3/3367 5650/3/3361
f 5650/3/3361 5656/3/3367 5657/3/3368 5651/3/3362
f 5651/3/3362 5657/3/3368 5658/3/3369 5652/3/3363
f 5652/3/3363 5658/3/3369 5653/3/3364 5647/3/3358
f 5653/3/3364 5659/3/3370 5660/3/3464 5654/3/3365
f 5654/3/3365 5660/3/3464 5661/3/3372 5655/3/3366
f 5655/3/3366 5661/3/3372 5662/3/3373 5656/3/3367
f 5656/3/3367 5662/3/3373 5663/3/3374 5657/3/3368
f 5657/3/3368 5663/3/3374 5664/3/3375 5658/3/3369
f 5658/3/3369 5664/3/3375 5659/3/3370 5653/3/3364
f 5659/3/3370 5665/3/3376 5666/3/3377 5660/3/3464
f 5660/3/3464 5666/3/3377 5667/3/3378 5661/3/3372
f 5661/3/3372 5667/3/3378 5668/3/3379 5662/3/3373
f 5662/3/3373 5668/3/3379 5669/3/3380 5663/3/3374
f 5663/3/3374 5669/3/3380 5670/3/3381 5664/3/3375
f 5664/3/3375 5670/3/3381 5665/3/3376 5659/3/3370
f 5665/3/3376 5671/3/206 5672/3/3382 5666/3/3377
f 5666/3/3377 5672/3/3382 5673/3/3383 5667/3/3378
f 5667/3/3378 5673/3/3383 5674/3/405 5668/3/3379
f 5668/3/3379 5674/3/405 5675/3/3384 5669/3/3380
f 5669/3/3380 5675/3/3384 5676/3/3385 5670/3/3381
f 5670/3/3381 5676/3/3385 5671/3/206 5665/3/3376
f 5671/3/206 5677/3/3386 5678/3/3387 5672/3/3382
f 5672/3/3382 5678/3/3387 5679/3/3388 5673/3/3383
f 5673/3/3383 5679/3/3388 5680/3/3389 5674/3/405
f 5674/3/405 5680/3/3389 5681/3/3390 5675/3/3384
f 5675/3/3384 5681/3/3390 5682/3/3391 5676/3/3385
f 5676/3/3385 5682/3/3391 5677/3/3386 5671/3/206
f 5677/3/3386 5683/3/3392 5684/3/3393 5678/3/3387
f 5678/3/3387 5684/3/3393 5685/3/3394 5679/3/3388
f 5679/3/3388 5685/3/3394 5686/3/3395 5680/3/3389
f 5680/3/3389 5686/3/3395 5687/3/3396 5681/3/3390
f 5681/3/3390 5687/3/3396 5688/3/3397 5682/3/3391
f 5682/3/3391 5688/3/3397 5683/3/3392 5677/3/3386
f 5683/3/3392 5689/3/3398 5690/3/3399 5684/3/3393
f 5684/3/3393 5690/3/3399 5691/3/3400 5685/3/3394
f 5685/3/3394 5691/3/3400 5692/3/3401 5686/3/3395
f 5686/3/3395 5692/3/3401 5693/3/3402 5687/3/3396
f 5687/3/3396 5693/3/3402 5694/3/3403 5688/3/3397
f 5688/3/3397 5694/3/3403 5689/3/3398 5683/3/3392
f 5689/3/3398 5695/3/3404 5696/3/3405 5690/3/3399
f 5690/3/3399 5696/3/3405 5697/3/3406 5691/3/3400
f 5691/3/3400 5697/3/3406 5698/3/3407 5692/3/3401
f 5692/3/3401 5698/3/3407 5699/3/3408 5693/3/3402
f 5693/3/3402 5699/3/3408 5700/3/3409 5694/3/3403
f 5694/3/3403 5700/3/3409 5695/3/3404 5689/3/3398
f 5695/3/3404 5701/3/3410 5702/3/3411 5696/3/3405
f 5696/3/3405 5702/3/3411 5703/3/3412 5697/3/3406
f 5697/3/3406 5703/3/3412 5704/3/3413 5698/3/3407
f 5698/3/3407 5704/3/3413 5705/3/3414 5699/3/3408
f 5699/3/3408 5705/3/3414 5706/3/3415 5700/3/3409
f 5700/3/3409 5706/3/3415 5701/3/3410 5695/3/3404
f 5701/3/3410 5707/3/491 5708/3/3416 5702/3/3411
f 5702/3/3411 5708/3/3416 5709/3/3417 5703/3/3412
f 5703/3/3412 5709/3/3417 5710/3/482 5704/3/3413
f 5704/3/3413 5710/3/482 5711/3/3418 5705/3/3414
f 5705/3/3414 5711/3/3418 5712/3/3419 5706/3/3415
f 5706/3/3415 5712/3/3419 5707/3/491 5701/3/3410
f 5707/3/491 5713/3/3355 5714/3/3420 5708/3/3416
f 5708/3/3416 5714/3/3420 5715/3/3421 5709/3/3417
f 5709/3/3417 5715/3/3421 5716/3/3352 5710/3/482
f 5710/3/482 5716/3/3352 5717/3/3422 5711/3/3418
f 5711/3/3418 5717/3/3422 5718/3/3423 5712/3/3419
f 5712/3/3419 5718/3/3423 5713/3/3355 5707/3/491
f 5713/3/3355 5719/3/3361 5720/3/3424 5714/3/3420
f 5714/3/3420 5720/3/3424 5721/3/3425 5715/3/3421
f 5715/3/3421 5721/3/3425 5722/3/3358 5716/3/3352
f 5716/3/3352 5722/3/3358 5723/3/3426 5717/3/3422
f 5717/3/3422 5723/3/3426 5724/3/3427 5718/3/3423
f 5718/3/3423 5724/3/3427 5719/3/3361 5713/3/3355
f 5719/3/3361 5725/3/3367 5726/3/3428 5720/3/3424
f 5720/3/3424 5726/3/3428 5727/3/3429 5721/3/3425
f 5721/3/3425 5727/3/3429 5728/3/3364 5722/3/3358
f 5722/3/3358 5728/3/3364 5729/3/3430 5723/3/3426
f 5723/3/3426 5729/3/3430 5730/3/3431 5724/3/3427
f 5724/3/3427 5730/3/3431 5725/3/3367 5719/3/3361
f 5725/3/3367 5731/3/3373 5732/3/3432 5726/3/3428
f 5726/3/3428 5732/3/3432 5733/3/3433 5727/3/3429
f 5727/3/3429 5733/3/3433 5734/3/3370 5728/3/3364
f 5728/3/3364 5734/3/3370 5735/3/3434 5729/3/3430
f 5729/3/3430 5735/3/3434 5736/3/3435 5730/3/3431
f 5730/3/3431 5736/3/3435 5731/3/3373 5725/3/3367
f 5731/3/3373 5737/3/3379 5738/3/3436 5732/3/3432
f 5732/3/3432 5738/3/3436 5739/3/3437 5733/3/3433
f 5733/3/3433 5739/3/3437 5740/3/3376 5734/3/3370
f 5734/3/3370 5740/3/3376 5741/3/3438 5735/3/3434
f 5735/3/3434 5741/3/3438 5742/3/3439 5736/3/3435
f 5736/3/3435 5742/3/3439 5737/3/3379 5731/3/3373
f 5737/3/3379 5743/3/405 5744/3/3465 5738/3/3436
f 5738/3/3436 5744/3/3465 5745/3/3441 5739/3/3437
f 5739/3/3437 5745/3/3441 5746/3/206 5740/3/3376
f 5740/3/3376 5746/3/206 5747/3/3442 5741/3/3438
f 5741/3/3438 5747/3/3442 5748/3/3443 5742/3/3439
f 5742/3/3439 5748/3/3443 5743/3/405 5737/3/3379
f 5743/3/405 5749/3/3389 5750/3/3444 5744/3/3465
f 5744/3/3465 5750/3/3444 5751/3/3445 5745/3/3441
f 5745/3/3441 5751/3/3445 5752/3/3386 5746/3/206
f 5746/3/206 5752/3/3386 5753/3/3446 5747/3/3442
f 5747/3/3442 5753/3/3446 5754/3/3447 5748/3/3443
f 5748/3/3443 5754/3/3447 5749/3/3389 5743/3/405
f 5749/3/3389 5755/3/3395 5756/3/3448 5750/3/3444
f 5750/3/3444 5756/3/3448 5757/3/3449 5751/3/3445
f 5751/3/3445 5757/3/3449 5758/3/3392 5752/3/3386
f 5752/3/3386 5758/3/3392 5759/3/3450 5753/3/3446
f 5753/3/3446 5759/3/3450 5760/3/3466 5754/3/3447
f 5754/3/3447 5760/3/3466 5755/3/3395 5749/3/3389
f 5755/3/3395 5761/3/3401 5762/3/3452 5756/3/3448
f 5756/3/3448 5762/3/3452 5763/3/3453 5757/3/3449
f 5757/3/3449 5763/3/3453 5764/3/3398 5758/3/3392
f 5758/3/3392 5764/3/3398 5765/3/3454 5759/3/3450
f 5759/3/3450 5765/3/3454 5766/3/3455 5760/3/3466
f 5760/3/3466 5766/3/3455 5761/3/3401 5755/3/3395
f 5761/3/3401 5767/3/3407 5768/3/3456 5762/3/3452
f 5762/3/3452 5768/3/3456 5769/3/3457 5763/3/3453
f 5763/3/3453 5769/3/3457 5770/3/3404 5764/3/3398
f 5764/3/3398 5770/3/3404 5771/3/3458 5765/3/3454
f 5765/3/3454 5771/3/3458 5772/3/3459 5766/3/3455
f 5766/3/3455 5772/3/3459 5767/3/3407 5761/3/3401
f 5767/3/3407 5773/3/3413 5774/3/3460 5768/3/3456
f 5768/3/3456 5774/3/3460 5775/3/3461 5769/3/3457
f 5769/3/3457 5775/3/3461 5776/3/3410 5770/3/3404
f 5770/3/3404 5776/3/3410 5777/3/3462 5771/3/3458
f 5771/3/3458 5777/3/3462 5778/3/3463 5772/3/3459
f 5772/3/3459 5778/3/3463 5773/3/3413 5767/3/3407
f 5773/3/3413 5635/3/482 5636/3/3348 5774/3/3460
f 5774/3/3460 5636/3/3348 5637/3/3349 5775/3/3461
f 5775/3/3461 5637/3/3349 5638/3/491 5776/3/3410
f 5776/3/3410 5638/3/491 5639/3/3350 5777/3/3462
f 5777/3/3462 5639/3/3350 5640/3/3351 5778/3/3463
f 5778/3/3463 5640/3/3351 5635/3/482 5773/3/3413
f 5779/7/3467 5780/7/3468 5782/7/3470 5781/7/3469
f 5781/7/3469 5782/7/3470 5784/7/3472 5783/7/3471
f 5783/7/3471 5784/7/3472 5786/7/3474 5785/7/3473
f 5785/7/3473 5786/7/3474 5788/7/3476 5787/7/3475
f 5787/7/3475 5788/7/3476 5790/7/3478 5789/7/3477
f 5789/7/3477 5790/7/3478 5792/7/3480 5791/7/3479
f 5791/7/3479 5792/7/3480 5794/7/3482 5793/7/3481
f 5793/7/3481 5794/7/3482 5796/7/3484 5795/7/3483
f 5795/7/3483 5796/7/3484 5798/7/3486 5797/7/3485
f 5797/7/3485 5798/7/3486 5800/7/3488 5799/7/3487
f 5799/7/3487 5800/7/3488 5802/7/3490 5801/7/3489
f 5801/7/3489 5802/7/3490 5804/7/3492 5803/7/3491
f 5803/7/3491 5804/7/3492 5806/7/3494 5805/7/3493
f 5805/7/3493 5806/7/3494 5808/7/3496 5807/7/3495
f 5807/7/3495 5808/7/3496 5810/7/3498 5809/7/3497
f 5809/7/3497 5810/7/3498 5812/7/3500 5811/7/3499
f 5811/7/3499 5812/7/3500 5814/7/3502 5813/7/3501
f 5813/7/3501 5814/7/3502 5816/7/3504 5815/7/3503
f 5782/7/3470 5780/7/3468 5818/7/3506 5816/7/3504 5814/7/3502 5812/7/3500 5810/7/3498 5808/7/3496 5806/7/3494 5804/7/3492 5802/7/3490 5800/7/3488 5798/7/3486 5796/7/3484 5794/7/3482 5792/7/3480 5790/7/3478 5788/7/3476 5786/7/3474 5784/7/3472
f 5815/7/3503 5816/7/3504 5818/7/3506 5817/7/3505
f 5817/7/3505 5818/7/3506 5780/7/3468 5779/7/3467
f 5779/7/3467 5781/7/3469 5783/7/3471 5785/7/3473 5787/7/3475 5789/7/3477 5791/7/3479 5793/7/3481 5795/7/3483 5797/7/3485 5799/7/3487 5801/7/3489 5803/7/3491 5805/7/3493 5807/7/3495 5809/7/3497 5811/7/3499 5813/7/3501 5815/7/3503 5817/7/3505
f 5819/8/3507 5820/8/3508 5822/8/3510 5821/8/3509
f 5821/8/3509 5822/8/3510 5824/8/3512 5823/8/3511
f 5823/8/3511 5824/8/3512 5826/8/3514 5825/8/3513
f 5825/8/3513 5826/8/3514 5828/8/3516 5827/8/3515
f 5827/8/3515 5828/8/3516 5830/8/3518 5829/8/3517
f 5829/8/3517 5830/8/3518 5832/8/3520 5831/8/3519
f 5831/8/3519 5832/8/3520 5834/8/3522 5833/8/3521
f 5833/8/3521 5834/8/3522 5836/8/3524 5835/8/3523
f 5835/8/3523 5836/8/3524 5838/8/3526 5837/8/3525
f 5837/8/3525 5838/8/3526 5840/8/3528 5839/8/3527
f 5839/8/3527 5840/8/3528 5842/8/3530 5841/8/3529
f 5841/8/3529 5842/8/3530 5844/8/3532 5843/8/3531
f 5843/8/3531 5844/8/3532 5846/8/3534 5845/8/3533
f 5845/8/3533 5846/8/3534 5848/8/3536 5847/8/3535
f 5847/8/3535 5848/8/3536 5850/8/3538 5849/8/3537
f 5849/8/3537 5850/8/3538 5852/8/3540 5851/8/3539
f 5851/8/3539 5852/8/3540 5854/8/3542 5853/8/3541
f 5853/8/3541 5854/8/3542 5856/8/3544 5855/8/3543
f 5822/8/3510 5820/8/3508 5858/8/3546 5856/8/3544 5854/8/3542 5852/8/3540 5850/8/3538 5848/8/3536 5846/8/3534 5844/8/3532 5842/8/3530 5840/8/3528 5838/8/3526 5836/8/3524 5834/8/3522 5832/8/3520 5830/8/3518 5828/8/3516 5826/8/3514 5824/8/3512
f 5855/8/3543 5856/8/3544 5858/8/3546 5857/8/3545
f 5857/8/3545 5858/8/3546 5820/8/3508 5819/8/3507
f 5819/8/3507 5821/8/3509 5823/8/3511 5825/8/3513 5827/8/3515 5829/8/3517 5831/8/3519 5833/8/3521 5835/8/3523 5837/8/3525 5839/8/3527 5841/8/3529 5843/8/3531 5845/8/3533 5847/8/3535 5849/8/3537 5851/8/3539 5853/8/3541 5855/8/3543 5857/8/3545
f 5859/8/482 5865/8/3352 5866/8/3353 5860/8/3547
f 5860/8/3547 5866/8/3353 5867/8/3354 5861/8/3349
f 5861/8/3349 5867/8/3354 5868/8/3355 5862/8/491
f 5862/8/491 5868/8/3355 5869/8/3356 5863/8/3350
f 5863/8/3350 5869/8/3356 5870/8/3357 5864/8/3548
f 5864/8/3548 5870/8/3357 5865/8/3352 5859/8/482
f 5865/8/3352 5871/8/3358 5872/8/3359 5866/8/3353
f 5866/8/3353 5872/8/3359 5873/8/3360 5867/8/3354
f 5867/8/3354 5873/8/3360 5874/8/3361 5868/8/3355
f 5868/8/3355 5874/8/3361 5875/8/3362 5869/8/3356
f 5869/8/3356 5875/8/3362 5876/8/3549 5870/8/3357
f 5870/8/3357 5876/8/3549 5871/8/3358 5865/8/3352
f 5871/8/3358 5877/8/3364 5878/8/3365 5872/8/3359
f 5872/8/3359 5878/8/3365 5879/8/3366 5873/8/3360
f 5873/8/3360 5879/8/3366 5880/8/3367 5874/8/3361
f 5874/8/3361 5880/8/3367 5881/8/3368 5875/8/3362
f 5875/8/3362 5881/8/3368 5882/8/3369 5876/8/3549
f 5876/8/3549 5882/8/3369 5877/8/3364 5871/8/3358
f 5877/8/3364 5883/8/3370 5884/8/3371 5878/8/3365
f 5878/8/3365 5884/8/3371 5885/8/3372 5879/8/3366
f 5879/8/3366 5885/8/3372 5886/8/3373 5880/8/3367
f 5880/8/3367 5886/8/3373 5887/8/3374 5881/8/3368
f 5881/8/3368 5887/8/3374 5888/8/3375 5882/8/3369
f 5882/8/3369 5888/8/3375 5883/8/3370 5877/8/3364
f 5883/8/3370 5889/8/3376 5890/8/3377 5884/8/3371
f 5884/8/3371 5890/8/3377 5891/8/3378 5885/8/3372
f 5885/8/3372 5891/8/3378 5892/8/3379 5886/8/3373
f 5886/8/3373 5892/8/3379 5893/8/3380 5887/8/3374
f 5887/8/3374 5893/8/3380 5894/8/3381 5888/8/3375
f 5888/8/3375 5894/8/3381 5889/8/3376 5883/8/3370
f 5889/8/3376 5895/8/206 5896/8/3550 5890/8/3377
f 5890/8/3377 5896/8/3550 5897/8/3383 5891/8/3378
f 5891/8/3378 5897/8/3383 5898/8/405 5892/8/3379
f 5892/8/3379 5898/8/405 5899/8/3384 5893/8/3380
f 5893/8/3380 5899/8/3384 5900/8/3551 5894/8/3381
f 5894/8/3381 5900/8/3551 5895/8/206 5889/8/3376
f 5895/8/206 5901/8/3386 5902/8/3387 5896/8/3550
f 5896/8/3550 5902/8/3387 5903/8/3388 5897/8/3383
f 5897/8/3383 5903/8/3388 5904/8/3389 5898/8/405
f 5898/8/405 5904/8/3389 5905/8/3390 5899/8/3384
f 5899/8/3384 5905/8/3390 5906/8/3391 5900/8/3551
f 5900/8/3551 5906/8/3391 5901/8/3386 5895/8/206
f 5901/8/3386 5907/8/3392 5908/8/3552 5902/8/3387
f 5902/8/3387 5908/8/3552 5909/8/3394 5903/8/3388
f 5903/8/3388 5909/8/3394 5910/8/3395 5904/8/3389
f 5904/8/3389 5910/8/3395 5911/8/3396 5905/8/3390
f 5905/8/3390 5911/8/3396 5912/8/3553 5906/8/3391
f 5906/8/3391 5912/8/3553 5907/8/3392 5901/8/3386
f 5907/8/3392 5913/8/3398 5914/8/3399 5908/8/3552
f 5908/8/3552 5914/8/3399 5915/8/3400 5909/8/3394
f 5909/8/3394 5915/8/3400 5916/8/3401 5910/8/3395
f 5910/8/3395 5916/8/3401 5917/8/3402 5911/8/3396
f 5911/8/3396 5917/8/3402 5918/8/3403 5912/8/3553
f 5912/8/3553 5918/8/3403 5913/8/3398 5907/8/3392
f 5913/8/3398 5919/8/3404 5920/8/3554 5914/8/3399
f 5914/8/3399 5920/8/3554 5921/8/3406 5915/8/3400
f 5915/8/3400 5921/8/3406 5922/8/3407 5916/8/3401
f 5916/8/3401 5922/8/3407 5923/8/3408 5917/8/3402
f 5917/8/3402 5923/8/3408 5924/8/3555 5918/8/3403
f 5918/8/3403 5924/8/3555 5919/8/3404 5913/8/3398
f 5919/8/3404 5925/8/3410 5926/8/3411 5920/8/3554
f 5920/8/3554 5926/8/3411 5927/8/3412 5921/8/3406
f 5921/8/3406 5927/8/3412 5928/8/3413 5922/8/3407
f 5922/8/3407 5928/8/3413 5929/8/3414 5923/8/3408
f 5923/8/3408 5929/8/3414 5930/8/3415 5924/8/3555
f 5924/8/3555 5930/8/3415 5925/8/3410 5919/8/3404
f 5925/8/3410 5931/8/491 5932/8/3416 5926/8/3411
f 5926/8/3411 5932/8/3416 5933/8/3417 5927/8/3412
f 5927/8/3412 5933/8/3417 5934/8/482 5928/8/3413
f 5928/8/3413 5934/8/482 5935/8/3418 5929/8/3414
f 5929/8/3414 5935/8/3418 5936/8/3419 5930/8/3415
f 5930/8/3415 5936/8/3419 5931/8/491 5925/8/3410
f 5931/8/491 5937/8/3355 5938/8/3420 5932/8/3416
f 5932/8/3416 5938/8/3420 5939/8/3421 5933/8/3417
f 5933/8/3417 5939/8/3421 5940/8/3352 5934/8/482
f 5934/8/482 5940/8/3352 5941/8/3422 5935/8/3418
f 5935/8/3418 5941/8/3422 5942/8/3423 5936/8/3419
f 5936/8/3419 5942/8/3423 5937/8/3355 5931/8/491
f 5937/8/3355 5943/8/3361 5944/8/3556 5938/8/3420
f 5938/8/3420 5944/8/3556 5945/8/3425 5939/8/3421
f 5939/8/3421 5945/8/3425 5946/8/3358 5940/8/3352
f 5940/8/3352 5946/8/3358 5947/8/3426 5941/8/3422
f 5941/8/3422 5947/8/3426 5948/8/3557 5942/8/3423
f 5942/8/3423 5948/8/3557 5943/8/3361 5937/8/3355
f 5943/8/3361 5949/8/3367 5950/8/3428 5944/8/3556
f 5944/8/3556 5950/8/3428 5951/8/3429 5945/8/3425
f 5945/8/3425 5951/8/3429 5952/8/3364 5946/8/3358
f 5946/8/3358 5952/8/3364 5953/8/3430 5947/8/3426
f 5947/8/3426 5953/8/3430 5954/8/3431 5948/8/3557
f 5948/8/3557 5954/8/3431 5949/8/3367 5943/8/3361
f 5949/8/3367 5955/8/3373 5956/8/3558 5950/8/3428
f 5950/8/3428 5956/8/3558 5957/8/3433 5951/8/3429
f 5951/8/3429 5957/8/3433 5958/8/3370 5952/8/3364
f 5952/8/3364 5958/8/3370 5959/8/3434 5953/8/3430
f 5953/8/3430 5959/8/3434 5960/8/3559 5954/8/3431
f 5954/8/3431 5960/8/3559 5955/8/3373 5949/8/3367
f 5955/8/3373 5961/8/3379 5962/8/3436 5956/8/3558
f 5956/8/3558 5962/8/3436 5963/8/3437 5957/8/3433
f 5957/8/3433 5963/8/3437 5964/8/3376 5958/8/3370
f 5958/8/3370 5964/8/3376 5965/8/3438 5959/8/3434
f 5959/8/3434 5965/8/3438 5966/8/3439 5960/8/3559
f 5960/8/3559 5966/8/3439 5961/8/3379 5955/8/3373
f 5961/8/3379 5967/8/405 5968/8/3465 5962/8/3436
f 5962/8/3436 5968/8/3465 5969/8/3441 5963/8/3437
f 5963/8/3437 5969/8/3441 5970/8/206 5964/8/3376
f 5964/8/3376 5970/8/206 5971/8/3442 5965/8/3438
f 5965/8/3438 5971/8/3442 5972/8/3560 5966/8/3439
f 5966/8/3439 5972/8/3560 5967/8/405 5961/8/3379
f 5967/8/405 5973/8/3389 5974/8/3444 5968/8/3465
f 5968/8/3465 5974/8/3444 5975/8/3445 5969/8/3441
f 5969/8/3441 5975/8/3445 5976/8/3386 5970/8/206
f 5970/8/206 5976/8/3386 5977/8/3446 5971/8/3442
f 5971/8/3442 5977/8/3446 5978/8/3447 5972/8/3560
f 5972/8/3560 5978/8/3447 5973/8/3389 5967/8/405
f 5973/8/3389 5979/8/3395 5980/8/3561 5974/8/3444
f 5974/8/3444 5980/8/3561 5981/8/3449 5975/8/3445
f 5975/8/3445 5981/8/3449 5982/8/3392 5976/8/3386
f 5976/8/3386 5982/8/3392 5983/8/3450 5977/8/3446
f 5977/8/3446 5983/8/3450 5984/8/3466 5978/8/3447
f 5978/8/3447 5984/8/3466 5979/8/3395 5973/8/3389
f 5979/8/3395 5985/8/3401 5986/8/3452 5980/8/3561
f 5980/8/3561 5986/8/3452 5987/8/3453 5981/8/3449
f 5981/8/3449 5987/8/3453 5988/8/3398 5982/8/3392
f 5982/8/3392 5988/8/3398 5989/8/3454 5983/8/3450
f 5983/8/3450 5989/8/3454 5990/8/3455 5984/8/3466
f 5984/8/3466 5990/8/3455 5985/8/3401 5979/8/3395
f 5985/8/3401 5991/8/3407 5992/8/3562 5986/8/3452
f 5986/8/3452 5992/8/3562 5993/8/3457 5987/8/3453
f 5987/8/3453 5993/8/3457 5994/8/3404 5988/8/3398
f 5988/8/3398 5994/8/3404 5995/8/3458 5989/8/3454
f 5989/8/3454 5995/8/3458 5996/8/3563 5990/8/3455
f 5990/8/3455 5996/8/3563 5991/8/3407 5985/8/3401
f 5991/8/3407 5997/8/3413 5998/8/3460 5992/8/3562
f 5992/8/3562 5998/8/3460 5999/8/3461 5993/8/3457
f 5993/8/3457 5999/8/3461 6000/8/3410 5994/8/3404
f 5994/8/3404 6000/8/3410 6001/8/3462 5995/8/3458
f 5995/8/3458 6001/8/3462 6002/8/3463 5996/8/3563
f 5996/8/3563 6002/8/3463 5997/8/3413 5991/8/3407
f 5997/8/3413 5859/8/482 5860/8/3547 5998/8/3460
f 5998/8/3460 5860/8/3547 5861/8/3349 5999/8/3461
f 5999/8/3461 5861/8/3349 5862/8/491 6000/8/3410
f 6000/8/3410 5862/8/491 5863/8/3350 6001/8/3462
f 6001/8/3462 5863/8/3350 5864/8/3548 6002/8/3463
f 6002/8/3463 5864/8/3548 5859/8/482 5997/8/3413
f 6004/7/3269 6008/7/3273 6007/7/3272 6003/7/3268
f 6010/7/3275 6006/7/3271 6005/7/3270 6009/7/3274
f 6008/7/3273 6012/7/3277 6011/7/3276 6007/7/3272
f 6014/7/3279 6010/7/3275 6009/7/3274 6013/7/3278
f 6012/7/3277 6016/7/3281 6015/7/3280 6011/7/3276
f 6018/7/3283 6014/7/3279 6013/7/3278 6017/7/3282
f 6016/7/3281 6020/7/3285 6019/7/3284 6015/7/3280
f 6022/7/3287 6018/7/3283 6017/7/3282 6021/7/3286
f 6020/7/3285 6024/7/3289 6023/7/3288 6019/7/3284
f 6026/7/3291 6022/7/3287 6021/7/3286 6025/7/3290
f 6024/7/3289 6028/7/3293 6027/7/3292 6023/7/3288
f 6030/7/3295 6026/7/3291 6025/7/3290 6029/7/3294
f 6028/7/3293 6032/7/3297 6031/7/3296 6027/7/3292
f 6034/7/3299 6030/7/3295 6029/7/3294 6033/7/3298
f 6032/7/3297 6036/7/3301 6035/7/3300 6031/7/3296
f 6038/7/3303 6034/7/3299 6033/7/3298 6037/7/3302
f 6036/7/3301 6040/7/3305 6039/7/3304 6035/7/3300
f 6042/7/3307 6038/7/3303 6037/7/3302 6041/7/3306
f 6040/7/3305 6044/7/3309 6043/7/3308 6039/7/3304
f 6046/7/3311 6042/7/3307 6041/7/3306 6045/7/3310
f 6044/7/3309 6048/7/3313 6047/7/3312 6043/7/3308
f 6050/7/3315 6046/7/3311 6045/7/3310 6049/7/3314
f 6048/7/3313 6052/7/3317 6051/7/3316 6047/7/3312
f 6054/7/3319 6050/7/3315 6049/7/3314 6053/7/3318
f 6052/7/3317 6056/7/3321 6055/7/3320 6051/7/3316
f 6058/7/3323 6054/7/3319 6053/7/3318 6057/7/3322
f 6056/7/3321 6060/7/3325 6059/7/3324 6055/7/3320
f 6062/7/3327 6058/7/3323 6057/7/3322 6061/7/3326
f 6060/7/3325 6064/7/3329 6063/7/3328 6059/7/3324
f 6066/7/3331 6062/7/3327 6061/7/3326 6065/7/3330
f 6064/7/3329 6068/7/3333 6067/7/3332 6063/7/3328
f 6070/7/3335 6066/7/3331 6065/7/3330 6069/7/3334
f 6068/7/3333 6072/7/3337 6071/7/3336 6067/7/3332
f 6074/7/3339 6070/7/3335 6069/7/3334 6073/7/3338
f 6072/7/3337 6076/7/3341 6075/7/3340 6071/7/3336
f 6078/7/3343 6074/7/3339 6073/7/3338 6077/7/3342
f 6076/7/3341 6080/7/3345 6079/7/3344 6075/7/3340
f 6082/7/3347 6078/7/3343 6077/7/3342 6081/7/3346
f 6080/7/3345 6004/7/3269 6003/7/3268 6079/7/3344
f 6006/7/3271 6082/7/3347 6081/7/3346 6005/7/3270
f 6003/7/3268 6007/7/3272 6011/7/3276 6015/7/3280 6019/7/3284 6023/7/3288 6027/7/3292 6031/7/3296 6035/7/3300 6039/7/3304 6043/7/3308 6047/7/3312 6051/7/3316 6055/7/3320 6059/7/3324 6063/7/3328 6067/7/3332 6071/7/3336 6075/7/3340 6079/7/3344
f 6004/7/3269 6006/7/3271 6010/7/3275 6008/7/3273
f 6080/7/3345 6082/7/3347 6006/7/3271 6004/7/3269
f 6009/7/3274 6005/7/3270 6081/7/3346 6077/7/3342 6073/7/3338 6069/7/3334 6065/7/3330 6061/7/3326 6057/7/3322 6053/7/3318 6049/7/3314 6045/7/3310 6041/7/3306 6037/7/3302 6033/7/3298 6029/7/3294 6025/7/3290 6021/7/3286 6017/7/3282 6013/7/3278
f 6008/7/3273 6010/7/3275 6014/7/3279 6012/7/3277
f 6012/7/3277 6014/7/3279 6018/7/3283 6016/7/3281
f 6016/7/3281 6018/7/3283 6022/7/3287 6020/7/3285
f 6020/7/3285 6022/7/3287 6026/7/3291 6024/7/3289
f 6024/7/3289 6026/7/3291 6030/7/3295 6028/7/3293
f 6028/7/3293 6030/7/3295 6034/7/3299 6032/7/3297
f 6032/7/3297 6034/7/3299 6038/7/3303 6036/7/3301
f 6036/7/3301 6038/7/3303 6042/7/3307 6040/7/3305
f 6040/7/3305 6042/7/3307 6046/7/3311 6044/7/3309
f 6044/7/3309 6046/7/3311 6050/7/3315 6048/7/3313
f 6048/7/3313 6050/7/3315 6054/7/3319 6052/7/3317
f 6052/7/3317 6054/7/3319 6058/7/3323 6056/7/3321
f 6056/7/3321 6058/7/3323 6062/7/3327 6060/7/3325
f 6060/7/3325 6062/7/3327 6066/7/3331 6064/7/3329
f 6064/7/3329 6066/7/3331 6070/7/3335 6068/7/3333
f 6068/7/3333 6070/7/3335 6074/7/3339 6072/7/3337
f 6072/7/3337 6074/7/3339 6078/7/3343 6076/7/3341
f 6076/7/3341 6078/7/3343 6082/7/3347 6080/7/3345
f 6083/3/482 6089/3/3352 6090/3/3353 6084/3/3348
f 6084/3/3348 6090/3/3353 6091/3/3354 6085/3/3349
f 6085/3/3349 6091/3/3354 6092/3/3355 6086/3/491
f 6086/3/491 6092/3/3355 6093/3/3356 6087/3/3350
f 6087/3/3350 6093/3/3356 6094/3/3357 6088/3/3351
f 6088/3/3351 6094/3/3357 6089/3/3352 6083/3/482
f 6089/3/3352 6095/3/3358 6096/3/3359 6090/3/3353
f 6090/3/3353 6096/3/3359 6097/3/3360 6091/3/3354
f 6091/3/3354 6097/3/3360 6098/3/3361 6092/3/3355
f 6092/3/3355 6098/3/3361 6099/3/3362 6093/3/3356
f 6093/3/3356 6099/3/3362 6100/3/3363 6094/3/3357
f 6094/3/3357 6100/3/3363 6095/3/3358 6089/3/3352
f 6095/3/3358 6101/3/3364 6102/3/3365 6096/3/3359
f 6096/3/3359 6102/3/3365 6103/3/3366 6097/3/3360
f 6097/3/3360 6103/3/3366 6104/3/3367 6098/3/3361
f 6098/3/3361 6104/3/3367 6105/3/3368 6099/3/3362
f 6099/3/3362 6105/3/3368 6106/3/3369 6100/3/3363
f 6100/3/3363 6106/3/3369 6101/3/3364 6095/3/3358
f 6101/3/3364 6107/3/3370 6108/3/3464 6102/3/3365
f 6102/3/3365 6108/3/3464 6109/3/3372 6103/3/3366
f 6103/3/3366 6109/3/3372 6110/3/3373 6104/3/3367
f 6104/3/3367 6110/3/3373 6111/3/3374 6105/3/3368
f 6105/3/3368 6111/3/3374 6112/3/3564 6106/3/3369
f 6106/3/3369 6112/3/3564 6107/3/3370 6101/3/3364
f 6107/3/3370 6113/3/3376 6114/3/3377 6108/3/3464
f 6108/3/3464 6114/3/3377 6115/3/3378 6109/3/3372
f 6109/3/3372 6115/3/3378 6116/3/3379 6110/3/3373
f 6110/3/3373 6116/3/3379 6117/3/3380 6111/3/3374
f 6111/3/3374 6117/3/3380 6118/3/3381 6112/3/3564
f 6112/3/3564 6118/3/3381 6113/3/3376 6107/3/3370
f 6113/3/3376 6119/3/206 6120/3/3382 6114/3/3377
f 6114/3/3377 6120/3/3382 6121/3/3383 6115/3/3378
f 6115/3/3378 6121/3/3383 6122/3/405 6116/3/3379
f 6116/3/3379 6122/3/405 6123/3/3384 6117/3/3380
f 6117/3/3380 6123/3/3384 6124/3/3385 6118/3/3381
f 6118/3/3381 6124/3/3385 6119/3/206 6113/3/3376
f 6119/3/206 6125/3/3386 6126/3/3387 6120/3/3382
f 6120/3/3382 6126/3/3387 6127/3/3388 6121/3/3383
f 6121/3/3383 6127/3/3388 6128/3/3389 6122/3/405
f 6122/3/405 6128/3/3389 6129/3/3390 6123/3/3384
f 6123/3/3384 6129/3/3390 6130/3/3391 6124/3/3385
f 6124/3/3385 6130/3/3391 6125/3/3386 6119/3/206
f 6125/3/3386 6131/3/3392 6132/3/3393 6126/3/3387
f 6126/3/3387 6132/3/3393 6133/3/3394 6127/3/3388
f 6127/3/3388 6133/3/3394 6134/3/3395 6128/3/3389
f 6128/3/3389 6134/3/3395 6135/3/3396 6129/3/3390
f 6129/3/3390 6135/3/3396 6136/3/3553 6130/3/3391
f 6130/3/3391 6136/3/3553 6131/3/3392 6125/3/3386
f 6131/3/3392 6137/3/3398 6138/3/3399 6132/3/3393
f 6132/3/3393 6138/3/3399 6139/3/3400 6133/3/3394
f 6133/3/3394 6139/3/3400 6140/3/3401 6134/3/3395
f 6134/3/3395 6140/3/3401 6141/3/3402 6135/3/3396
f 6135/3/3396 6141/3/3402 6142/3/3403 6136/3/3553
f 6136/3/3553 6142/3/3403 6137/3/3398 6131/3/3392
f 6137/3/3398 6143/3/3404 6144/3/3405 6138/3/3399
f 6138/3/3399 6144/3/3405 6145/3/3406 6139/3/3400
f 6139/3/3400 6145/3/3406 6146/3/3407 6140/3/3401
f 6140/3/3401 6146/3/3407 6147/3/3408 6141/3/3402
f 6141/3/3402 6147/3/3408 6148/3/3409 6142/3/3403
f 6142/3/3403 6148/3/3409 6143/3/3404 6137/3/3398
f 6143/3/3404 6149/3/3410 6150/3/3411 6144/3/3405
f 6144/3/3405 6150/3/3411 6151/3/3412 6145/3/3406
f 6145/3/3406 6151/3/3412 6152/3/3413 6146/3/3407
f 6146/3/3407 6152/3/3413 6153/3/3414 6147/3/3408
f 6147/3/3408 6153/3/3414 6154/3/3415 6148/3/3409
f 6148/3/3409 6154/3/3415 6149/3/3410 6143/3/3404
f 6149/3/3410 6155/3/491 6156/3/3416 6150/3/3411
f 6150/3/3411 6156/3/3416 6157/3/3417 6151/3/3412
f 6151/3/3412 6157/3/3417 6158/3/482 6152/3/3413
f 6152/3/3413 6158/3/482 6159/3/3418 6153/3/3414
f 6153/3/3414 6159/3/3418 6160/3/3419 6154/3/3415
f 6154/3/3415 6160/3/3419 6155/3/491 6149/3/3410
f 6155/3/491 6161/3/3355 6162/3/3420 6156/3/3416
f 6156/3/3416 6162/3/3420 6163/3/3421 6157/3/3417
f 6157/3/3417 6163/3/3421 6164/3/3352 6158/3/482
f 6158/3/482 6164/3/3352 6165/3/3422 6159/3/3418
f 6159/3/3418 6165/3/3422 6166/3/3423 6160/3/3419
f 6160/3/3419 6166/3/3423 6161/3/3355 6155/3/491
f 6161/3/3355 6167/3/3361 6168/3/3424 6162/3/3420
f 6162/3/3420 6168/3/3424 6169/3/3425 6163/3/3421
f 6163/3/3421 6169/3/3425 6170/3/3358 6164/3/3352
f 6164/3/3352 6170/3/3358 6171/3/3426 6165/3/3422
f 6165/3/3422 6171/3/3426 6172/3/3427 6166/3/3423
f 6166/3/3423 6172/3/3427 6167/3/3361 6161/3/3355
f 6167/3/3361 6173/3/3367 6174/3/3428 6168/3/3424
f 6168/3/3424 6174/3/3428 6175/3/3429 6169/3/3425
f 6169/3/3425 6175/3/3429 6176/3/3364 6170/3/3358
f 6170/3/3358 6176/3/3364 6177/3/3430 6171/3/3426
f 6171/3/3426 6177/3/3430 6178/3/3431 6172/3/3427
f 6172/3/3427 6178/3/3431 6173/3/3367 6167/3/3361
f 6173/3/3367 6179/3/3373 6180/3/3432 6174/3/3428
f 6174/3/3428 6180/3/3432 6181/3/3433 6175/3/3429
f 6175/3/3429 6181/3/3433 6182/3/3370 6176/3/3364
f 6176/3/3364 6182/3/3370 6183/3/3434 6177/3/3430
f 6177/3/3430 6183/3/3434 6184/3/3559 6178/3/3431
f 6178/3/3431 6184/3/3559 6179/3/3373 6173/3/3367
f 6179/3/3373 6185/3/3379 6186/3/3436 6180/3/3432
f 6180/3/3432 6186/3/3436 6187/3/3437 6181/3/3433
f 6181/3/3433 6187/3/3437 6188/3/3376 6182/3/3370
f 6182/3/3370 6188/3/3376 6189/3/3438 6183/3/3434
f 6183/3/3434 6189/3/3438 6190/3/3439 6184/3/3559
f 6184/3/3559 6190/3/3439 6185/3/3379 6179/3/3373
f 6185/3/3379 6191/3/405 6192/3/3440 6186/3/3436
f 6186/3/3436 6192/3/3440 6193/3/3441 6187/3/3437
f 6187/3/3437 6193/3/3441 6194/3/206 6188/3/3376
f 6188/3/3376 6194/3/206 6195/3/3442 6189/3/3438
f 6189/3/3438 6195/3/3442 6196/3/3443 6190/3/3439
f 6190/3/3439 6196/3/3443 6191/3/405 6185/3/3379
f 6191/3/405 6197/3/3389 6198/3/3444 6192/3/3440
f 6192/3/3440 6198/3/3444 6199/3/3445 6193/3/3441
f 6193/3/3441 6199/3/3445 6200/3/3386 6194/3/206
f 6194/3/206 6200/3/3386 6201/3/3446 6195/3/3442
f 6195/3/3442 6201/3/3446 6202/3/3447 6196/3/3443
f 6196/3/3443 6202/3/3447 6197/3/3389 6191/3/405
f 6197/3/3389 6203/3/3395 6204/3/3448 6198/3/3444
f 6198/3/3444 6204/3/3448 6205/3/3449 6199/3/3445
f 6199/3/3445 6205/3/3449 6206/3/3392 6200/3/3386
f 6200/3/3386 6206/3/3392 6207/3/3450 6201/3/3446
f 6201/3/3446 6207/3/3450 6208/3/3451 6202/3/3447
f 6202/3/3447 6208/3/3451 6203/3/3395 6197/3/3389
f 6203/3/3395 6209/3/3401 6210/3/3452 6204/3/3448
f 6204/3/3448 6210/3/3452 6211/3/3453 6205/3/3449
f 6205/3/3449 6211/3/3453 6212/3/3398 6206/3/3392
f 6206/3/3392 6212/3/3398 6213/3/3454 6207/3/3450
f 6207/3/3450 6213/3/3454 6214/3/3455 6208/3/3451
f 6208/3/3451 6214/3/3455 6209/3/3401 6203/3/3395
f 6209/3/3401 6215/3/3407 6216/3/3456 6210/3/3452
f 6210/3/3452 6216/3/3456 6217/3/3457 6211/3/3453
f 6211/3/3453 6217/3/3457 6218/3/3404 6212/3/3398
f 6212/3/3398 6218/3/3404 6219/3/3458 6213/3/3454
f 6213/3/3454 6219/3/3458 6220/3/3459 6214/3/3455
f 6214/3/3455 6220/3/3459 6215/3/3407 6209/3/3401
f 6215/3/3407 6221/3/3413 6222/3/3460 6216/3/3456
f 6216/3/3456 6222/3/3460 6223/3/3461 6217/3/3457
f 6217/3/3457 6223/3/3461 6224/3/3410 6218/3/3404
f 6218/3/3404 6224/3/3410 6225/3/3462 6219/3/3458
f 6219/3/3458 6225/3/3462 6226/3/3463 6220/3/3459
f 6220/3/3459 6226/3/3463 6221/3/3413 6215/3/3407
f 6221/3/3413 6083/3/482 6084/3/3348 6222/3/3460
f 6222/3/3460 6084/3/3348 6085/3/3349 6223/3/3461
f 6223/3/3461 6085/3/3349 6086/3/491 6224/3/3410
f 6224/3/3410 6086/3/491 6087/3/3350 6225/3/3462
f 6225/3/3462 6087/3/3350 6088/3/3351 6226/3/3463
f 6226/3/3463 6088/3/3351 6083/3/482 6221/3/3413
f 6227/3/482 6233/3/3352 6234/3/3353 6228/3/3348
f 6228/3/3348 6234/3/3353 6235/3/3354 6229/3/3349
f 6229/3/3349 6235/3/3354 6236/3/3355 6230/3/491
f 6230/3/491 6236/3/3355 6237/3/3356 6231/3/3350
f 6231/3/3350 6237/3/3356 6238/3/3357 6232/3/3351
f 6232/3/3351 6238/3/3357 6233/3/3352 6227/3/482
f 6233/3/3352 6239/3/3358 6240/3/3359 6234/3/3353
f 6234/3/3353 6240/3/3359 6241/3/3360 6235/3/3354
f 6235/3/3354 6241/3/3360 6242/3/3361 6236/3/3355
f 6236/3/3355 6242/3/3361 6243/3/3362 6237/3/3356
f 6237/3/3356 6243/3/3362 6244/3/3363 6238/3/3357
f 6238/3/3357 6244/3/3363 6239/3/3358 6233/3/3352
f 6239/3/3358 6245/3/3364 6246/3/3365 6240/3/3359
f 6240/3/3359 6246/3/3365 6247/3/3366 6241/3/3360
f 6241/3/3360 6247/3/3366 6248/3/3367 6242/3/3361
f 6242/3/3361 6248/3/3367 6249/3/3368 6243/3/3362
f 6243/3/3362 6249/3/3368 6250/3/3369 6244/3/3363
f 6244/3/3363 6250/3/3369 6245/3/3364 6239/3/3358
f 6245/3/3364 6251/3/3370 6252/3/3371 6246/3/3365
f 6246/3/3365 6252/3/3371 6253/3/3372 6247/3/3366
f 6247/3/3366 6253/3/3372 6254/3/3373 6248/3/3367
f 6248/3/3367 6254/3/3373 6255/3/3374 6249/3/3368
f 6249/3/3368 6255/3/3374 6256/3/3375 6250/3/3369
f 6250/3/3369 6256/3/3375 6251/3/3370 6245/3/3364
f 6251/3/3370 6257/3/3376 6258/3/3377 6252/3/3371
f 6252/3/3371 6258/3/3377 6259/3/3378 6253/3/3372
f 6253/3/3372 6259/3/3378 6260/3/3379 6254/3/3373
f 6254/3/3373 6260/3/3379 6261/3/3380 6255/3/3374
f 6255/3/3374 6261/3/3380 6262/3/3381 6256/3/3375
f 6256/3/3375 6262/3/3381 6257/3/3376 6251/3/3370
f 6257/3/3376 6263/3/206 6264/3/3382 6258/3/3377
f 6258/3/3377 6264/3/3382 6265/3/3383 6259/3/3378
f 6259/3/3378 6265/3/3383 6266/3/405 6260/3/3379
f 6260/3/3379 6266/3/405 6267/3/3384 6261/3/3380
f 6261/3/3380 6267/3/3384 6268/3/3385 6262/3/3381
f 6262/3/3381 6268/3/3385 6263/3/206 6257/3/3376
f 6263/3/206 6269/3/3386 6270/3/3387 6264/3/3382
f 6264/3/3382 6270/3/3387 6271/3/3388 6265/3/3383
f 6265/3/3383 6271/3/3388 6272/3/3389 6266/3/405
f 6266/3/405 6272/3/3389 6273/3/3390 6267/3/3384
f 6267/3/3384 6273/3/3390 6274/3/3391 6268/3/3385
f 6268/3/3385 6274/3/3391 6269/3/3386 6263/3/206
f 6269/3/3386 6275/3/3392 6276/3/3552 6270/3/3387
f 6270/3/3387 6276/3/3552 6277/3/3394 6271/3/3388
f 6271/3/3388 6277/3/3394 6278/3/3395 6272/3/3389
f 6272/3/3389 6278/3/3395 6279/3/3396 6273/3/3390
f 6273/3/3390 6279/3/3396 6280/3/3397 6274/3/3391
f 6274/3/3391 6280/3/3397 6275/3/3392 6269/3/3386
f 6275/3/3392 6281/3/3398 6282/3/3399 6276/3/3552
f 6276/3/3552 6282/3/3399 6283/3/3400 6277/3/3394
f 6277/3/3394 6283/3/3400 6284/3/3401 6278/3/3395
f 6278/3/3395 6284/3/3401 6285/3/3402 6279/3/3396
f 6279/3/3396 6285/3/3402 6286/3/3403 6280/3/3397
f 6280/3/3397 6286/3/3403 6281/3/3398 6275/3/3392
f 6281/3/3398 6287/3/3404 6288/3/3405 6282/3/3399
f 6282/3/3399 6288/3/3405 6289/3/3406 6283/3/3400
f 6283/3/3400 6289/3/3406 6290/3/3407 6284/3/3401
f 6284/3/3401 6290/3/3407 6291/3/3408 6285/3/3402
f 6285/3/3402 6291/3/3408 6292/3/3409 6286/3/3403
f 6286/3/3403 6292/3/3409 6287/3/3404 6281/3/3398
f 6287/3/3404 6293/3/3410 6294/3/3411 6288/3/3405
f 6288/3/3405 6294/3/3411 6295/3/3412 6289/3/3406
f 6289/3/3406 6295/3/3412 6296/3/3413 6290/3/3407
f 6290/3/3407 6296/3/3413 6297/3/3414 6291/3/3408
f 6291/3/3408 6297/3/3414 6298/3/3415 6292/3/3409
f 6292/3/3409 6298/3/3415 6293/3/3410 6287/3/3404
f 6293/3/3410 6299/3/491 6300/3/3416 6294/3/3411
f 6294/3/3411 6300/3/3416 6301/3/3417 6295/3/3412
f 6295/3/3412 6301/3/3417 6302/3/482 6296/3/3413
f 6296/3/3413 6302/3/482 6303/3/3418 6297/3/3414
f 6297/3/3414 6303/3/3418 6304/3/3419 6298/3/3415
f 6298/3/3415 6304/3/3419 6299/3/491 6293/3/3410
f 6299/3/491 6305/3/3355 6306/3/3420 6300/3/3416
f 6300/3/3416 6306/3/3420 6307/3/3421 6301/3/3417
f 6301/3/3417 6307/3/3421 6308/3/3352 6302/3/482
f 6302/3/482 6308/3/3352 6309/3/3422 6303/3/3418
f 6303/3/3418 6309/3/3422 6310/3/3423 6304/3/3419
f 6304/3/3419 6310/3/3423 6305/3/3355 6299/3/491
f 6305/3/3355 6311/3/3361 6312/3/3424 6306/3/3420
f 6306/3/3420 6312/3/3424 6313/3/3425 6307/3/3421
f 6307/3/3421 6313/3/3425 6314/3/3358 6308/3/3352
f 6308/3/3352 6314/3/3358 6315/3/3426 6309/3/3422
f 6309/3/3422 6315/3/3426 6316/3/3427 6310/3/3423
f 6310/3/3423 6316/3/3427 6311/3/3361 6305/3/3355
f 6311/3/3361 6317/3/3367 6318/3/3428 6312/3/3424
f 6312/3/3424 6318/3/3428 6319/3/3429 6313/3/3425
f 6313/3/3425 6319/3/3429 6320/3/3364 6314/3/3358
f 6314/3/3358 6320/3/3364 6321/3/3430 6315/3/3426
f 6315/3/3426 6321/3/3430 6322/3/3431 6316/3/3427
f 6316/3/3427 6322/3/3431 6317/3/3367 6311/3/3361
f 6317/3/3367 6323/3/3373 6324/3/3432 6318/3/3428
f 6318/3/3428 6324/3/3432 6325/3/3433 6319/3/3429
f 6319/3/3429 6325/3/3433 6326/3/3370 6320/3/3364
f 6320/3/3364 6326/3/3370 6327/3/3434 6321/3/3430
f 6321/3/3430 6327/3/3434 6328/3/3435 6322/3/3431
f 6322/3/3431 6328/3/3435 6323/3/3373 6317/3/3367
f 6323/3/3373 6329/3/3379 6330/3/3436 6324/3/3432
f 6324/3/3432 6330/3/3436 6331/3/3437 6325/3/3433
f 6325/3/3433 6331/3/3437 6332/3/3376 6326/3/3370
f 6326/3/3370 6332/3/3376 6333/3/3438 6327/3/3434
f 6327/3/3434 6333/3/3438 6334/3/3439 6328/3/3435
f 6328/3/3435 6334/3/3439 6329/3/3379 6323/3/3373
f 6329/3/3379 6335/3/405 6336/3/3465 6330/3/3436
f 6330/3/3436 6336/3/3465 6337/3/3441 6331/3/3437
f 6331/3/3437 6337/3/3441 6338/3/206 6332/3/3376
f 6332/3/3376 6338/3/206 6339/3/3442 6333/3/3438
f 6333/3/3438 6339/3/3442 6340/3/3443 6334/3/3439
f 6334/3/3439 6340/3/3443 6335/3/405 6329/3/3379
f 6335/3/405 6341/3/3389 6342/3/3444 6336/3/3465
f 6336/3/3465 6342/3/3444 6343/3/3445 6337/3/3441
f 6337/3/3441 6343/3/3445 6344/3/3386 6338/3/206
f 6338/3/206 6344/3/3386 6345/3/3446 6339/3/3442
f 6339/3/3442 6345/3/3446 6346/3/3447 6340/3/3443
f 6340/3/3443 6346/3/3447 6341/3/3389 6335/3/405
f 6341/3/3389 6347/3/3395 6348/3/3448 6342/3/3444
f 6342/3/3444 6348/3/3448 6349/3/3449 6343/3/3445
f 6343/3/3445 6349/3/3449 6350/3/3392 6344/3/3386
f 6344/3/3386 6350/3/3392 6351/3/3450 6345/3/3446
f 6345/3/3446 6351/3/3450 6352/3/3451 6346/3/3447
f 6346/3/3447 6352/3/3451 6347/3/3395 6341/3/3389
f 6347/3/3395 6353/3/3401 6354/3/3452 6348/3/3448
f 6348/3/3448 6354/3/3452 6355/3/3453 6349/3/3449
f 6349/3/3449 6355/3/3453 6356/3/3398 6350/3/3392
f 6350/3/3392 6356/3/3398 6357/3/3454 6351/3/3450
f 6351/3/3450 6357/3/3454 6358/3/3455 6352/3/3451
f 6352/3/3451 6358/3/3455 6353/3/3401 6347/3/3395
f 6353/3/3401 6359/3/3407 6360/3/3456 6354/3/3452
f 6354/3/3452 6360/3/3456 6361/3/3457 6355/3/3453
f 6355/3/3453 6361/3/3457 6362/3/3404 6356/3/3398
f 6356/3/3398 6362/3/3404 6363/3/3458 6357/3/3454
f 6357/3/3454 6363/3/3458 6364/3/3459 6358/3/3455
f 6358/3/3455 6364/3/3459 6359/3/3407 6353/3/3401
f 6359/3/3407 6365/3/3413 6366/3/3460 6360/3/3456
f 6360/3/3456 6366/3/3460 6367/3/3461 6361/3/3457
f 6361/3/3457 6367/3/3461 6368/3/3410 6362/3/3404
f 6362/3/3404 6368/3/3410 6369/3/3462 6363/3/3458
f 6363/3/3458 6369/3/3462 6370/3/3463 6364/3/3459
f 6364/3/3459 6370/3/3463 6365/3/3413 6359/3/3407
f 6365/3/3413 6227/3/482 6228/3/3348 6366/3/3460
f 6366/3/3460 6228/3/3348 6229/3/3349 6367/3/3461
f 6367/3/3461 6229/3/3349 6230/3/491 6368/3/3410
f 6368/3/3410 6230/3/491 6231/3/3350 6369/3/3462
f 6369/3/3462 6231/3/3350 6232/3/3351 6370/3/3463
f 6370/3/3463 6232/3/3351 6227/3/482 6365/3/3413
f 6371/7/3467 6372/7/3468 6374/7/3470 6373/7/3469
f 6373/7/3469 6374/7/3470 6376/7/3472 6375/7/3471
f 6375/7/3471 6376/7/3472 6378/7/3474 6377/7/3473
f 6377/7/3473 6378/7/3474 6380/7/3476 6379/7/3475
f 6379/7/3475 6380/7/3476 6382/7/3478 6381/7/3477
f 6381/7/3477 6382/7/3478 6384/7/3480 6383/7/3479
f 6383/7/3479 6384/7/3480 6386/7/3482 6385/7/3481
f 6385/7/3481 6386/7/3482 6388/7/3484 6387/7/3483
f 6387/7/3483 6388/7/3484 6390/7/3486 6389/7/3485
f 6389/7/3485 6390/7/3486 6392/7/3488 6391/7/3487
f 6391/7/3487 6392/7/3488 6394/7/3490 6393/7/3489
f 6393/7/3489 6394/7/3490 6396/7/3492 6395/7/3491
f 6395/7/3491 6396/7/3492 6398/7/3494 6397/7/3493
f 6397/7/3493 6398/7/3494 6400/7/3496 6399/7/3495
f 6399/7/3495 6400/7/3496 6402/7/3498 6401/7/3497
f 6401/7/3497 6402/7/3498 6404/7/3500 6403/7/3499
f 6403/7/3499 6404/7/3500 6406/7/3502 6405/7/3501
f 6405/7/3501 6406/7/3502 6408/7/3504 6407/7/3503
f 6374/7/3470 6372/7/3468 6410/7/3506 6408/7/3504 6406/7/3502 6404/7/3500 6402/7/3498 6400/7/3496 6398/7/3494 6396/7/3492 6394/7/3490 6392/7/3488 6390/7/3486 6388/7/3484 6386/7/3482 6384/7/3480 6382/7/3478 6380/7/3476 6378/7/3474 6376/7/3472
f 6407/7/3503 6408/7/3504 6410/7/3506 6409/7/3505
f 6409/7/3505 6410/7/3506 6372/7/3468 6371/7/3467
f 6371/7/3467 6373/7/3469 6375/7/3471 6377/7/3473 6379/7/3475 6381/7/3477 6383/7/3479 6385/7/3481 6387/7/3483 6389/7/3485 6391/7/3487 6393/7/3489 6395/7/3491 6397/7/3493 6399/7/3495 6401/7/3497 6403/7/3499 6405/7/3501 6407/7/3503 6409/7/3505
f 6411/8/3507 6412/8/3508 6414/8/3510 6413/8/3509
f 6413/8/3509 6414/8/3510 6416/8/3512 6415/8/3511
f 6415/8/3511 6416/8/3512 6418/8/3514 6417/8/3513
f 6417/8/3513 6418/8/3514 6420/8/3516 6419/8/3515
f 6419/8/3515 6420/8/3516 6422/8/3518 6421/8/3517
f 6421/8/3517 6422/8/3518 6424/8/3520 6423/8/3519
f 6423/8/3519 6424/8/3520 6426/8/3522 6425/8/3521
f 6425/8/3521 6426/8/3522 6428/8/3524 6427/8/3523
f 6427/8/3523 6428/8/3524 6430/8/3526 6429/8/3525
f 6429/8/3525 6430/8/3526 6432/8/3528 6431/8/3527
f 6431/8/3527 6432/8/3528 6434/8/3530 6433/8/3529
f 6433/8/3529 6434/8/3530 6436/8/3532 6435/8/3531
f 6435/8/3531 6436/8/3532 6438/8/3534 6437/8/3533
f 6437/8/3533 6438/8/3534 6440/8/3536 6439/8/3535
f 6439/8/3535 6440/8/3536 6442/8/3538 6441/8/3537
f 6441/8/3537 6442/8/3538 6444/8/3540 6443/8/3539
f 6443/8/3539 6444/8/3540 6446/8/3542 6445/8/3541
f 6445/8/3541 6446/8/3542 6448/8/3544 6447/8/3543
f 6414/8/3510 6412/8/3508 6450/8/3546 6448/8/3544 6446/8/3542 6444/8/3540 6442/8/3538 6440/8/3536 6438/8/3534 6436/8/3532 6434/8/3530 6432/8/3528 6430/8/3526 6428/8/3524 6426/8/3522 6424/8/3520 6422/8/3518 6420/8/3516 6418/8/3514 6416/8/3512
f 6447/8/3543 6448/8/3544 6450/8/3546 6449/8/3545
f 6449/8/3545 6450/8/3546 6412/8/3508 6411/8/3507
f 6411/8/3507 6413/8/3509 6415/8/3511 6417/8/3513 6419/8/3515 6421/8/3517 6423/8/3519 6425/8/3521 6427/8/3523 6429/8/3525 6431/8/3527 6433/8/3529 6435/8/3531 6437/8/3533 6439/8/3535 6441/8/3537 6443/8/3539 6445/8/3541 6447/8/3543 6449/8/3545
f 6451/8/482 6457/8/3352 6458/8/3353 6452/8/3348
f 6452/8/3348 6458/8/3353 6459/8/3354 6453/8/3349
f 6453/8/3349 6459/8/3354 6460/8/3355 6454/8/491
f 6454/8/491 6460/8/3355 6461/8/3356 6455/8/3350
f 6455/8/3350 6461/8/3356 6462/8/3357 6456/8/3548
f 6456/8/3548 6462/8/3357 6457/8/3352 6451/8/482
f 6457/8/3352 6463/8/3358 6464/8/3565 6458/8/3353
f 6458/8/3353 6464/8/3565 6465/8/3360 6459/8/3354
f 6459/8/3354 6465/8/3360 6466/8/3361 6460/8/3355
f 6460/8/3355 6466/8/3361 6467/8/3362 6461/8/3356
f 6461/8/3356 6467/8/3362 6468/8/3549 6462/8/3357
f 6462/8/3357 6468/8/3549 6463/8/3358 6457/8/3352
f 6463/8/3358 6469/8/3364 6470/8/3365 6464/8/3565
f 6464/8/3565 6470/8/3365 6471/8/3366 6465/8/3360
f 6465/8/3360 6471/8/3366 6472/8/3367 6466/8/3361
f 6466/8/3361 6472/8/3367 6473/8/3368 6467/8/3362
f 6467/8/3362 6473/8/3368 6474/8/3369 6468/8/3549
f 6468/8/3549 6474/8/3369 6469/8/3364 6463/8/3358
f 6469/8/3364 6475/8/3370 6476/8/3371 6470/8/3365
f 6470/8/3365 6476/8/3371 6477/8/3372 6471/8/3366
f 6471/8/3366 6477/8/3372 6478/8/3373 6472/8/3367
f 6472/8/3367 6478/8/3373 6479/8/3374 6473/8/3368
f 6473/8/3368 6479/8/3374 6480/8/3375 6474/8/3369
f 6474/8/3369 6480/8/3375 6475/8/3370 6469/8/3364
f 6475/8/3370 6481/8/3376 6482/8/3377 6476/8/3371
f 6476/8/3371 6482/8/3377 6483/8/3378 6477/8/3372
f 6477/8/3372 6483/8/3378 6484/8/3379 6478/8/3373
f 6478/8/3373 6484/8/3379 6485/8/3380 6479/8/3374
f 6479/8/3374 6485/8/3380 6486/8/3381 6480/8/3375
f 6480/8/3375 6486/8/3381 6481/8/3376 6475/8/3370
f 6481/8/3376 6487/8/206 6488/8/3550 6482/8/3377
f 6482/8/3377 6488/8/3550 6489/8/3383 6483/8/3378
f 6483/8/3378 6489/8/3383 6490/8/405 6484/8/3379
f 6484/8/3379 6490/8/405 6491/8/3384 6485/8/3380
f 6485/8/3380 6491/8/3384 6492/8/3551 6486/8/3381
f 6486/8/3381 6492/8/3551 6487/8/206 6481/8/3376
f 6487/8/206 6493/8/3386 6494/8/3387 6488/8/3550
f 6488/8/3550 6494/8/3387 6495/8/3388 6489/8/3383
f 6489/8/3383 6495/8/3388 6496/8/3389 6490/8/405
f 6490/8/405 6496/8/3389 6497/8/3390 6491/8/3384
f 6491/8/3384 6497/8/3390 6498/8/3391 6492/8/3551
f 6492/8/3551 6498/8/3391 6493/8/3386 6487/8/206
f 6493/8/3386 6499/8/3392 6500/8/3552 6494/8/3387
f 6494/8/3387 6500/8/3552 6501/8/3394 6495/8/3388
f 6495/8/3388 6501/8/3394 6502/8/3395 6496/8/3389
f 6496/8/3389 6502/8/3395 6503/8/3396 6497/8/3390
f 6497/8/3390 6503/8/3396 6504/8/3553 6498/8/3391
f 6498/8/3391 6504/8/3553 6499/8/3392 6493/8/3386
f 6499/8/3392 6505/8/3398 6506/8/3399 6500/8/3552
f 6500/8/3552 6506/8/3399 6507/8/3400 6501/8/3394
f 6501/8/3394 6507/8/3400 6508/8/3401 6502/8/3395
f 6502/8/3395 6508/8/3401 6509/8/3402 6503/8/3396
f 6503/8/3396 6509/8/3402 6510/8/3403 6504/8/3553
f 6504/8/3553 6510/8/3403 6505/8/3398 6499/8/3392
f 6505/8/3398 6511/8/3404 6512/8/3405 6506/8/3399
f 6506/8/3399 6512/8/3405 6513/8/3406 6507/8/3400
f 6507/8/3400 6513/8/3406 6514/8/3407 6508/8/3401
f 6508/8/3401 6514/8/3407 6515/8/3408 6509/8/3402
f 6509/8/3402 6515/8/3408 6516/8/3555 6510/8/3403
f 6510/8/3403 6516/8/3555 6511/8/3404 6505/8/3398
f 6511/8/3404 6517/8/3410 6518/8/3411 6512/8/3405
f 6512/8/3405 6518/8/3411 6519/8/3412 6513/8/3406
f 6513/8/3406 6519/8/3412 6520/8/3413 6514/8/3407
f 6514/8/3407 6520/8/3413 6521/8/3414 6515/8/3408
f 6515/8/3408 6521/8/3414 6522/8/3415 6516/8/3555
f 6516/8/3555 6522/8/3415 6517/8/3410 6511/8/3404
f 6517/8/3410 6523/8/491 6524/8/3566 6518/8/3411
f 6518/8/3411 6524/8/3566 6525/8/3417 6519/8/3412
f 6519/8/3412 6525/8/3417 6526/8/482 6520/8/3413
f 6520/8/3413 6526/8/482 6527/8/3418 6521/8/3414
f 6521/8/3414 6527/8/3418 6528/8/3567 6522/8/3415
f 6522/8/3415 6528/8/3567 6523/8/491 6517/8/3410
f 6523/8/491 6529/8/3355 6530/8/3420 6524/8/3566
f 6524/8/3566 6530/8/3420 6531/8/3421 6525/8/3417
f 6525/8/3417 6531/8/3421 6532/8/3352 6526/8/482
f 6526/8/482 6532/8/3352 6533/8/3422 6527/8/3418
f 6527/8/3418 6533/8/3422 6534/8/3423 6528/8/3567
f 6528/8/3567 6534/8/3423 6529/8/3355 6523/8/491
f 6529/8/3355 6535/8/3361 6536/8/3556 6530/8/3420
f 6530/8/3420 6536/8/3556 6537/8/3425 6531/8/3421
f 6531/8/3421 6537/8/3425 6538/8/3358 6532/8/3352
f 6532/8/3352 6538/8/3358 6539/8/3426 6533/8/3422
f 6533/8/3422 6539/8/3426 6540/8/3557 6534/8/3423
f 6534/8/3423 6540/8/3557 6535/8/3361 6529/8/3355
f 6535/8/3361 6541/8/3367 6542/8/3428 6536/8/3556
f 6536/8/3556 6542/8/3428 6543/8/3429 6537/8/3425
f 6537/8/3425 6543/8/3429 6544/8/3364 6538/8/3358
f 6538/8/3358 6544/8/3364 6545/8/3430 6539/8/3426
f 6539/8/3426 6545/8/3430 6546/8/3431 6540/8/3557
f 6540/8/3557 6546/8/3431 6541/8/3367 6535/8/3361
f 6541/8/3367 6547/8/3373 6548/8/3558 6542/8/3428
f 6542/8/3428 6548/8/3558 6549/8/3433 6543/8/3429
f 6543/8/3429 6549/8/3433 6550/8/3370 6544/8/3364
f 6544/8/3364 6550/8/3370 6551/8/3434 6545/8/3430
f 6545/8/3430 6551/8/3434 6552/8/3559 6546/8/3431
f 6546/8/3431 6552/8/3559 6547/8/3373 6541/8/3367
f 6547/8/3373 6553/8/3379 6554/8/3436 6548/8/3558
f 6548/8/3558 6554/8/3436 6555/8/3437 6549/8/3433
f 6549/8/3433 6555/8/3437 6556/8/3376 6550/8/3370
f 6550/8/3370 6556/8/3376 6557/8/3438 6551/8/3434
f 6551/8/3434 6557/8/3438 6558/8/3439 6552/8/3559
f 6552/8/3559 6558/8/3439 6553/8/3379 6547/8/3373
f 6553/8/3379 6559/8/405 6560/8/3465 6554/8/3436
f 6554/8/3436 6560/8/3465 6561/8/3441 6555/8/3437
f 6555/8/3437 6561/8/3441 6562/8/206 6556/8/3376
f 6556/8/3376 6562/8/206 6563/8/3442 6557/8/3438
f 6557/8/3438 6563/8/3442 6564/8/3560 6558/8/3439
f 6558/8/3439 6564/8/3560 6559/8/405 6553/8/3379
f 6559/8/405 6565/8/3389 6566/8/3444 6560/8/3465
f 6560/8/3465 6566/8/3444 6567/8/3445 6561/8/3441
f 6561/8/3441 6567/8/3445 6568/8/3386 6562/8/206
f 6562/8/206 6568/8/3386 6569/8/3446 6563/8/3442
f 6563/8/3442 6569/8/3446 6570/8/3447 6564/8/3560
f 6564/8/3560 6570/8/3447 6565/8/3389 6559/8/405
f 6565/8/3389 6571/8/3395 6572/8/3561 6566/8/3444
f 6566/8/3444 6572/8/3561 6573/8/3449 6567/8/3445
f 6567/8/3445 6573/8/3449 6574/8/3392 6568/8/3386
f 6568/8/3386 6574/8/3392 6575/8/3450 6569/8/3446
f 6569/8/3446 6575/8/3450 6576/8/3466 6570/8/3447
f 6570/8/3447 6576/8/3466 6571/8/3395 6565/8/3389
f 6571/8/3395 6577/8/3401 6578/8/3452 6572/8/3561
f 6572/8/3561 6578/8/3452 6579/8/3453 6573/8/3449
f 6573/8/3449 6579/8/3453 6580/8/3398 6574/8/3392
f 6574/8/3392 6580/8/3398 6581/8/3454 6575/8/3450
f 6575/8/3450 6581/8/3454 6582/8/3455 6576/8/3466
f 6576/8/3466 6582/8/3455 6577/8/3401 6571/8/3395
f 6577/8/3401 6583/8/3407 6584/8/3562 6578/8/3452
f 6578/8/3452 6584/8/3562 6585/8/3457 6579/8/3453
f 6579/8/3453 6585/8/3457 6586/8/3404 6580/8/3398
f 6580/8/3398 6586/8/3404 6587/8/3458 6581/8/3454
f 6581/8/3454 6587/8/3458 6588/8/3459 6582/8/3455
f 6582/8/3455 6588/8/3459 6583/8/3407 6577/8/3401
f 6583/8/3407 6589/8/3413 6590/8/3460 6584/8/3562
f 6584/8/3562 6590/8/3460 6591/8/3461 6585/8/3457
f 6585/8/3457 6591/8/3461 6592/8/3410 6586/8/3404
f 6586/8/3404 6592/8/3410 6593/8/3462 6587/8/3458
f 6587/8/3458 6593/8/3462 6594/8/3463 6588/8/3459
f 6588/8/3459 6594/8/3463 6589/8/3413 6583/8/3407
f 6589/8/3413 6451/8/482 6452/8/3348 6590/8/3460
f 6590/8/3460 6452/8/3348 6453/8/3349 6591/8/3461
f 6591/8/3461 6453/8/3349 6454/8/491 6592/8/3410
f 6592/8/3410 6454/8/491 6455/8/3350 6593/8/3462
f 6593/8/3462 6455/8/3350 6456/8/3548 6594/8/3463
f 6594/8/3463 6456/8/3548 6451/8/482 6589/8/3413
f 6595/5/3568 6596/5/3569 6597/5/3570
f 6598/5/3571 6599/5/3572 6600/5/3573
f 6601/5/3574 6602/5/3575 6603/5/3576
f 6604/5/3577 6605/5/3578 6606/5/3579
f 6607/5/3580 6608/5/3581 6609/5/3582
f 6610/5/3583 6611/5/3584 6612/5/3585
f 6613/5/3586 6614/5/3587 6615/5/3588
f 6616/5/3589 6617/5/3590 6618/5/3591
f 6601/5/3574 6595/5/3568 6597/5/3570 6602/5/3575
f 6596/5/3569 6598/5/3571 6600/5/3573 6597/5/3570
f 6599/5/3572 6604/5/3577 6606/5/3579 6600/5/3573
f 6605/5/3578 6603/5/3576 6602/5/3575 6606/5/3579
f 6613/5/3586 6601/5/3574 6603/5/3576 6614/5/3587
f 6604/5/3577 6616/5/3589 6618/5/3591 6605/5/3578
f 6617/5/3590 6615/5/3588 6614/5/3587 6618/5/3591
f 6607/5/3580 6613/5/3586 6615/5/3588 6608/5/3581
f 6616/5/3589 6610/5/3583 6612/5/3585 6617/5/3590
f 6611/5/3584 6609/5/3582 6608/5/3581 6612/5/3585
f 6595/5/3568 6607/5/3580 6609/5/3582 6596/5/3569
f 6610/5/3583 6599/5/3572 6598/5/3571 6611/5/3584
f 6601/5/3574 6613/5/3586 6607/5/3580 6595/5/3568
f 6597/5/3570 6600/5/3573 6606/5/3579 6602/5/3575
f 6609/5/3582 6611/5/3584 6598/5/3571 6596/5/3569
f 6616/5/3589 6604/5/3577 6599/5/3572 6610/5/3583
f 6603/5/3576 6605/5/3578 6618/5/3591 6614/5/3587
f 6615/5/3588 6617/5/3590 6612/5/3585 6608/5/3581
f 6619/4/3592 6620/4/3593 6622/4/3595 6621/4/3594
f 6621/4/3594 6622/4/3595 6626/4/3599 6625/4/3598
f 6625/4/3598 6626/4/3599 6624/4/3597 6623/4/3596
f 6623/4/3596 6624/4/3597 6620/4/3593 6619/4/3592
f 6621/4/3594 6625/4/3598 6623/4/3596 6619/4/3592
f 6626/4/3599 6622/4/3595 6620/4/3593 6624/4/3597
f 6627/1/3600 6628/1/3601 6629/1/3602
f 6630/1/3603 6631/1/3604 6632/1/3605
f 6633/1/3606 6634/1/3607 6635/1/3608
f 6636/1/3609 6637/1/3610 6638/1/3611
f 6639/1/3612 6640/1/3613 6641/1/3614
f 6642/1/3615 6643/1/3616 6644/1/3617
f 6645/1/3618 6646/1/3619 6647/1/3620
f 6648/1/3621 6649/1/3622 6650/1/3623
f 6633/1/3606 6627/1/3600 6629/1/3602 6634/1/3607
f 6628/1/3601 6630/1/3603 6632/1/3605 6629/1/3602
f 6631/1/3604 6636/1/3609 6638/1/3611 6632/1/3605
f 6637/1/3610 6635/1/3608 6634/1/3607 6638/1/3611
f 6645/1/3618 6633/1/3606 6635/1/3608 6646/1/3619
f 6636/1/3609 6648/1/3621 6650/1/3623 6637/1/3610
f 6649/1/3622 6647/1/3620 6646/1/3619 6650/1/3623
f 6639/1/3612 6645/1/3618 6647/1/3620 6640/1/3613
f 6648/1/3621 6642/1/3615 6644/1/3617 6649/1/3622
f 6643/1/3616 6641/1/3614 6640/1/3613 6644/1/3617
f 6627/1/3600 6639/1/3612 6641/1/3614 6628/1/3601
f 6642/1/3615 6631/1/3604 6630/1/3603 6643/1/3616
f 6633/1/3606 6645/1/3618 6639/1/3612 6627/1/3600
f 6629/1/3602 6632/1/3605 6638/1/3611 6634/1/3607
f 6641/1/3614 6643/1/3616 6630/1/3603 6628/1/3601
f 6648/1/3621 6636/1/3609 6631/1/3604 6642/1/3615
f 6635/1/3608 6637/1/3610 6650/1/3623 6646/1/3619
f 6647/1/3620 6649/1/3622 6644/1/3617 6640/1/3613
f 6651/4/3624 6652/4/3625 6654/4/3627 6653/4/3626
f 6653/4/3626 6654/4/3627 6658/4/3631 6657/4/3630
f 6657/4/3630 6658/4/3631 6656/4/3629 6655/4/3628
f 6655/4/3628 6656/4/3629 6652/4/3625 6651/4/3624
f 6653/4/3626 6657/4/3630 6655/4/3628 6651/4/3624
f 6658/4/3631 6654/4/3627 6652/4/3625 6656/4/3629
f 6659/5/3632 6660/5/3633 6661/5/3634
f 6662/5/3635 6663/5/3636 6664/5/3637
f 6665/5/3638 6666/5/3639 6667/5/3640
f 6668/5/3641 6669/5/3642 6670/5/3643
f 6671/5/3644 6672/5/3645 6673/5/3646
f 6674/5/3647 6675/5/3648 6676/5/3649
f 6677/5/3650 6678/5/3651 6679/5/3652
f 6680/5/3653 6681/5/3654 6682/5/3655
f 6665/5/3638 6659/5/3632 6661/5/3634 6666/5/3639
f 6660/5/3633 6662/5/3635 6664/5/3637 6661/5/3634
f 6663/5/3636 6668/5/3641 6670/5/3643 6664/5/3637
f 6669/5/3642 6667/5/3640 6666/5/3639 6670/5/3643
f 6677/5/3650 6665/5/3638 6667/5/3640 6678/5/3651
f 6668/5/3641 6680/5/3653 6682/5/3655 6669/5/3642
f 6681/5/3654 6679/5/3652 6678/5/3651 6682/5/3655
f 6671/5/3644 6677/5/3650 6679/5/3652 6672/5/3645
f 6680/5/3653 6674/5/3647 6676/5/3649 6681/5/3654
f 6675/5/3648 6673/5/3646 6672/5/3645 6676/5/3649
f 6659/5/3632 6671/5/3644 6673/5/3646 6660/5/3633
f 6674/5/3647 6663/5/3636 6662/5/3635 6675/5/3648
f 6665/5/3638 6677/5/3650 6671/5/3644 6659/5/3632
f 6661/5/3634 6664/5/3637 6670/5/3643 6666/5/3639
f 6673/5/3646 6675/5/3648 6662/5/3635 6660/5/3633
f 6680/5/3653 6668/5/3641 6663/5/3636 6674/5/3647
f 6667/5/3640 6669/5/3642 6682/5/3655 6678/5/3651
f 6679/5/3652 6681/5/3654 6676/5/3649 6672/5/3645
f 6683/4/3656 6684/4/3657 6686/4/3659 6685/4/3658
f 6685/4/3658 6686/4/3659 6690/4/3663 6689/4/3662
f 6689/4/3662 6690/4/3663 6688/4/3661 6687/4/3660
f 6687/4/3660 6688/4/3661 6684/4/3657 6683/4/3656
f 6685/4/3658 6689/4/3662 6687/4/3660 6683/4/3656
f 6690/4/3663 6686/4/3659 6684/4/3657 6688/4/3661
f 6691/1/3664 6692/1/3665 6693/1/3666
f 6694/1/3667 6695/1/3668 6696/1/3669
f 6697/1/3670 6698/1/3671 6699/1/3672
f 6700/1/3673 6701/1/3674 6702/1/3675
f 6703/1/3676 6704/1/3677 6705/1/3678
f 6706/1/3679 6707/1/3680 6708/1/3681
f 6709/1/3682 6710/1/3683 6711/1/3684
f 6712/1/3685 6713/1/3686 6714/1/3687
f 6697/1/3670 6691/1/3664 6693/1/3666 6698/1/3671
f 6692/1/3665 6694/1/3667 6696/1/3669 6693/1/3666
f 6695/1/3668 6700/1/3673 6702/1/3675 6696/1/3669
f 6701/1/3674 6699/1/3672 6698/1/3671 6702/1/3675
f 6709/1/3682 6697/1/3670 6699/1/3672 6710/1/3683
f 6700/1/3673 6712/1/3685 6714/1/3687 6701/1/3674
f 6713/1/3686 6711/1/3684 6710/1/3683 6714/1/3687
f 6703/1/3676 6709/1/3682 6711/1/3684 6704/1/3677
f 6712/1/3685 6706/1/3679 6708/1/3681 6713/1/3686
f 6707/1/3680 6705/1/3678 6704/1/3677 6708/1/3681
f 6691/1/3664 6703/1/3676 6705/1/3678 6692/1/3665
f 6706/1/3679 6695/1/3668 6694/1/3667 6707/1/3680
f 6697/1/3670 6709/1/3682 6703/1/3676 6691/1/3664
f 6693/1/3666 6696/1/3669 6702/1/3675 6698/1/3671
f 6705/1/3678 6707/1/3680 6694/1/3667 6692/1/3665
f 6712/1/3685 6700/1/3673 6695/1/3668 6706/1/3679
f 6699/1/3672 6701/1/3674 6714/1/3687 6710/1/3683
f 6711/1/3684 6713/1/3686 6708/1/3681 6704/1/3677
f 6715/4/3688 6716/4/3689 6718/4/3691 6717/4/3690
f 6717/4/3690 6718/4/3691 6722/4/3695 6721/4/3694
f 6721/4/3694 6722/4/3695 6720/4/3693 6719/4/3692
f 6719/4/3692 6720/4/3693 6716/4/3689 6715/4/3688
f 6717/4/3690 6721/4/3694 6719/4/3692 6715/4/3688
f 6722/4/3695 6718/4/3691 6716/4/3689 6720/4/3693
f 6723/1/3696 6724/1/3697 6725/1/3698
f 6726/1/3699 6727/1/3700 6728/1/3701
f 6729/1/3702 6730/1/3703 6731/1/3704
f 6732/1/3705 6733/1/3706 6734/1/3707
f 6735/1/3708 6736/1/3709 6737/1/3710
f 6738/1/3711 6739/1/3712 6740/1/3713
f 6741/1/3714 6742/1/3715 6743/1/3716
f 6744/1/3717 6745/1/3718 6746/1/3719
f 6729/1/3702 6723/1/3696 6725/1/3698 6730/1/3703
f 6724/1/3697 6726/1/3699 6728/1/3701 6725/1/3698
f 6727/1/3700 6732/1/3705 6734/1/3707 6728/1/3701
f 6733/1/3706 6731/1/3704 6730/1/3703 6734/1/3707
f 6741/1/3714 6729/1/3702 6731/1/3704 6742/1/3715
f 6732/1/3705 6744/1/3717 6746/1/3719 6733/1/3706
f 6745/1/3718 6743/1/3716 6742/1/3715 6746/1/3719
f 6735/1/3708 6741/1/3714 6743/1/3716 6736/1/3709
f 6744/1/3717 6738/1/3711 6740/1/3713 6745/1/3718
f 6739/1/3712 6737/1/3710 6736/1/3709 6740/1/3713
f 6723/1/3696 6735/1/3708 6737/1/3710 6724/1/3697
f 6738/1/3711 6727/1/3700 6726/1/3699 6739/1/3712
f 6729/1/3702 6741/1/3714 6735/1/3708 6723/1/3696
f 6725/1/3698 6728/1/3701 6734/1/3707 6730/1/3703
f 6737/1/3710 6739/1/3712 6726/1/3699 6724/1/3697
f 6744/1/3717 6732/1/3705 6727/1/3700 6738/1/3711
f 6731/1/3704 6733/1/3706 6746/1/3719 6742/1/3715
f 6743/1/3716 6745/1/3718 6740/1/3713 6736/1/3709
f 6747/4/3720 6748/4/3721 6750/4/3723 6749/4/3722
f 6749/4/3722 6750/4/3723 6754/4/3727 6753/4/3726
f 6753/4/3726 6754/4/3727 6752/4/3725 6751/4/3724
f 6751/4/3724 6752/4/3725 6748/4/3721 6747/4/3720
f 6749/4/3722 6753/4/3726 6751/4/3724 6747/4/3720
f 6754/4/3727 6750/4/3723 6748/4/3721 6752/4/3725
f 6755/7/3720 6756/7/3721 6758/7/3723 6757/7/3722
f 6757/7/3722 6758/7/3723 6762/7/3727 6761/7/3726
f 6761/7/3726 6762/7/3727 6760/7/3725 6759/7/3724
f 6759/7/3724 6760/7/3725 6756/7/3721 6755/7/3720
f 6757/7/3722 6761/7/3726 6759/7/3724 6755/7/3720
f 6762/7/3727 6758/7/3723 6756/7/3721 6760/7/3725
f 6763/7/3720 6764/7/3721 6766/7/3723 6765/7/3722
f 6765/7/3722 6766/7/3723 6770/7/3727 6769/7/3726
f 6769/7/3726 6770/7/3727 6768/7/3725 6767/7/3724
f 6767/7/3724 6768/7/3725 6764/7/3721 6763/7/3720
f 6765/7/3722 6769/7/3726 6767/7/3724 6763/7/3720
f 6770/7/3727 6766/7/3723 6764/7/3721 6768/7/3725
f 6771/7/3728 6772/7/3729 6774/7/3731 6773/7/3730
f 6773/7/3730 6774/7/3731 6778/7/3735 6777/7/3734
f 6777/7/3734 6778/7/3735 6776/7/3733 6775/7/3732
f 6775/7/3732 6776/7/3733 6772/7/3729 6771/7/3728
f 6773/7/3730 6777/7/3734 6775/7/3732 6771/7/3728
f 6778/7/3735 6774/7/3731 6772/7/3729 6776/7/3733
f 6779/7/3720 6780/7/3721 6782/7/3731 6781/7/3730
f 6781/7/3730 6782/7/3731 6786/7/3735 6785/7/3734
f 6785/7/3734 6786/7/3735 6784/7/3725 6783/7/3724
f 6783/7/3724 6784/7/3725 6780/7/3721 6779/7/3720
f 6781/7/3730 6785/7/3734 6783/7/3724 6779/7/3720
f 6786/7/3735 6782/7/3731 6780/7/3721 6784/7/3725
f 6787/3/3736 6788/3/3737 6789/3/3738
f 6790/3/3739 6791/3/3740 6792/3/3741
f 6793/3/3742 6794/3/3743 6795/3/3744
f 6796/3/3745 6797/3/3746 6798/3/3747
f 6799/3/3748 6800/3/3749 6801/3/3750
f 6802/3/3751 6803/3/3752 6804/3/3753
f 6805/3/3754 6806/3/3755 6807/3/3756
f 6808/3/3757 6809/3/3758 6810/3/3759
f 6793/3/3742 6787/3/3736 6789/3/3738 6794/3/3743
f 6788/3/3737 6790/3/3739 6792/3/3741 6789/3/3738
f 6791/3/3740 6796/3/3745 6798/3/3747 6792/3/3741
f 6797/3/3746 6795/3/3744 6794/3/3743 6798/3/3747
f 6805/3/3754 6793/3/3742 6795/3/3744 6806/3/3755
f 6796/3/3745 6808/3/3757 6810/3/3759 6797/3/3746
f 6809/3/3758 6807/3/3756 6806/3/3755 6810/3/3759
f 6799/3/3748 6805/3/3754 6807/3/3756 6800/3/3749
f 6808/3/3757 6802/3/3751 6804/3/3753 6809/3/3758
f 6803/3/3752 6801/3/3750 6800/3/3749 6804/3/3753
f 6787/3/3736 6799/3/3748 6801/3/3750 6788/3/3737
f 6802/3/3751 6791/3/3740 6790/3/3739 6803/3/3752
f 6793/3/3742 6805/3/3754 6799/3/3748 6787/3/3736
f 6789/3/3738 6792/3/3741 6798/3/3747 6794/3/3743
f 6801/3/3750 6803/3/3752 6790/3/3739 6788/3/3737
f 6808/3/3757 6796/3/3745 6791/3/3740 6802/3/3751
f 6795/3/3744 6797/3/3746 6810/3/3759 6806/3/3755
f 6807/3/3756 6809/3/3758 6804/3/3753 6800/3/3749
